
                                        
  The "--sleep" option does not exist.  
                                        


                                        
  The "--sleep" option does not exist.  
                                        


                                        
  The "--sleep" option does not exist.  
                                        


                                        
  The "--sleep" option does not exist.  
                                        


                                        
  The "--sleep" option does not exist.  
                                        


                                        
  The "--sleep" option does not exist.  
                                        


                                        
  The "--sleep" option does not exist.  
                                        


                                        
  The "--sleep" option does not exist.  
                                        


                                        
  The "--sleep" option does not exist.  
                                        


                                        
  The "--sleep" option does not exist.  
                                        


                                        
  The "--sleep" option does not exist.  
                                        


                                        
  The "--sleep" option does not exist.  
                                        


                                        
  The "--sleep" option does not exist.  
                                        


                                        
  The "--sleep" option does not exist.  
                                        


                                        
  The "--sleep" option does not exist.  
                                        


                                        
  The "--sleep" option does not exist.  
                                        


                                        
  The "--sleep" option does not exist.  
                                        


                                        
  The "--sleep" option does not exist.  
                                        


                                        
  The "--sleep" option does not exist.  
                                        


                                        
  The "--sleep" option does not exist.  
                                        


                                        
  The "--sleep" option does not exist.  
                                        


                                        
  The "--sleep" option does not exist.  
                                        


                                        
  The "--sleep" option does not exist.  
                                        


                                        
  The "--sleep" option does not exist.  
                                        


                                        
  The "--sleep" option does not exist.  
                                        


                                        
  The "--sleep" option does not exist.  
                                        


                                        
  The "--sleep" option does not exist.  
                                        


                                        
  The "--sleep" option does not exist.  
                                        


                                        
  The "--sleep" option does not exist.  
                                        


                                        
  The "--sleep" option does not exist.  
                                        


                                        
  The "--sleep" option does not exist.  
                                        

Starting the WebSocket server on port 6001...
New connection opened for app key de912209133f9ce68433.
Connection id 9373040.23182477 sending message {"event":"pusher:connection_established","data":"{\"socket_id\":\"9373040.23182477\",\"activity_timeout\":30}"}
New connection opened for app key de912209133f9ce68433.
Connection id 457822949.970705697 sending message {"event":"pusher:connection_established","data":"{\"socket_id\":\"457822949.970705697\",\"activity_timeout\":30}"}
885454: connection id 9373040.23182477 received message: {"event":"pusher:subscribe","data":{"auth":"de912209133f9ce68433:4300783818f94f638c169bfa8a4d9d5b4197e4203059a3c56303a243f5ebdde4","channel":"private-websockets-dashboard-disconnection"}}.
Connection id 9373040.23182477 sending message {"event":"pusher_internal:subscription_succeeded","channel":"private-websockets-dashboard-disconnection"}
885454: connection id 9373040.23182477 received message: {"event":"pusher:subscribe","data":{"auth":"de912209133f9ce68433:7d78bd84157721c1cd2b8016e5620b9d3b1f2df5c9b3c4fe5d07accf957df6cd","channel":"private-websockets-dashboard-vacated"}}.
Connection id 9373040.23182477 sending message {"event":"pusher_internal:subscription_succeeded","channel":"private-websockets-dashboard-vacated"}
885454: connection id 9373040.23182477 received message: {"event":"pusher:subscribe","data":{"auth":"de912209133f9ce68433:1ff4c7d8a8125cb71b26025d851ccbf354d583a81f5fa1d3c2f760d92f31181a","channel":"private-websockets-dashboard-connection"}}.
Connection id 9373040.23182477 sending message {"event":"pusher_internal:subscription_succeeded","channel":"private-websockets-dashboard-connection"}
885454: connection id 9373040.23182477 received message: {"event":"pusher:subscribe","data":{"auth":"de912209133f9ce68433:5d2884c2c91c1e9c7c15ac344c7511aba1bd4e0473a3fdbc8e2cbc2c7e20622e","channel":"private-websockets-dashboard-occupied"}}.
Connection id 9373040.23182477 sending message {"event":"log-message","channel":"private-websockets-dashboard-occupied","data":{"type":"occupied","time":"20:18:28","details":"Channel: private-websockets-dashboard-occupied"}}
Connection id 9373040.23182477 sending message {"event":"pusher_internal:subscription_succeeded","channel":"private-websockets-dashboard-occupied"}
885454: connection id 9373040.23182477 received message: {"event":"pusher:subscribe","data":{"auth":"de912209133f9ce68433:8a7cece77848db056436aae5c6617d3d006dda8ccbd061a161f5579d643a3b9b","channel":"private-websockets-dashboard-subscribed"}}.
Connection id 9373040.23182477 sending message {"event":"log-message","channel":"private-websockets-dashboard-occupied","data":{"type":"occupied","time":"20:18:28","details":"Channel: private-websockets-dashboard-subscribed"}}
Connection id 9373040.23182477 sending message {"event":"log-message","channel":"private-websockets-dashboard-subscribed","data":{"type":"subscribed","time":"20:18:28","socketId":"9373040.23182477","details":"Channel: private-websockets-dashboard-subscribed"}}
Connection id 9373040.23182477 sending message {"event":"pusher_internal:subscription_succeeded","channel":"private-websockets-dashboard-subscribed"}
885454: connection id 9373040.23182477 received message: {"event":"pusher:subscribe","data":{"auth":"de912209133f9ce68433:02de601a06c6d4fb98142fcd8c31d281669f8e9ac0861785e18f4f6793f30845","channel":"private-websockets-dashboard-api-message"}}.
Connection id 9373040.23182477 sending message {"event":"log-message","channel":"private-websockets-dashboard-occupied","data":{"type":"occupied","time":"20:18:28","details":"Channel: private-websockets-dashboard-api-message"}}
Connection id 9373040.23182477 sending message {"event":"log-message","channel":"private-websockets-dashboard-subscribed","data":{"type":"subscribed","time":"20:18:28","socketId":"9373040.23182477","details":"Channel: private-websockets-dashboard-api-message"}}
Connection id 9373040.23182477 sending message {"event":"pusher_internal:subscription_succeeded","channel":"private-websockets-dashboard-api-message"}
885454: connection id 9373040.23182477 received message: {"event":"pusher:subscribe","data":{"auth":"de912209133f9ce68433:dcd9ea58967b3dc6afe6132be382d94638fc94c38f7039a4df7b39cfc674f577","channel":"private-websockets-dashboard-client-message"}}.
Connection id 9373040.23182477 sending message {"event":"log-message","channel":"private-websockets-dashboard-occupied","data":{"type":"occupied","time":"20:18:28","details":"Channel: private-websockets-dashboard-client-message"}}
Connection id 9373040.23182477 sending message {"event":"log-message","channel":"private-websockets-dashboard-subscribed","data":{"type":"subscribed","time":"20:18:28","socketId":"9373040.23182477","details":"Channel: private-websockets-dashboard-client-message"}}
Connection id 9373040.23182477 sending message {"event":"pusher_internal:subscription_succeeded","channel":"private-websockets-dashboard-client-message"}
885454: connection id 9373040.23182477 received message: {"event":"pusher:subscribe","data":{"auth":"de912209133f9ce68433:a0dfc7cc17e73a58de8ca8d12d8588a14c44424412a9ce3328e623dd358bdaba","channel":"private-websockets-dashboard-statistics"}}.
Connection id 9373040.23182477 sending message {"event":"log-message","channel":"private-websockets-dashboard-occupied","data":{"type":"occupied","time":"20:18:28","details":"Channel: private-websockets-dashboard-statistics"}}
Connection id 9373040.23182477 sending message {"event":"log-message","channel":"private-websockets-dashboard-subscribed","data":{"type":"subscribed","time":"20:18:28","socketId":"9373040.23182477","details":"Channel: private-websockets-dashboard-statistics"}}
Connection id 9373040.23182477 sending message {"event":"pusher_internal:subscription_succeeded","channel":"private-websockets-dashboard-statistics"}
885454: connection id 457822949.970705697 received message: {"event":"pusher:subscribe","data":{"auth":"de912209133f9ce68433:5ec6f81985582ad49d218354b3de6232e43428d6c5a795f2fc18ea76dd832849","channel":"private-websockets-dashboard-disconnection"}}.
Connection id 9373040.23182477 sending message {"event":"log-message","channel":"private-websockets-dashboard-subscribed","data":{"type":"subscribed","time":"20:18:28","socketId":"457822949.970705697","details":"Channel: private-websockets-dashboard-disconnection"}}
Connection id 457822949.970705697 sending message {"event":"pusher_internal:subscription_succeeded","channel":"private-websockets-dashboard-disconnection"}
885454: connection id 457822949.970705697 received message: {"event":"pusher:subscribe","data":{"auth":"de912209133f9ce68433:1fe022f6b3c7c9e7599fcc44135f3def137b0d5676a7360fa4557606f25243b4","channel":"private-websockets-dashboard-connection"}}.
Connection id 9373040.23182477 sending message {"event":"log-message","channel":"private-websockets-dashboard-subscribed","data":{"type":"subscribed","time":"20:18:28","socketId":"457822949.970705697","details":"Channel: private-websockets-dashboard-connection"}}
Connection id 457822949.970705697 sending message {"event":"pusher_internal:subscription_succeeded","channel":"private-websockets-dashboard-connection"}
885454: connection id 457822949.970705697 received message: {"event":"pusher:subscribe","data":{"auth":"de912209133f9ce68433:ae55b01be88aa27558913804352c1a7e47372a78c47035ea7244168985fe8ab6","channel":"private-websockets-dashboard-vacated"}}.
Connection id 9373040.23182477 sending message {"event":"log-message","channel":"private-websockets-dashboard-subscribed","data":{"type":"subscribed","time":"20:18:28","socketId":"457822949.970705697","details":"Channel: private-websockets-dashboard-vacated"}}
Connection id 457822949.970705697 sending message {"event":"pusher_internal:subscription_succeeded","channel":"private-websockets-dashboard-vacated"}
885454: connection id 457822949.970705697 received message: {"event":"pusher:subscribe","data":{"auth":"de912209133f9ce68433:b3f3d7c7e3e17c80650b2233e71979382e688118e1c0c190139fb3694c25aa00","channel":"private-websockets-dashboard-occupied"}}.
Connection id 9373040.23182477 sending message {"event":"log-message","channel":"private-websockets-dashboard-subscribed","data":{"type":"subscribed","time":"20:18:28","socketId":"457822949.970705697","details":"Channel: private-websockets-dashboard-occupied"}}
Connection id 457822949.970705697 sending message {"event":"pusher_internal:subscription_succeeded","channel":"private-websockets-dashboard-occupied"}
885454: connection id 457822949.970705697 received message: {"event":"pusher:subscribe","data":{"auth":"de912209133f9ce68433:7c9c014870998e5f46420681571b7fed16105c26af76b9b7f74e043df802bec7","channel":"private-websockets-dashboard-client-message"}}.
Connection id 9373040.23182477 sending message {"event":"log-message","channel":"private-websockets-dashboard-subscribed","data":{"type":"subscribed","time":"20:18:28","socketId":"457822949.970705697","details":"Channel: private-websockets-dashboard-client-message"}}
Connection id 457822949.970705697 sending message {"event":"pusher_internal:subscription_succeeded","channel":"private-websockets-dashboard-client-message"}
885454: connection id 457822949.970705697 received message: {"event":"pusher:subscribe","data":{"auth":"de912209133f9ce68433:37dd951add11a0b364bde6bbd9e7874e8bbf170fcc15ec0f82443fdf1ae8faa1","channel":"private-websockets-dashboard-subscribed"}}.
Connection id 9373040.23182477 sending message {"event":"log-message","channel":"private-websockets-dashboard-subscribed","data":{"type":"subscribed","time":"20:18:28","socketId":"457822949.970705697","details":"Channel: private-websockets-dashboard-subscribed"}}
Connection id 457822949.970705697 sending message {"event":"log-message","channel":"private-websockets-dashboard-subscribed","data":{"type":"subscribed","time":"20:18:28","socketId":"457822949.970705697","details":"Channel: private-websockets-dashboard-subscribed"}}
Connection id 457822949.970705697 sending message {"event":"pusher_internal:subscription_succeeded","channel":"private-websockets-dashboard-subscribed"}
885454: connection id 457822949.970705697 received message: {"event":"pusher:subscribe","data":{"auth":"de912209133f9ce68433:abb43d4c38d95e5834dc010aeed3e12bdaeb536729129af5d690bd7d43f7c985","channel":"private-websockets-dashboard-statistics"}}.
Connection id 9373040.23182477 sending message {"event":"log-message","channel":"private-websockets-dashboard-subscribed","data":{"type":"subscribed","time":"20:18:28","socketId":"457822949.970705697","details":"Channel: private-websockets-dashboard-statistics"}}
Connection id 457822949.970705697 sending message {"event":"log-message","channel":"private-websockets-dashboard-subscribed","data":{"type":"subscribed","time":"20:18:28","socketId":"457822949.970705697","details":"Channel: private-websockets-dashboard-statistics"}}
Connection id 457822949.970705697 sending message {"event":"pusher_internal:subscription_succeeded","channel":"private-websockets-dashboard-statistics"}
885454: connection id 457822949.970705697 received message: {"event":"pusher:subscribe","data":{"auth":"de912209133f9ce68433:79c37308f7c56308fe5ce3a3ccf0accfa8c8991d08a46d8f47476e27ad3b4333","channel":"private-websockets-dashboard-api-message"}}.
Connection id 9373040.23182477 sending message {"event":"log-message","channel":"private-websockets-dashboard-subscribed","data":{"type":"subscribed","time":"20:18:28","socketId":"457822949.970705697","details":"Channel: private-websockets-dashboard-api-message"}}
Connection id 457822949.970705697 sending message {"event":"log-message","channel":"private-websockets-dashboard-subscribed","data":{"type":"subscribed","time":"20:18:28","socketId":"457822949.970705697","details":"Channel: private-websockets-dashboard-api-message"}}
Connection id 457822949.970705697 sending message {"event":"pusher_internal:subscription_succeeded","channel":"private-websockets-dashboard-api-message"}
885454: connection id 9373040.23182477 received message: {"event":"pusher:ping","data":{}}.
Connection id 9373040.23182477 sending message {"event":"pusher:pong"}
885454: connection id 457822949.970705697 received message: {"event":"pusher:ping","data":{}}.
Connection id 457822949.970705697 sending message {"event":"pusher:pong"}
885454: connection id 9373040.23182477 received message: {"event":"pusher:ping","data":{}}.
Connection id 9373040.23182477 sending message {"event":"pusher:pong"}
885454: connection id 457822949.970705697 received message: {"event":"pusher:ping","data":{}}.
Connection id 457822949.970705697 sending message {"event":"pusher:pong"}
885454: connection id 9373040.23182477 received message: {"event":"pusher:ping","data":{}}.
Connection id 9373040.23182477 sending message {"event":"pusher:pong"}
885454: connection id 457822949.970705697 received message: {"event":"pusher:ping","data":{}}.
Connection id 457822949.970705697 sending message {"event":"pusher:pong"}
885454: connection id 9373040.23182477 received message: {"event":"pusher:ping","data":{}}.
Connection id 9373040.23182477 sending message {"event":"pusher:pong"}
885454: connection id 457822949.970705697 received message: {"event":"pusher:ping","data":{}}.
Connection id 457822949.970705697 sending message {"event":"pusher:pong"}
885454: connection id 9373040.23182477 received message: {"event":"pusher:ping","data":{}}.
Connection id 9373040.23182477 sending message {"event":"pusher:pong"}
885454: connection id 457822949.970705697 received message: {"event":"pusher:ping","data":{}}.
Connection id 457822949.970705697 sending message {"event":"pusher:pong"}
885454: connection id 9373040.23182477 received message: {"event":"pusher:ping","data":{}}.
Connection id 9373040.23182477 sending message {"event":"pusher:pong"}
885454: connection id 457822949.970705697 received message: {"event":"pusher:ping","data":{}}.
Connection id 457822949.970705697 sending message {"event":"pusher:pong"}
885454: connection id 9373040.23182477 received message: {"event":"pusher:ping","data":{}}.
Connection id 9373040.23182477 sending message {"event":"pusher:pong"}
885454: connection id 457822949.970705697 received message: {"event":"pusher:ping","data":{}}.
Connection id 457822949.970705697 sending message {"event":"pusher:pong"}
885454: connection id 457822949.970705697 received message: {"event":"pusher:ping","data":{}}.
Connection id 457822949.970705697 sending message {"event":"pusher:pong"}
885454: connection id 9373040.23182477 received message: {"event":"pusher:ping","data":{}}.
Connection id 9373040.23182477 sending message {"event":"pusher:pong"}
885454: connection id 457822949.970705697 received message: {"event":"pusher:ping","data":{}}.
Connection id 457822949.970705697 sending message {"event":"pusher:pong"}
885454: connection id 9373040.23182477 received message: {"event":"pusher:ping","data":{}}.
Connection id 9373040.23182477 sending message {"event":"pusher:pong"}
885454: connection id 457822949.970705697 received message: {"event":"pusher:ping","data":{}}.
Connection id 457822949.970705697 sending message {"event":"pusher:pong"}
885454: connection id 9373040.23182477 received message: {"event":"pusher:ping","data":{}}.
Connection id 9373040.23182477 sending message {"event":"pusher:pong"}
885454: connection id 457822949.970705697 received message: {"event":"pusher:ping","data":{}}.
Connection id 457822949.970705697 sending message {"event":"pusher:pong"}
885454: connection id 9373040.23182477 received message: {"event":"pusher:ping","data":{}}.
Connection id 9373040.23182477 sending message {"event":"pusher:pong"}
Connection id 9373040.23182477 closed.
Connection id 457822949.970705697 sending message {"event":"log-message","channel":"private-websockets-dashboard-disconnection","data":{"type":"disconnection","time":"20:24:22","socketId":"9373040.23182477"}}
Connection id 457822949.970705697 closed.
Connection id 457822949.970705697 sending message {"event":"log-message","channel":"private-websockets-dashboard-vacated","data":{"type":"vacated","time":"20:24:22","details":"Channel: private-websockets-dashboard-disconnection"}}
New connection opened for app key de912209133f9ce68433.
Connection id 772463404.902637072 sending message {"event":"pusher:connection_established","data":"{\"socket_id\":\"772463404.902637072\",\"activity_timeout\":30}"}
885454: connection id 772463404.902637072 received message: {"event":"pusher:subscribe","data":{"auth":"de912209133f9ce68433:7c4ff4178de456b42bd12033e6a8d97ac788661c9cb1554d5ecb879a2ee07d6f","channel":"private-websockets-dashboard-disconnection"}}.
Connection id 772463404.902637072 sending message {"event":"pusher_internal:subscription_succeeded","channel":"private-websockets-dashboard-disconnection"}
885454: connection id 772463404.902637072 received message: {"event":"pusher:subscribe","data":{"auth":"de912209133f9ce68433:4b5e1e9a9df1cb691210c1de187e4e2b2a2bb9ddc6163038b7b72f3e06fcfc18","channel":"private-websockets-dashboard-connection"}}.
Connection id 772463404.902637072 sending message {"event":"pusher_internal:subscription_succeeded","channel":"private-websockets-dashboard-connection"}
885454: connection id 772463404.902637072 received message: {"event":"pusher:subscribe","data":{"auth":"de912209133f9ce68433:fbc14bab9f7fb11bab3e20ffbeaa9897dc7a3c2e8ce59a93e919aec57d6d90db","channel":"private-websockets-dashboard-occupied"}}.
Connection id 772463404.902637072 sending message {"event":"log-message","channel":"private-websockets-dashboard-occupied","data":{"type":"occupied","time":"20:24:24","details":"Channel: private-websockets-dashboard-occupied"}}
Connection id 772463404.902637072 sending message {"event":"pusher_internal:subscription_succeeded","channel":"private-websockets-dashboard-occupied"}
885454: connection id 772463404.902637072 received message: {"event":"pusher:subscribe","data":{"auth":"de912209133f9ce68433:b4baae9c8d510f0191c2d854b809203e8875cd034378decd3457ec7cf6f58d8b","channel":"private-websockets-dashboard-subscribed"}}.
Connection id 772463404.902637072 sending message {"event":"log-message","channel":"private-websockets-dashboard-occupied","data":{"type":"occupied","time":"20:24:24","details":"Channel: private-websockets-dashboard-subscribed"}}
Connection id 772463404.902637072 sending message {"event":"log-message","channel":"private-websockets-dashboard-subscribed","data":{"type":"subscribed","time":"20:24:24","socketId":"772463404.902637072","details":"Channel: private-websockets-dashboard-subscribed"}}
Connection id 772463404.902637072 sending message {"event":"pusher_internal:subscription_succeeded","channel":"private-websockets-dashboard-subscribed"}
885454: connection id 772463404.902637072 received message: {"event":"pusher:subscribe","data":{"auth":"de912209133f9ce68433:7b59dfa69be4d9cdf62b3be641072f76dd0d04a041e0db3894b2c0cd3fc83a9a","channel":"private-websockets-dashboard-statistics"}}.
Connection id 772463404.902637072 sending message {"event":"log-message","channel":"private-websockets-dashboard-occupied","data":{"type":"occupied","time":"20:24:24","details":"Channel: private-websockets-dashboard-statistics"}}
Connection id 772463404.902637072 sending message {"event":"log-message","channel":"private-websockets-dashboard-subscribed","data":{"type":"subscribed","time":"20:24:24","socketId":"772463404.902637072","details":"Channel: private-websockets-dashboard-statistics"}}
Connection id 772463404.902637072 sending message {"event":"pusher_internal:subscription_succeeded","channel":"private-websockets-dashboard-statistics"}
885454: connection id 772463404.902637072 received message: {"event":"pusher:subscribe","data":{"auth":"de912209133f9ce68433:d2ea57e21b2c561fc637eb0484d428ab407a42d20e7c00962eee64b8d0d7b310","channel":"private-websockets-dashboard-api-message"}}.
Connection id 772463404.902637072 sending message {"event":"log-message","channel":"private-websockets-dashboard-occupied","data":{"type":"occupied","time":"20:24:24","details":"Channel: private-websockets-dashboard-api-message"}}
Connection id 772463404.902637072 sending message {"event":"log-message","channel":"private-websockets-dashboard-subscribed","data":{"type":"subscribed","time":"20:24:24","socketId":"772463404.902637072","details":"Channel: private-websockets-dashboard-api-message"}}
Connection id 772463404.902637072 sending message {"event":"pusher_internal:subscription_succeeded","channel":"private-websockets-dashboard-api-message"}
885454: connection id 772463404.902637072 received message: {"event":"pusher:subscribe","data":{"auth":"de912209133f9ce68433:c4d6dcda2be2edceaa8787534579adf259e123ca669c0f3b702382dd8499d8da","channel":"private-websockets-dashboard-vacated"}}.
Connection id 772463404.902637072 sending message {"event":"log-message","channel":"private-websockets-dashboard-occupied","data":{"type":"occupied","time":"20:24:24","details":"Channel: private-websockets-dashboard-vacated"}}
Connection id 772463404.902637072 sending message {"event":"log-message","channel":"private-websockets-dashboard-subscribed","data":{"type":"subscribed","time":"20:24:24","socketId":"772463404.902637072","details":"Channel: private-websockets-dashboard-vacated"}}
Connection id 772463404.902637072 sending message {"event":"pusher_internal:subscription_succeeded","channel":"private-websockets-dashboard-vacated"}
885454: connection id 772463404.902637072 received message: {"event":"pusher:subscribe","data":{"auth":"de912209133f9ce68433:459e5ef5e595a7b1ff2d4c489489485b9df8f071e7490a0bbc36548938c48876","channel":"private-websockets-dashboard-client-message"}}.
Connection id 772463404.902637072 sending message {"event":"log-message","channel":"private-websockets-dashboard-occupied","data":{"type":"occupied","time":"20:24:25","details":"Channel: private-websockets-dashboard-client-message"}}
Connection id 772463404.902637072 sending message {"event":"log-message","channel":"private-websockets-dashboard-subscribed","data":{"type":"subscribed","time":"20:24:25","socketId":"772463404.902637072","details":"Channel: private-websockets-dashboard-client-message"}}
Connection id 772463404.902637072 sending message {"event":"pusher_internal:subscription_succeeded","channel":"private-websockets-dashboard-client-message"}
885454: connection id 772463404.902637072 received message: {"event":"pusher:ping","data":{}}.
Connection id 772463404.902637072 sending message {"event":"pusher:pong"}
885454: connection id 772463404.902637072 received message: {"event":"pusher:ping","data":{}}.
Connection id 772463404.902637072 sending message {"event":"pusher:pong"}
885454: connection id 772463404.902637072 received message: {"event":"pusher:ping","data":{}}.
Connection id 772463404.902637072 sending message {"event":"pusher:pong"}
885454: connection id 772463404.902637072 received message: {"event":"pusher:ping","data":{}}.
Connection id 772463404.902637072 sending message {"event":"pusher:pong"}
885454: connection id 772463404.902637072 received message: {"event":"pusher:ping","data":{}}.
Connection id 772463404.902637072 sending message {"event":"pusher:pong"}
885454: connection id 772463404.902637072 received message: {"event":"pusher:ping","data":{}}.
Connection id 772463404.902637072 sending message {"event":"pusher:pong"}
885454: connection id 772463404.902637072 received message: {"event":"pusher:ping","data":{}}.
Connection id 772463404.902637072 sending message {"event":"pusher:pong"}
885454: connection id 772463404.902637072 received message: {"event":"pusher:ping","data":{}}.
Connection id 772463404.902637072 sending message {"event":"pusher:pong"}
Connection id 772463404.902637072 closed.
Connection id 772463404.902637072 sending message {"event":"log-message","channel":"private-websockets-dashboard-vacated","data":{"type":"vacated","time":"20:28:36","details":"Channel: private-websockets-dashboard-disconnection"}}
Connection id 772463404.902637072 sending message {"event":"log-message","channel":"private-websockets-dashboard-vacated","data":{"type":"vacated","time":"20:28:36","details":"Channel: private-websockets-dashboard-connection"}}
Connection id 772463404.902637072 sending message {"event":"log-message","channel":"private-websockets-dashboard-vacated","data":{"type":"vacated","time":"20:28:36","details":"Channel: private-websockets-dashboard-occupied"}}
Connection id 772463404.902637072 sending message {"event":"log-message","channel":"private-websockets-dashboard-vacated","data":{"type":"vacated","time":"20:28:36","details":"Channel: private-websockets-dashboard-subscribed"}}
Connection id 772463404.902637072 sending message {"event":"log-message","channel":"private-websockets-dashboard-vacated","data":{"type":"vacated","time":"20:28:36","details":"Channel: private-websockets-dashboard-statistics"}}
Connection id 772463404.902637072 sending message {"event":"log-message","channel":"private-websockets-dashboard-vacated","data":{"type":"vacated","time":"20:28:36","details":"Channel: private-websockets-dashboard-api-message"}}
New connection opened for app key de912209133f9ce68433.
Connection id 784566500.773055142 sending message {"event":"pusher:connection_established","data":"{\"socket_id\":\"784566500.773055142\",\"activity_timeout\":30}"}
885454: connection id 784566500.773055142 received message: {"event":"pusher:subscribe","data":{"auth":"de912209133f9ce68433:e3a0921870917cf705df41cd91e83601dc20265e9046bf61164250fbac6d423d","channel":"private-websockets-dashboard-disconnection"}}.
Connection id 784566500.773055142 sending message {"event":"pusher_internal:subscription_succeeded","channel":"private-websockets-dashboard-disconnection"}
885454: connection id 784566500.773055142 received message: {"event":"pusher:subscribe","data":{"auth":"de912209133f9ce68433:9263b5cd4ef2ed12c349e750ea0334650c614f41763540ed477ce6e560d754d3","channel":"private-websockets-dashboard-connection"}}.
Connection id 784566500.773055142 sending message {"event":"pusher_internal:subscription_succeeded","channel":"private-websockets-dashboard-connection"}
885454: connection id 784566500.773055142 received message: {"event":"pusher:subscribe","data":{"auth":"de912209133f9ce68433:39b2cfa03806f56d8462559fcc30ed558f57a57dc572651cb5de6cba11cef4bf","channel":"private-websockets-dashboard-vacated"}}.
Connection id 784566500.773055142 sending message {"event":"pusher_internal:subscription_succeeded","channel":"private-websockets-dashboard-vacated"}
885454: connection id 784566500.773055142 received message: {"event":"pusher:subscribe","data":{"auth":"de912209133f9ce68433:881e65c0c830734deeecf65291caee02bdbc421952b1dfa5e8cc58459a8ed677","channel":"private-websockets-dashboard-subscribed"}}.
Connection id 784566500.773055142 sending message {"event":"log-message","channel":"private-websockets-dashboard-subscribed","data":{"type":"subscribed","time":"20:28:38","socketId":"784566500.773055142","details":"Channel: private-websockets-dashboard-subscribed"}}
Connection id 784566500.773055142 sending message {"event":"pusher_internal:subscription_succeeded","channel":"private-websockets-dashboard-subscribed"}
885454: connection id 784566500.773055142 received message: {"event":"pusher:subscribe","data":{"auth":"de912209133f9ce68433:f5dda37ddaee8a8e48931e161acf552931abe21c0fb29b122f4901a6c2ac8dd1","channel":"private-websockets-dashboard-occupied"}}.
Connection id 784566500.773055142 sending message {"event":"log-message","channel":"private-websockets-dashboard-occupied","data":{"type":"occupied","time":"20:28:38","details":"Channel: private-websockets-dashboard-occupied"}}
Connection id 784566500.773055142 sending message {"event":"log-message","channel":"private-websockets-dashboard-subscribed","data":{"type":"subscribed","time":"20:28:38","socketId":"784566500.773055142","details":"Channel: private-websockets-dashboard-occupied"}}
Connection id 784566500.773055142 sending message {"event":"pusher_internal:subscription_succeeded","channel":"private-websockets-dashboard-occupied"}
885454: connection id 784566500.773055142 received message: {"event":"pusher:subscribe","data":{"auth":"de912209133f9ce68433:f76e2fcfe951c526113b5f6506af1ef270b2847507ea0c841a3690fcc23c9592","channel":"private-websockets-dashboard-api-message"}}.
Connection id 784566500.773055142 sending message {"event":"log-message","channel":"private-websockets-dashboard-occupied","data":{"type":"occupied","time":"20:28:38","details":"Channel: private-websockets-dashboard-api-message"}}
Connection id 784566500.773055142 sending message {"event":"log-message","channel":"private-websockets-dashboard-subscribed","data":{"type":"subscribed","time":"20:28:38","socketId":"784566500.773055142","details":"Channel: private-websockets-dashboard-api-message"}}
Connection id 784566500.773055142 sending message {"event":"pusher_internal:subscription_succeeded","channel":"private-websockets-dashboard-api-message"}
885454: connection id 784566500.773055142 received message: {"event":"pusher:subscribe","data":{"auth":"de912209133f9ce68433:f6034b394c393abe78db60f868ef0c5399b358c4b293841ba6f47569c0a07f51","channel":"private-websockets-dashboard-statistics"}}.
Connection id 784566500.773055142 sending message {"event":"log-message","channel":"private-websockets-dashboard-occupied","data":{"type":"occupied","time":"20:28:38","details":"Channel: private-websockets-dashboard-statistics"}}
Connection id 784566500.773055142 sending message {"event":"log-message","channel":"private-websockets-dashboard-subscribed","data":{"type":"subscribed","time":"20:28:38","socketId":"784566500.773055142","details":"Channel: private-websockets-dashboard-statistics"}}
Connection id 784566500.773055142 sending message {"event":"pusher_internal:subscription_succeeded","channel":"private-websockets-dashboard-statistics"}
885454: connection id 784566500.773055142 received message: {"event":"pusher:subscribe","data":{"auth":"de912209133f9ce68433:a70827c5000a9ad5d7d146b9f3437b34820f3e6400427af559d5674623eeb19e","channel":"private-websockets-dashboard-client-message"}}.
Connection id 784566500.773055142 sending message {"event":"log-message","channel":"private-websockets-dashboard-occupied","data":{"type":"occupied","time":"20:28:38","details":"Channel: private-websockets-dashboard-client-message"}}
Connection id 784566500.773055142 sending message {"event":"log-message","channel":"private-websockets-dashboard-subscribed","data":{"type":"subscribed","time":"20:28:38","socketId":"784566500.773055142","details":"Channel: private-websockets-dashboard-client-message"}}
Connection id 784566500.773055142 sending message {"event":"pusher_internal:subscription_succeeded","channel":"private-websockets-dashboard-client-message"}
885454: connection id 784566500.773055142 received message: {"event":"pusher:ping","data":{}}.
Connection id 784566500.773055142 sending message {"event":"pusher:pong"}
885454: connection id 784566500.773055142 received message: {"event":"pusher:ping","data":{}}.
Connection id 784566500.773055142 sending message {"event":"pusher:pong"}
885454: connection id 784566500.773055142 received message: {"event":"pusher:ping","data":{}}.
Connection id 784566500.773055142 sending message {"event":"pusher:pong"}
885454: connection id 784566500.773055142 received message: {"event":"pusher:ping","data":{}}.
Connection id 784566500.773055142 sending message {"event":"pusher:pong"}
885454: connection id 784566500.773055142 received message: {"event":"pusher:ping","data":{}}.
Connection id 784566500.773055142 sending message {"event":"pusher:pong"}
885454: connection id 784566500.773055142 received message: {"event":"pusher:ping","data":{}}.
Connection id 784566500.773055142 sending message {"event":"pusher:pong"}
885454: connection id 784566500.773055142 received message: {"event":"pusher:ping","data":{}}.
Connection id 784566500.773055142 sending message {"event":"pusher:pong"}
885454: connection id 784566500.773055142 received message: {"event":"pusher:ping","data":{}}.
Connection id 784566500.773055142 sending message {"event":"pusher:pong"}
885454: connection id 784566500.773055142 received message: {"event":"pusher:ping","data":{}}.
Connection id 784566500.773055142 sending message {"event":"pusher:pong"}
885454: connection id 784566500.773055142 received message: {"event":"pusher:ping","data":{}}.
Connection id 784566500.773055142 sending message {"event":"pusher:pong"}
885454: connection id 784566500.773055142 received message: {"event":"pusher:ping","data":{}}.
Connection id 784566500.773055142 sending message {"event":"pusher:pong"}
885454: connection id 784566500.773055142 received message: {"event":"pusher:ping","data":{}}.
Connection id 784566500.773055142 sending message {"event":"pusher:pong"}
885454: connection id 784566500.773055142 received message: {"event":"pusher:ping","data":{}}.
Connection id 784566500.773055142 sending message {"event":"pusher:pong"}
885454: connection id 784566500.773055142 received message: {"event":"pusher:ping","data":{}}.
Connection id 784566500.773055142 sending message {"event":"pusher:pong"}
885454: connection id 784566500.773055142 received message: {"event":"pusher:ping","data":{}}.
Connection id 784566500.773055142 sending message {"event":"pusher:pong"}
885454: connection id 784566500.773055142 received message: {"event":"pusher:ping","data":{}}.
Connection id 784566500.773055142 sending message {"event":"pusher:pong"}
885454: connection id 784566500.773055142 received message: {"event":"pusher:ping","data":{}}.
Connection id 784566500.773055142 sending message {"event":"pusher:pong"}
885454: connection id 784566500.773055142 received message: {"event":"pusher:ping","data":{}}.
Connection id 784566500.773055142 sending message {"event":"pusher:pong"}
885454: connection id 784566500.773055142 received message: {"event":"pusher:ping","data":{}}.
Connection id 784566500.773055142 sending message {"event":"pusher:pong"}
885454: connection id 784566500.773055142 received message: {"event":"pusher:ping","data":{}}.
Connection id 784566500.773055142 sending message {"event":"pusher:pong"}
885454: connection id 784566500.773055142 received message: {"event":"pusher:ping","data":{}}.
Connection id 784566500.773055142 sending message {"event":"pusher:pong"}
885454: connection id 784566500.773055142 received message: {"event":"pusher:ping","data":{}}.
Connection id 784566500.773055142 sending message {"event":"pusher:pong"}
885454: connection id 784566500.773055142 received message: {"event":"pusher:ping","data":{}}.
Connection id 784566500.773055142 sending message {"event":"pusher:pong"}
885454: connection id 784566500.773055142 received message: {"event":"pusher:ping","data":{}}.
Connection id 784566500.773055142 sending message {"event":"pusher:pong"}
885454: connection id 784566500.773055142 received message: {"event":"pusher:ping","data":{}}.
Connection id 784566500.773055142 sending message {"event":"pusher:pong"}
885454: connection id 784566500.773055142 received message: {"event":"pusher:ping","data":{}}.
Connection id 784566500.773055142 sending message {"event":"pusher:pong"}
885454: connection id 784566500.773055142 received message: {"event":"pusher:ping","data":{}}.
Connection id 784566500.773055142 sending message {"event":"pusher:pong"}
885454: connection id 784566500.773055142 received message: {"event":"pusher:ping","data":{}}.
Connection id 784566500.773055142 sending message {"event":"pusher:pong"}
885454: connection id 784566500.773055142 received message: {"event":"pusher:ping","data":{}}.
Connection id 784566500.773055142 sending message {"event":"pusher:pong"}
885454: connection id 784566500.773055142 received message: {"event":"pusher:ping","data":{}}.
Connection id 784566500.773055142 sending message {"event":"pusher:pong"}
885454: connection id 784566500.773055142 received message: {"event":"pusher:ping","data":{}}.
Connection id 784566500.773055142 sending message {"event":"pusher:pong"}
885454: connection id 784566500.773055142 received message: {"event":"pusher:ping","data":{}}.
Connection id 784566500.773055142 sending message {"event":"pusher:pong"}
885454: connection id 784566500.773055142 received message: {"event":"pusher:ping","data":{}}.
Connection id 784566500.773055142 sending message {"event":"pusher:pong"}
885454: connection id 784566500.773055142 received message: {"event":"pusher:ping","data":{}}.
Connection id 784566500.773055142 sending message {"event":"pusher:pong"}
885454: connection id 784566500.773055142 received message: {"event":"pusher:ping","data":{}}.
Connection id 784566500.773055142 sending message {"event":"pusher:pong"}
885454: connection id 784566500.773055142 received message: {"event":"pusher:ping","data":{}}.
Connection id 784566500.773055142 sending message {"event":"pusher:pong"}
885454: connection id 784566500.773055142 received message: {"event":"pusher:ping","data":{}}.
Connection id 784566500.773055142 sending message {"event":"pusher:pong"}
885454: connection id 784566500.773055142 received message: {"event":"pusher:ping","data":{}}.
Connection id 784566500.773055142 sending message {"event":"pusher:pong"}
885454: connection id 784566500.773055142 received message: {"event":"pusher:ping","data":{}}.
Connection id 784566500.773055142 sending message {"event":"pusher:pong"}
885454: connection id 784566500.773055142 received message: {"event":"pusher:ping","data":{}}.
Connection id 784566500.773055142 sending message {"event":"pusher:pong"}
885454: connection id 784566500.773055142 received message: {"event":"pusher:ping","data":{}}.
Connection id 784566500.773055142 sending message {"event":"pusher:pong"}
885454: connection id 784566500.773055142 received message: {"event":"pusher:ping","data":{}}.
Connection id 784566500.773055142 sending message {"event":"pusher:pong"}
885454: connection id 784566500.773055142 received message: {"event":"pusher:ping","data":{}}.
Connection id 784566500.773055142 sending message {"event":"pusher:pong"}
885454: connection id 784566500.773055142 received message: {"event":"pusher:ping","data":{}}.
Connection id 784566500.773055142 sending message {"event":"pusher:pong"}
885454: connection id 784566500.773055142 received message: {"event":"pusher:ping","data":{}}.
Connection id 784566500.773055142 sending message {"event":"pusher:pong"}
885454: connection id 784566500.773055142 received message: {"event":"pusher:ping","data":{}}.
Connection id 784566500.773055142 sending message {"event":"pusher:pong"}
885454: connection id 784566500.773055142 received message: {"event":"pusher:ping","data":{}}.
Connection id 784566500.773055142 sending message {"event":"pusher:pong"}
885454: connection id 784566500.773055142 received message: {"event":"pusher:ping","data":{}}.
Connection id 784566500.773055142 sending message {"event":"pusher:pong"}
885454: connection id 784566500.773055142 received message: {"event":"pusher:ping","data":{}}.
Connection id 784566500.773055142 sending message {"event":"pusher:pong"}
885454: connection id 784566500.773055142 received message: {"event":"pusher:ping","data":{}}.
Connection id 784566500.773055142 sending message {"event":"pusher:pong"}
885454: connection id 784566500.773055142 received message: {"event":"pusher:ping","data":{}}.
Connection id 784566500.773055142 sending message {"event":"pusher:pong"}
885454: connection id 784566500.773055142 received message: {"event":"pusher:ping","data":{}}.
Connection id 784566500.773055142 sending message {"event":"pusher:pong"}
885454: connection id 784566500.773055142 received message: {"event":"pusher:ping","data":{}}.
Connection id 784566500.773055142 sending message {"event":"pusher:pong"}
885454: connection id 784566500.773055142 received message: {"event":"pusher:ping","data":{}}.
Connection id 784566500.773055142 sending message {"event":"pusher:pong"}
885454: connection id 784566500.773055142 received message: {"event":"pusher:ping","data":{}}.
Connection id 784566500.773055142 sending message {"event":"pusher:pong"}
885454: connection id 784566500.773055142 received message: {"event":"pusher:ping","data":{}}.
Connection id 784566500.773055142 sending message {"event":"pusher:pong"}
885454: connection id 784566500.773055142 received message: {"event":"pusher:ping","data":{}}.
Connection id 784566500.773055142 sending message {"event":"pusher:pong"}
885454: connection id 784566500.773055142 received message: {"event":"pusher:ping","data":{}}.
Connection id 784566500.773055142 sending message {"event":"pusher:pong"}
885454: connection id 784566500.773055142 received message: {"event":"pusher:ping","data":{}}.
Connection id 784566500.773055142 sending message {"event":"pusher:pong"}
885454: connection id 784566500.773055142 received message: {"event":"pusher:ping","data":{}}.
Connection id 784566500.773055142 sending message {"event":"pusher:pong"}
885454: connection id 784566500.773055142 received message: {"event":"pusher:ping","data":{}}.
Connection id 784566500.773055142 sending message {"event":"pusher:pong"}
New connection opened for app key de912209133f9ce68433.
Connection id 735669589.271629516 sending message {"event":"pusher:connection_established","data":"{\"socket_id\":\"735669589.271629516\",\"activity_timeout\":30}"}
Connection id 784566500.773055142 sending message {"event":"log-message","channel":"private-websockets-dashboard-connection","data":{"type":"connection","time":"21:00:14","details":"Origin: http:\/\/www.hot-soumek.tn","socketId":"735669589.271629516"}}
885454: connection id 735669589.271629516 received message: {"event":"pusher:ping","data":{}}.
Connection id 735669589.271629516 sending message {"event":"pusher:pong"}
885454: connection id 784566500.773055142 received message: {"event":"pusher:ping","data":{}}.
Connection id 784566500.773055142 sending message {"event":"pusher:pong"}
Connection id 784566500.773055142 closed.
Connection id 784566500.773055142 sending message {"event":"log-message","channel":"private-websockets-dashboard-vacated","data":{"type":"vacated","time":"21:00:49","details":"Channel: private-websockets-dashboard-disconnection"}}
Connection id 784566500.773055142 sending message {"event":"log-message","channel":"private-websockets-dashboard-vacated","data":{"type":"vacated","time":"21:00:49","details":"Channel: private-websockets-dashboard-connection"}}
885454: connection id 735669589.271629516 received message: {"event":"pusher:ping","data":{}}.
Connection id 735669589.271629516 sending message {"event":"pusher:pong"}
885454: connection id 735669589.271629516 received message: {"event":"pusher:ping","data":{}}.
Connection id 735669589.271629516 sending message {"event":"pusher:pong"}
885454: connection id 735669589.271629516 received message: {"event":"pusher:ping","data":{}}.
Connection id 735669589.271629516 sending message {"event":"pusher:pong"}
885454: connection id 735669589.271629516 received message: {"event":"pusher:ping","data":{}}.
Connection id 735669589.271629516 sending message {"event":"pusher:pong"}
885454: connection id 735669589.271629516 received message: {"event":"pusher:ping","data":{}}.
Connection id 735669589.271629516 sending message {"event":"pusher:pong"}
New connection opened for app key de912209133f9ce68433.
Connection id 549862476.184986723 sending message {"event":"pusher:connection_established","data":"{\"socket_id\":\"549862476.184986723\",\"activity_timeout\":30}"}
885454: connection id 549862476.184986723 received message: {"event":"pusher:subscribe","data":{"auth":"de912209133f9ce68433:ebe8574b12b51a2d6434996554d0c5319056e6f57bd665e6a9dd7d094c6fd879","channel":"private-websockets-dashboard-disconnection"}}.
Connection id 549862476.184986723 sending message {"event":"pusher_internal:subscription_succeeded","channel":"private-websockets-dashboard-disconnection"}
885454: connection id 549862476.184986723 received message: {"event":"pusher:subscribe","data":{"auth":"de912209133f9ce68433:fd0ffe8c4e8419bc4275ffc6bdb588369ae4e7e2459dbf6ef875a61bec895812","channel":"private-websockets-dashboard-connection"}}.
Connection id 549862476.184986723 sending message {"event":"pusher_internal:subscription_succeeded","channel":"private-websockets-dashboard-connection"}
885454: connection id 549862476.184986723 received message: {"event":"pusher:subscribe","data":{"auth":"de912209133f9ce68433:fa1865d6c6f0e3d8e00ff1cb4f6e7f3b2475f3fa7a15099d9fb9ecb594e7dab9","channel":"private-websockets-dashboard-vacated"}}.
Connection id 549862476.184986723 sending message {"event":"pusher_internal:subscription_succeeded","channel":"private-websockets-dashboard-vacated"}
885454: connection id 549862476.184986723 received message: {"event":"pusher:subscribe","data":{"auth":"de912209133f9ce68433:698e27a72a1414fafc87cafcf3b0c0971381c50a846e08cfeff10b58a519c15d","channel":"private-websockets-dashboard-occupied"}}.
Connection id 549862476.184986723 sending message {"event":"log-message","channel":"private-websockets-dashboard-occupied","data":{"type":"occupied","time":"21:03:17","details":"Channel: private-websockets-dashboard-occupied"}}
Connection id 549862476.184986723 sending message {"event":"pusher_internal:subscription_succeeded","channel":"private-websockets-dashboard-occupied"}
885454: connection id 549862476.184986723 received message: {"event":"pusher:subscribe","data":{"auth":"de912209133f9ce68433:9cd4a98f7addd0de40a13d74b2fc10a85877c4787127eaa0409ac4836eec839d","channel":"private-websockets-dashboard-api-message"}}.
Connection id 549862476.184986723 sending message {"event":"log-message","channel":"private-websockets-dashboard-occupied","data":{"type":"occupied","time":"21:03:17","details":"Channel: private-websockets-dashboard-api-message"}}
Connection id 549862476.184986723 sending message {"event":"pusher_internal:subscription_succeeded","channel":"private-websockets-dashboard-api-message"}
885454: connection id 549862476.184986723 received message: {"event":"pusher:subscribe","data":{"auth":"de912209133f9ce68433:de0417029272995c01a9f5b31d1bdc5ae79dd6d16bd7c61d6df8804a68964025","channel":"private-websockets-dashboard-statistics"}}.
Connection id 549862476.184986723 sending message {"event":"log-message","channel":"private-websockets-dashboard-occupied","data":{"type":"occupied","time":"21:03:17","details":"Channel: private-websockets-dashboard-statistics"}}
Connection id 549862476.184986723 sending message {"event":"pusher_internal:subscription_succeeded","channel":"private-websockets-dashboard-statistics"}
885454: connection id 549862476.184986723 received message: {"event":"pusher:subscribe","data":{"auth":"de912209133f9ce68433:e61f1931dec09d6fbf9ac86ff9c8761ee194cbe784196ac8f97570b358d3e2b9","channel":"private-websockets-dashboard-subscribed"}}.
Connection id 549862476.184986723 sending message {"event":"log-message","channel":"private-websockets-dashboard-occupied","data":{"type":"occupied","time":"21:03:17","details":"Channel: private-websockets-dashboard-subscribed"}}
Connection id 549862476.184986723 sending message {"event":"log-message","channel":"private-websockets-dashboard-subscribed","data":{"type":"subscribed","time":"21:03:17","socketId":"549862476.184986723","details":"Channel: private-websockets-dashboard-subscribed"}}
Connection id 549862476.184986723 sending message {"event":"pusher_internal:subscription_succeeded","channel":"private-websockets-dashboard-subscribed"}
885454: connection id 549862476.184986723 received message: {"event":"pusher:subscribe","data":{"auth":"de912209133f9ce68433:1f31792e4ead06e504a89d9fae5683ea77ab0b27e7ca875dd784f6d7f57d3a11","channel":"private-websockets-dashboard-client-message"}}.
Connection id 549862476.184986723 sending message {"event":"log-message","channel":"private-websockets-dashboard-occupied","data":{"type":"occupied","time":"21:03:18","details":"Channel: private-websockets-dashboard-client-message"}}
Connection id 549862476.184986723 sending message {"event":"log-message","channel":"private-websockets-dashboard-subscribed","data":{"type":"subscribed","time":"21:03:18","socketId":"549862476.184986723","details":"Channel: private-websockets-dashboard-client-message"}}
Connection id 549862476.184986723 sending message {"event":"pusher_internal:subscription_succeeded","channel":"private-websockets-dashboard-client-message"}
Connection id 735669589.271629516 closed.
Connection id 549862476.184986723 sending message {"event":"log-message","channel":"private-websockets-dashboard-disconnection","data":{"type":"disconnection","time":"21:03:39","socketId":"735669589.271629516"}}
885454: connection id 549862476.184986723 received message: {"event":"pusher:ping","data":{}}.
Connection id 549862476.184986723 sending message {"event":"pusher:pong"}
New connection opened for app key de912209133f9ce68433.
Connection id 790430819.65068337 sending message {"event":"pusher:connection_established","data":"{\"socket_id\":\"790430819.65068337\",\"activity_timeout\":30}"}
Connection id 549862476.184986723 sending message {"event":"log-message","channel":"private-websockets-dashboard-connection","data":{"type":"connection","time":"21:04:39","details":"Origin: http:\/\/www.hot-soumek.tn","socketId":"790430819.65068337"}}
885454: connection id 790430819.65068337 received message: {"event":"pusher:subscribe","data":{"auth":"de912209133f9ce68433:8b834f42e17d6447d6f732e64f2961dd7e94cd06e2ef39c6c0114bd014e45690","channel":"private-websockets-dashboard-disconnection"}}.
Connection id 549862476.184986723 sending message {"event":"log-message","channel":"private-websockets-dashboard-subscribed","data":{"type":"subscribed","time":"21:04:39","socketId":"790430819.65068337","details":"Channel: private-websockets-dashboard-disconnection"}}
Connection id 790430819.65068337 sending message {"event":"pusher_internal:subscription_succeeded","channel":"private-websockets-dashboard-disconnection"}
885454: connection id 790430819.65068337 received message: {"event":"pusher:subscribe","data":{"auth":"de912209133f9ce68433:7afb4ae8c18c56b7579e817295c73e2c57538923545ef528730fa014bea18dde","channel":"private-websockets-dashboard-connection"}}.
Connection id 549862476.184986723 sending message {"event":"log-message","channel":"private-websockets-dashboard-subscribed","data":{"type":"subscribed","time":"21:04:39","socketId":"790430819.65068337","details":"Channel: private-websockets-dashboard-connection"}}
Connection id 790430819.65068337 sending message {"event":"pusher_internal:subscription_succeeded","channel":"private-websockets-dashboard-connection"}
885454: connection id 790430819.65068337 received message: {"event":"pusher:subscribe","data":{"auth":"de912209133f9ce68433:808aacd665a3257c3545d12f3b8166a42882a0e4fc7b46d16f6e3f05a8859439","channel":"private-websockets-dashboard-vacated"}}.
Connection id 549862476.184986723 sending message {"event":"log-message","channel":"private-websockets-dashboard-subscribed","data":{"type":"subscribed","time":"21:04:39","socketId":"790430819.65068337","details":"Channel: private-websockets-dashboard-vacated"}}
Connection id 790430819.65068337 sending message {"event":"pusher_internal:subscription_succeeded","channel":"private-websockets-dashboard-vacated"}
885454: connection id 790430819.65068337 received message: {"event":"pusher:subscribe","data":{"auth":"de912209133f9ce68433:10686eaa72156f853a73ba4da9f1eafca6bec8bf7b1c33e4b8f9bd9e9b1c425a","channel":"private-websockets-dashboard-occupied"}}.
Connection id 549862476.184986723 sending message {"event":"log-message","channel":"private-websockets-dashboard-subscribed","data":{"type":"subscribed","time":"21:04:39","socketId":"790430819.65068337","details":"Channel: private-websockets-dashboard-occupied"}}
Connection id 790430819.65068337 sending message {"event":"pusher_internal:subscription_succeeded","channel":"private-websockets-dashboard-occupied"}
885454: connection id 790430819.65068337 received message: {"event":"pusher:subscribe","data":{"auth":"de912209133f9ce68433:0fc4517adaf1f04df8fe2b769a58ff756fd32c7b6d452c0073ff2c051b797c5e","channel":"private-websockets-dashboard-subscribed"}}.
Connection id 549862476.184986723 sending message {"event":"log-message","channel":"private-websockets-dashboard-subscribed","data":{"type":"subscribed","time":"21:04:39","socketId":"790430819.65068337","details":"Channel: private-websockets-dashboard-subscribed"}}
Connection id 790430819.65068337 sending message {"event":"log-message","channel":"private-websockets-dashboard-subscribed","data":{"type":"subscribed","time":"21:04:39","socketId":"790430819.65068337","details":"Channel: private-websockets-dashboard-subscribed"}}
Connection id 790430819.65068337 sending message {"event":"pusher_internal:subscription_succeeded","channel":"private-websockets-dashboard-subscribed"}
885454: connection id 790430819.65068337 received message: {"event":"pusher:subscribe","data":{"auth":"de912209133f9ce68433:95c3e78fbc310eab444f7de2c1ff795efe5ef900a3056263921fa6c2213aede9","channel":"private-websockets-dashboard-api-message"}}.
Connection id 549862476.184986723 sending message {"event":"log-message","channel":"private-websockets-dashboard-subscribed","data":{"type":"subscribed","time":"21:04:39","socketId":"790430819.65068337","details":"Channel: private-websockets-dashboard-api-message"}}
Connection id 790430819.65068337 sending message {"event":"log-message","channel":"private-websockets-dashboard-subscribed","data":{"type":"subscribed","time":"21:04:39","socketId":"790430819.65068337","details":"Channel: private-websockets-dashboard-api-message"}}
Connection id 790430819.65068337 sending message {"event":"pusher_internal:subscription_succeeded","channel":"private-websockets-dashboard-api-message"}
885454: connection id 790430819.65068337 received message: {"event":"pusher:subscribe","data":{"auth":"de912209133f9ce68433:df7c420c47ae75ea9d530bf40a0bb2225737cd397c0466d9fdd9f7a369bf7895","channel":"private-websockets-dashboard-statistics"}}.
Connection id 549862476.184986723 sending message {"event":"log-message","channel":"private-websockets-dashboard-subscribed","data":{"type":"subscribed","time":"21:04:39","socketId":"790430819.65068337","details":"Channel: private-websockets-dashboard-statistics"}}
Connection id 790430819.65068337 sending message {"event":"log-message","channel":"private-websockets-dashboard-subscribed","data":{"type":"subscribed","time":"21:04:39","socketId":"790430819.65068337","details":"Channel: private-websockets-dashboard-statistics"}}
Connection id 790430819.65068337 sending message {"event":"pusher_internal:subscription_succeeded","channel":"private-websockets-dashboard-statistics"}
885454: connection id 790430819.65068337 received message: {"event":"pusher:subscribe","data":{"auth":"de912209133f9ce68433:d48aa4e1ddcf72d6723958a24a3eb475f0bcc60f25d700a6d3c812001892a954","channel":"private-websockets-dashboard-client-message"}}.
Connection id 549862476.184986723 sending message {"event":"log-message","channel":"private-websockets-dashboard-subscribed","data":{"type":"subscribed","time":"21:04:39","socketId":"790430819.65068337","details":"Channel: private-websockets-dashboard-client-message"}}
Connection id 790430819.65068337 sending message {"event":"log-message","channel":"private-websockets-dashboard-subscribed","data":{"type":"subscribed","time":"21:04:39","socketId":"790430819.65068337","details":"Channel: private-websockets-dashboard-client-message"}}
Connection id 790430819.65068337 sending message {"event":"pusher_internal:subscription_succeeded","channel":"private-websockets-dashboard-client-message"}
885454: connection id 790430819.65068337 received message: {"event":"pusher:ping","data":{}}.
Connection id 790430819.65068337 sending message {"event":"pusher:pong"}
885454: connection id 549862476.184986723 received message: {"event":"pusher:ping","data":{}}.
Connection id 549862476.184986723 sending message {"event":"pusher:pong"}
885454: connection id 790430819.65068337 received message: {"event":"pusher:ping","data":{}}.
Connection id 790430819.65068337 sending message {"event":"pusher:pong"}
885454: connection id 549862476.184986723 received message: {"event":"pusher:ping","data":{}}.
Connection id 549862476.184986723 sending message {"event":"pusher:pong"}
885454: connection id 790430819.65068337 received message: {"event":"pusher:ping","data":{}}.
Connection id 790430819.65068337 sending message {"event":"pusher:pong"}
885454: connection id 549862476.184986723 received message: {"event":"pusher:ping","data":{}}.
Connection id 549862476.184986723 sending message {"event":"pusher:pong"}
885454: connection id 790430819.65068337 received message: {"event":"pusher:ping","data":{}}.
Connection id 790430819.65068337 sending message {"event":"pusher:pong"}
885454: connection id 549862476.184986723 received message: {"event":"pusher:ping","data":{}}.
Connection id 549862476.184986723 sending message {"event":"pusher:pong"}
885454: connection id 790430819.65068337 received message: {"event":"pusher:ping","data":{}}.
Connection id 790430819.65068337 sending message {"event":"pusher:pong"}
885454: connection id 549862476.184986723 received message: {"event":"pusher:ping","data":{}}.
Connection id 549862476.184986723 sending message {"event":"pusher:pong"}
885454: connection id 790430819.65068337 received message: {"event":"pusher:ping","data":{}}.
Connection id 790430819.65068337 sending message {"event":"pusher:pong"}
885454: connection id 549862476.184986723 received message: {"event":"pusher:ping","data":{}}.
Connection id 549862476.184986723 sending message {"event":"pusher:pong"}
885454: connection id 790430819.65068337 received message: {"event":"pusher:ping","data":{}}.
Connection id 790430819.65068337 sending message {"event":"pusher:pong"}
885454: connection id 549862476.184986723 received message: {"event":"pusher:ping","data":{}}.
Connection id 549862476.184986723 sending message {"event":"pusher:pong"}
885454: connection id 790430819.65068337 received message: {"event":"pusher:ping","data":{}}.
Connection id 790430819.65068337 sending message {"event":"pusher:pong"}
885454: connection id 549862476.184986723 received message: {"event":"pusher:ping","data":{}}.
Connection id 549862476.184986723 sending message {"event":"pusher:pong"}
885454: connection id 790430819.65068337 received message: {"event":"pusher:ping","data":{}}.
Connection id 790430819.65068337 sending message {"event":"pusher:pong"}
885454: connection id 549862476.184986723 received message: {"event":"pusher:ping","data":{}}.
Connection id 549862476.184986723 sending message {"event":"pusher:pong"}
885454: connection id 790430819.65068337 received message: {"event":"pusher:ping","data":{}}.
Connection id 790430819.65068337 sending message {"event":"pusher:pong"}
885454: connection id 549862476.184986723 received message: {"event":"pusher:ping","data":{}}.
Connection id 549862476.184986723 sending message {"event":"pusher:pong"}
885454: connection id 790430819.65068337 received message: {"event":"pusher:ping","data":{}}.
Connection id 790430819.65068337 sending message {"event":"pusher:pong"}
885454: connection id 549862476.184986723 received message: {"event":"pusher:ping","data":{}}.
Connection id 549862476.184986723 sending message {"event":"pusher:pong"}
885454: connection id 790430819.65068337 received message: {"event":"pusher:ping","data":{}}.
Connection id 790430819.65068337 sending message {"event":"pusher:pong"}
885454: connection id 549862476.184986723 received message: {"event":"pusher:ping","data":{}}.
Connection id 549862476.184986723 sending message {"event":"pusher:pong"}
885454: connection id 790430819.65068337 received message: {"event":"pusher:ping","data":{}}.
Connection id 790430819.65068337 sending message {"event":"pusher:pong"}
885454: connection id 549862476.184986723 received message: {"event":"pusher:ping","data":{}}.
Connection id 549862476.184986723 sending message {"event":"pusher:pong"}
885454: connection id 790430819.65068337 received message: {"event":"pusher:ping","data":{}}.
Connection id 790430819.65068337 sending message {"event":"pusher:pong"}
Connection id 790430819.65068337 closed.
Connection id 549862476.184986723 sending message {"event":"log-message","channel":"private-websockets-dashboard-disconnection","data":{"type":"disconnection","time":"21:11:49","socketId":"790430819.65068337"}}
New connection opened for app key de912209133f9ce68433.
Connection id 404119860.243698219 sending message {"event":"pusher:connection_established","data":"{\"socket_id\":\"404119860.243698219\",\"activity_timeout\":30}"}
Connection id 549862476.184986723 sending message {"event":"log-message","channel":"private-websockets-dashboard-connection","data":{"type":"connection","time":"21:11:58","details":"Origin: http:\/\/www.hot-soumek.tn","socketId":"404119860.243698219"}}
885454: connection id 404119860.243698219 received message: {"event":"pusher:subscribe","data":{"auth":"de912209133f9ce68433:baa7058ee407182c76abf448f301d513565f0d07eed748bf64cb703da2dd04fe","channel":"private-websockets-dashboard-connection"}}.
Connection id 549862476.184986723 sending message {"event":"log-message","channel":"private-websockets-dashboard-subscribed","data":{"type":"subscribed","time":"21:11:59","socketId":"404119860.243698219","details":"Channel: private-websockets-dashboard-connection"}}
Connection id 404119860.243698219 sending message {"event":"pusher_internal:subscription_succeeded","channel":"private-websockets-dashboard-connection"}
885454: connection id 404119860.243698219 received message: {"event":"pusher:subscribe","data":{"auth":"de912209133f9ce68433:707a341e6b7cbcd97365535b693345e13b59589e911a4487595e3ddde05b5c79","channel":"private-websockets-dashboard-disconnection"}}.
Connection id 549862476.184986723 sending message {"event":"log-message","channel":"private-websockets-dashboard-subscribed","data":{"type":"subscribed","time":"21:11:59","socketId":"404119860.243698219","details":"Channel: private-websockets-dashboard-disconnection"}}
Connection id 404119860.243698219 sending message {"event":"pusher_internal:subscription_succeeded","channel":"private-websockets-dashboard-disconnection"}
885454: connection id 404119860.243698219 received message: {"event":"pusher:subscribe","data":{"auth":"de912209133f9ce68433:acfa5a3a2d7584f0cdb80e6041d6282fb1d7134b21cbdfee1d3511a68fdb8a47","channel":"private-websockets-dashboard-occupied"}}.
Connection id 549862476.184986723 sending message {"event":"log-message","channel":"private-websockets-dashboard-subscribed","data":{"type":"subscribed","time":"21:11:59","socketId":"404119860.243698219","details":"Channel: private-websockets-dashboard-occupied"}}
Connection id 404119860.243698219 sending message {"event":"pusher_internal:subscription_succeeded","channel":"private-websockets-dashboard-occupied"}
885454: connection id 404119860.243698219 received message: {"event":"pusher:subscribe","data":{"auth":"de912209133f9ce68433:8b1a2ffabe7c7dae65d2c95f0a4be3f9a0f80c85238e84e43d0ebda944f308c1","channel":"private-websockets-dashboard-vacated"}}.
Connection id 549862476.184986723 sending message {"event":"log-message","channel":"private-websockets-dashboard-subscribed","data":{"type":"subscribed","time":"21:11:59","socketId":"404119860.243698219","details":"Channel: private-websockets-dashboard-vacated"}}
Connection id 404119860.243698219 sending message {"event":"pusher_internal:subscription_succeeded","channel":"private-websockets-dashboard-vacated"}
885454: connection id 404119860.243698219 received message: {"event":"pusher:subscribe","data":{"auth":"de912209133f9ce68433:3478b1ed67e7538d467633f31d82e88ef905c4a9ef00f2b46edf2c0872e93c1e","channel":"private-websockets-dashboard-api-message"}}.
Connection id 549862476.184986723 sending message {"event":"log-message","channel":"private-websockets-dashboard-subscribed","data":{"type":"subscribed","time":"21:11:59","socketId":"404119860.243698219","details":"Channel: private-websockets-dashboard-api-message"}}
Connection id 404119860.243698219 sending message {"event":"pusher_internal:subscription_succeeded","channel":"private-websockets-dashboard-api-message"}
885454: connection id 404119860.243698219 received message: {"event":"pusher:subscribe","data":{"auth":"de912209133f9ce68433:ef4900d2408bdb694d1ffb80e62d6ca8a3dc081166fd652094bf08690abff332","channel":"private-websockets-dashboard-subscribed"}}.
Connection id 549862476.184986723 sending message {"event":"log-message","channel":"private-websockets-dashboard-subscribed","data":{"type":"subscribed","time":"21:11:59","socketId":"404119860.243698219","details":"Channel: private-websockets-dashboard-subscribed"}}
Connection id 404119860.243698219 sending message {"event":"log-message","channel":"private-websockets-dashboard-subscribed","data":{"type":"subscribed","time":"21:11:59","socketId":"404119860.243698219","details":"Channel: private-websockets-dashboard-subscribed"}}
Connection id 404119860.243698219 sending message {"event":"pusher_internal:subscription_succeeded","channel":"private-websockets-dashboard-subscribed"}
885454: connection id 404119860.243698219 received message: {"event":"pusher:subscribe","data":{"auth":"de912209133f9ce68433:bc6db25e7f2b0b779c5bc4765b4fd284da32b9fbf3aa2aaece24ae9cc991471b","channel":"private-websockets-dashboard-statistics"}}.
Connection id 549862476.184986723 sending message {"event":"log-message","channel":"private-websockets-dashboard-subscribed","data":{"type":"subscribed","time":"21:11:59","socketId":"404119860.243698219","details":"Channel: private-websockets-dashboard-statistics"}}
Connection id 404119860.243698219 sending message {"event":"log-message","channel":"private-websockets-dashboard-subscribed","data":{"type":"subscribed","time":"21:11:59","socketId":"404119860.243698219","details":"Channel: private-websockets-dashboard-statistics"}}
Connection id 404119860.243698219 sending message {"event":"pusher_internal:subscription_succeeded","channel":"private-websockets-dashboard-statistics"}
885454: connection id 404119860.243698219 received message: {"event":"pusher:subscribe","data":{"auth":"de912209133f9ce68433:654519915984ab7d373c648159165f6bf3263ac7b351693ed13afbf34bf9ded0","channel":"private-websockets-dashboard-client-message"}}.
Connection id 549862476.184986723 sending message {"event":"log-message","channel":"private-websockets-dashboard-subscribed","data":{"type":"subscribed","time":"21:12:00","socketId":"404119860.243698219","details":"Channel: private-websockets-dashboard-client-message"}}
Connection id 404119860.243698219 sending message {"event":"log-message","channel":"private-websockets-dashboard-subscribed","data":{"type":"subscribed","time":"21:12:00","socketId":"404119860.243698219","details":"Channel: private-websockets-dashboard-client-message"}}
Connection id 404119860.243698219 sending message {"event":"pusher_internal:subscription_succeeded","channel":"private-websockets-dashboard-client-message"}
885454: connection id 404119860.243698219 received message: {"event":"pusher:ping","data":{}}.
Connection id 404119860.243698219 sending message {"event":"pusher:pong"}
885454: connection id 549862476.184986723 received message: {"event":"pusher:ping","data":{}}.
Connection id 549862476.184986723 sending message {"event":"pusher:pong"}
885454: connection id 404119860.243698219 received message: {"event":"pusher:ping","data":{}}.
Connection id 404119860.243698219 sending message {"event":"pusher:pong"}
885454: connection id 549862476.184986723 received message: {"event":"pusher:ping","data":{}}.
Connection id 549862476.184986723 sending message {"event":"pusher:pong"}
885454: connection id 404119860.243698219 received message: {"event":"pusher:ping","data":{}}.
Connection id 404119860.243698219 sending message {"event":"pusher:pong"}
885454: connection id 549862476.184986723 received message: {"event":"pusher:ping","data":{}}.
Connection id 549862476.184986723 sending message {"event":"pusher:pong"}
885454: connection id 404119860.243698219 received message: {"event":"pusher:ping","data":{}}.
Connection id 404119860.243698219 sending message {"event":"pusher:pong"}
885454: connection id 549862476.184986723 received message: {"event":"pusher:ping","data":{}}.
Connection id 549862476.184986723 sending message {"event":"pusher:pong"}
885454: connection id 404119860.243698219 received message: {"event":"pusher:ping","data":{}}.
Connection id 404119860.243698219 sending message {"event":"pusher:pong"}
Connection id 549862476.184986723 closed.
Connection id 404119860.243698219 sending message {"event":"log-message","channel":"private-websockets-dashboard-disconnection","data":{"type":"disconnection","time":"21:14:33","socketId":"549862476.184986723"}}
New connection opened for app key de912209133f9ce68433.
Connection id 796644678.745307651 sending message {"event":"pusher:connection_established","data":"{\"socket_id\":\"796644678.745307651\",\"activity_timeout\":30}"}
Connection id 404119860.243698219 sending message {"event":"log-message","channel":"private-websockets-dashboard-connection","data":{"type":"connection","time":"21:14:44","details":"Origin: http:\/\/www.hot-soumek.tn","socketId":"796644678.745307651"}}
885454: connection id 796644678.745307651 received message: {"event":"pusher:subscribe","data":{"auth":"de912209133f9ce68433:0404ffacdc1a2cfe72674b0b0814c4108209bcc3f452fb146445ca3b4f7724b9","channel":"private-websockets-dashboard-disconnection"}}.
Connection id 404119860.243698219 sending message {"event":"log-message","channel":"private-websockets-dashboard-subscribed","data":{"type":"subscribed","time":"21:14:44","socketId":"796644678.745307651","details":"Channel: private-websockets-dashboard-disconnection"}}
Connection id 796644678.745307651 sending message {"event":"pusher_internal:subscription_succeeded","channel":"private-websockets-dashboard-disconnection"}
885454: connection id 796644678.745307651 received message: {"event":"pusher:subscribe","data":{"auth":"de912209133f9ce68433:ec6cfb2300e7b354574b29e75b360b27846c0df92f4c418fb9bedf8d359aff4a","channel":"private-websockets-dashboard-connection"}}.
Connection id 404119860.243698219 sending message {"event":"log-message","channel":"private-websockets-dashboard-subscribed","data":{"type":"subscribed","time":"21:14:44","socketId":"796644678.745307651","details":"Channel: private-websockets-dashboard-connection"}}
Connection id 796644678.745307651 sending message {"event":"pusher_internal:subscription_succeeded","channel":"private-websockets-dashboard-connection"}
885454: connection id 796644678.745307651 received message: {"event":"pusher:subscribe","data":{"auth":"de912209133f9ce68433:78919f1762ef00901dc4b2bac408cdf5b8bba7ffdaa1a2283d35b3de9b4d7c34","channel":"private-websockets-dashboard-occupied"}}.
Connection id 404119860.243698219 sending message {"event":"log-message","channel":"private-websockets-dashboard-subscribed","data":{"type":"subscribed","time":"21:14:44","socketId":"796644678.745307651","details":"Channel: private-websockets-dashboard-occupied"}}
Connection id 796644678.745307651 sending message {"event":"pusher_internal:subscription_succeeded","channel":"private-websockets-dashboard-occupied"}
885454: connection id 796644678.745307651 received message: {"event":"pusher:subscribe","data":{"auth":"de912209133f9ce68433:99d507a5395a21ca56305d3adc64ad96b844541a884955d3d0d04b5df62602db","channel":"private-websockets-dashboard-vacated"}}.
Connection id 404119860.243698219 sending message {"event":"log-message","channel":"private-websockets-dashboard-subscribed","data":{"type":"subscribed","time":"21:14:44","socketId":"796644678.745307651","details":"Channel: private-websockets-dashboard-vacated"}}
Connection id 796644678.745307651 sending message {"event":"pusher_internal:subscription_succeeded","channel":"private-websockets-dashboard-vacated"}
885454: connection id 796644678.745307651 received message: {"event":"pusher:subscribe","data":{"auth":"de912209133f9ce68433:91c83311452b527851c24b7d6448bfa6bec1c652a7312319269a9deb9619a18c","channel":"private-websockets-dashboard-client-message"}}.
Connection id 404119860.243698219 sending message {"event":"log-message","channel":"private-websockets-dashboard-subscribed","data":{"type":"subscribed","time":"21:14:45","socketId":"796644678.745307651","details":"Channel: private-websockets-dashboard-client-message"}}
Connection id 796644678.745307651 sending message {"event":"pusher_internal:subscription_succeeded","channel":"private-websockets-dashboard-client-message"}
885454: connection id 796644678.745307651 received message: {"event":"pusher:subscribe","data":{"auth":"de912209133f9ce68433:4a3ffe63979b1d8316530cbe76813b998b1a593e550841780d84463cbf2c10bd","channel":"private-websockets-dashboard-statistics"}}.
Connection id 404119860.243698219 sending message {"event":"log-message","channel":"private-websockets-dashboard-subscribed","data":{"type":"subscribed","time":"21:14:45","socketId":"796644678.745307651","details":"Channel: private-websockets-dashboard-statistics"}}
Connection id 796644678.745307651 sending message {"event":"pusher_internal:subscription_succeeded","channel":"private-websockets-dashboard-statistics"}
885454: connection id 796644678.745307651 received message: {"event":"pusher:subscribe","data":{"auth":"de912209133f9ce68433:1fdfa6cba4cbff4d727f4f97ca597dc58db67286cfa1b4364cb03b0f1832f950","channel":"private-websockets-dashboard-api-message"}}.
Connection id 404119860.243698219 sending message {"event":"log-message","channel":"private-websockets-dashboard-subscribed","data":{"type":"subscribed","time":"21:14:45","socketId":"796644678.745307651","details":"Channel: private-websockets-dashboard-api-message"}}
Connection id 796644678.745307651 sending message {"event":"pusher_internal:subscription_succeeded","channel":"private-websockets-dashboard-api-message"}
885454: connection id 796644678.745307651 received message: {"event":"pusher:subscribe","data":{"auth":"de912209133f9ce68433:8734763e6b419d22d9d2e7a0e164428d922075ec0857644622187478a5d08177","channel":"private-websockets-dashboard-subscribed"}}.
Connection id 404119860.243698219 sending message {"event":"log-message","channel":"private-websockets-dashboard-subscribed","data":{"type":"subscribed","time":"21:14:45","socketId":"796644678.745307651","details":"Channel: private-websockets-dashboard-subscribed"}}
Connection id 796644678.745307651 sending message {"event":"log-message","channel":"private-websockets-dashboard-subscribed","data":{"type":"subscribed","time":"21:14:45","socketId":"796644678.745307651","details":"Channel: private-websockets-dashboard-subscribed"}}
Connection id 796644678.745307651 sending message {"event":"pusher_internal:subscription_succeeded","channel":"private-websockets-dashboard-subscribed"}
885454: connection id 404119860.243698219 received message: {"event":"pusher:ping","data":{}}.
Connection id 404119860.243698219 sending message {"event":"pusher:pong"}
885454: connection id 796644678.745307651 received message: {"event":"pusher:ping","data":{}}.
Connection id 796644678.745307651 sending message {"event":"pusher:pong"}
885454: connection id 404119860.243698219 received message: {"event":"pusher:ping","data":{}}.
Connection id 404119860.243698219 sending message {"event":"pusher:pong"}
885454: connection id 796644678.745307651 received message: {"event":"pusher:ping","data":{}}.
Connection id 796644678.745307651 sending message {"event":"pusher:pong"}
885454: connection id 796644678.745307651 received message: {"event":"pusher:ping","data":{}}.
Connection id 796644678.745307651 sending message {"event":"pusher:pong"}
885454: connection id 404119860.243698219 received message: {"event":"pusher:ping","data":{}}.
Connection id 404119860.243698219 sending message {"event":"pusher:pong"}
885454: connection id 796644678.745307651 received message: {"event":"pusher:ping","data":{}}.
Connection id 796644678.745307651 sending message {"event":"pusher:pong"}
885454: connection id 404119860.243698219 received message: {"event":"pusher:ping","data":{}}.
Connection id 404119860.243698219 sending message {"event":"pusher:pong"}
885454: connection id 796644678.745307651 received message: {"event":"pusher:ping","data":{}}.
Connection id 796644678.745307651 sending message {"event":"pusher:pong"}
885454: connection id 404119860.243698219 received message: {"event":"pusher:ping","data":{}}.
Connection id 404119860.243698219 sending message {"event":"pusher:pong"}
885454: connection id 404119860.243698219 received message: {"event":"pusher:ping","data":{}}.
Connection id 404119860.243698219 sending message {"event":"pusher:pong"}
885454: connection id 796644678.745307651 received message: {"event":"pusher:ping","data":{}}.
Connection id 796644678.745307651 sending message {"event":"pusher:pong"}
885454: connection id 404119860.243698219 received message: {"event":"pusher:ping","data":{}}.
Connection id 404119860.243698219 sending message {"event":"pusher:pong"}
885454: connection id 796644678.745307651 received message: {"event":"pusher:ping","data":{}}.
Connection id 796644678.745307651 sending message {"event":"pusher:pong"}
885454: connection id 404119860.243698219 received message: {"event":"pusher:ping","data":{}}.
Connection id 404119860.243698219 sending message {"event":"pusher:pong"}
885454: connection id 796644678.745307651 received message: {"event":"pusher:ping","data":{}}.
Connection id 796644678.745307651 sending message {"event":"pusher:pong"}
885454: connection id 796644678.745307651 received message: {"event":"pusher:ping","data":{}}.
Connection id 796644678.745307651 sending message {"event":"pusher:pong"}
885454: connection id 404119860.243698219 received message: {"event":"pusher:ping","data":{}}.
Connection id 404119860.243698219 sending message {"event":"pusher:pong"}
885454: connection id 404119860.243698219 received message: {"event":"pusher:ping","data":{}}.
Connection id 404119860.243698219 sending message {"event":"pusher:pong"}
885454: connection id 796644678.745307651 received message: {"event":"pusher:ping","data":{}}.
Connection id 796644678.745307651 sending message {"event":"pusher:pong"}
885454: connection id 404119860.243698219 received message: {"event":"pusher:ping","data":{}}.
Connection id 404119860.243698219 sending message {"event":"pusher:pong"}
885454: connection id 796644678.745307651 received message: {"event":"pusher:ping","data":{}}.
Connection id 796644678.745307651 sending message {"event":"pusher:pong"}
885454: connection id 796644678.745307651 received message: {"event":"pusher:ping","data":{}}.
Connection id 796644678.745307651 sending message {"event":"pusher:pong"}
885454: connection id 404119860.243698219 received message: {"event":"pusher:ping","data":{}}.
Connection id 404119860.243698219 sending message {"event":"pusher:pong"}
885454: connection id 796644678.745307651 received message: {"event":"pusher:ping","data":{}}.
Connection id 796644678.745307651 sending message {"event":"pusher:pong"}
885454: connection id 404119860.243698219 received message: {"event":"pusher:ping","data":{}}.
Connection id 404119860.243698219 sending message {"event":"pusher:pong"}
885454: connection id 796644678.745307651 received message: {"event":"pusher:ping","data":{}}.
Connection id 796644678.745307651 sending message {"event":"pusher:pong"}
885454: connection id 404119860.243698219 received message: {"event":"pusher:ping","data":{}}.
Connection id 404119860.243698219 sending message {"event":"pusher:pong"}
885454: connection id 796644678.745307651 received message: {"event":"pusher:ping","data":{}}.
Connection id 796644678.745307651 sending message {"event":"pusher:pong"}
885454: connection id 404119860.243698219 received message: {"event":"pusher:ping","data":{}}.
Connection id 404119860.243698219 sending message {"event":"pusher:pong"}
885454: connection id 796644678.745307651 received message: {"event":"pusher:ping","data":{}}.
Connection id 796644678.745307651 sending message {"event":"pusher:pong"}
885454: connection id 404119860.243698219 received message: {"event":"pusher:ping","data":{}}.
Connection id 404119860.243698219 sending message {"event":"pusher:pong"}
885454: connection id 404119860.243698219 received message: {"event":"pusher:ping","data":{}}.
Connection id 404119860.243698219 sending message {"event":"pusher:pong"}
885454: connection id 796644678.745307651 received message: {"event":"pusher:ping","data":{}}.
Connection id 796644678.745307651 sending message {"event":"pusher:pong"}
885454: connection id 404119860.243698219 received message: {"event":"pusher:ping","data":{}}.
Connection id 404119860.243698219 sending message {"event":"pusher:pong"}
885454: connection id 796644678.745307651 received message: {"event":"pusher:ping","data":{}}.
Connection id 796644678.745307651 sending message {"event":"pusher:pong"}
885454: connection id 404119860.243698219 received message: {"event":"pusher:ping","data":{}}.
Connection id 404119860.243698219 sending message {"event":"pusher:pong"}
885454: connection id 796644678.745307651 received message: {"event":"pusher:ping","data":{}}.
Connection id 796644678.745307651 sending message {"event":"pusher:pong"}
885454: connection id 404119860.243698219 received message: {"event":"pusher:ping","data":{}}.
Connection id 404119860.243698219 sending message {"event":"pusher:pong"}
885454: connection id 796644678.745307651 received message: {"event":"pusher:ping","data":{}}.
Connection id 796644678.745307651 sending message {"event":"pusher:pong"}
885454: connection id 404119860.243698219 received message: {"event":"pusher:ping","data":{}}.
Connection id 404119860.243698219 sending message {"event":"pusher:pong"}
885454: connection id 796644678.745307651 received message: {"event":"pusher:ping","data":{}}.
Connection id 796644678.745307651 sending message {"event":"pusher:pong"}
885454: connection id 404119860.243698219 received message: {"event":"pusher:ping","data":{}}.
Connection id 404119860.243698219 sending message {"event":"pusher:pong"}
885454: connection id 796644678.745307651 received message: {"event":"pusher:ping","data":{}}.
Connection id 796644678.745307651 sending message {"event":"pusher:pong"}
885454: connection id 404119860.243698219 received message: {"event":"pusher:ping","data":{}}.
Connection id 404119860.243698219 sending message {"event":"pusher:pong"}
885454: connection id 796644678.745307651 received message: {"event":"pusher:ping","data":{}}.
Connection id 796644678.745307651 sending message {"event":"pusher:pong"}
885454: connection id 796644678.745307651 received message: {"event":"pusher:ping","data":{}}.
Connection id 796644678.745307651 sending message {"event":"pusher:pong"}
885454: connection id 404119860.243698219 received message: {"event":"pusher:ping","data":{}}.
Connection id 404119860.243698219 sending message {"event":"pusher:pong"}
Starting the WebSocket server on port 6001...
New connection opened for app key de912209133f9ce68433.
Exception `BeyondCode\LaravelWebSockets\WebSockets\Exceptions\UnknownAppKey` thrown: `Could not find app key `de912209133f9ce68433`.`
Unknown app id: exception `BeyondCode\LaravelWebSockets\WebSockets\Exceptions\UnknownAppKey` thrown: `Could not find app key `de912209133f9ce68433`.`.
Connection id  sending message {"event":"pusher:error","data":{"message":"Could not find app key `de912209133f9ce68433`.","code":4001}}
Connection id  closed.
Exception `ErrorException` thrown: `Undefined property: Ratchet\Server\IoConnection::$app`
New connection opened for app key de912209133f9ce68433.
Exception `BeyondCode\LaravelWebSockets\WebSockets\Exceptions\UnknownAppKey` thrown: `Could not find app key `de912209133f9ce68433`.`
Unknown app id: exception `BeyondCode\LaravelWebSockets\WebSockets\Exceptions\UnknownAppKey` thrown: `Could not find app key `de912209133f9ce68433`.`.
Connection id  sending message {"event":"pusher:error","data":{"message":"Could not find app key `de912209133f9ce68433`.","code":4001}}
Connection id  closed.
Exception `ErrorException` thrown: `Undefined property: Ratchet\Server\IoConnection::$app`
New connection opened for app key ZAESRDRTDTFFTFTF.
Connection id 453468769.844039143 sending message {"event":"pusher:connection_established","data":"{\"socket_id\":\"453468769.844039143\",\"activity_timeout\":30}"}
1546451: connection id 453468769.844039143 received message: {"event":"pusher:subscribe","data":{"auth":"ZAESRDRTDTFFTFTF:0bfa8614aa9a6c1ba604697a8087f0dc8b927e07e8a35c34041d528fc3d13d36","channel":"private-websockets-dashboard-connection"}}.
Connection id 453468769.844039143 sending message {"event":"pusher_internal:subscription_succeeded","channel":"private-websockets-dashboard-connection"}
1546451: connection id 453468769.844039143 received message: {"event":"pusher:subscribe","data":{"auth":"ZAESRDRTDTFFTFTF:eb9f7a19a1bd2c154a38c937bf8687326352343a773bb403de41bfd795379007","channel":"private-websockets-dashboard-disconnection"}}.
Connection id 453468769.844039143 sending message {"event":"pusher_internal:subscription_succeeded","channel":"private-websockets-dashboard-disconnection"}
1546451: connection id 453468769.844039143 received message: {"event":"pusher:subscribe","data":{"auth":"ZAESRDRTDTFFTFTF:49ced559076b344a02c822b14cde28c59023ee9ac111c4bbe2b6112724f63101","channel":"private-websockets-dashboard-vacated"}}.
Connection id 453468769.844039143 sending message {"event":"pusher_internal:subscription_succeeded","channel":"private-websockets-dashboard-vacated"}
1546451: connection id 453468769.844039143 received message: {"event":"pusher:subscribe","data":{"auth":"ZAESRDRTDTFFTFTF:90180e5ebdaf56e14e70c7218b6c8e2f888c0efa0fee3cd226ff22c95f33057a","channel":"private-websockets-dashboard-subscribed"}}.
Connection id 453468769.844039143 sending message {"event":"log-message","channel":"private-websockets-dashboard-subscribed","data":{"type":"subscribed","time":"21:27:43","socketId":"453468769.844039143","details":"Channel: private-websockets-dashboard-subscribed"}}
Connection id 453468769.844039143 sending message {"event":"pusher_internal:subscription_succeeded","channel":"private-websockets-dashboard-subscribed"}
1546451: connection id 453468769.844039143 received message: {"event":"pusher:subscribe","data":{"auth":"ZAESRDRTDTFFTFTF:486d109e67795d3ae626774562dc8debefd3c1f60cadef9e8517101cd85a01b4","channel":"private-websockets-dashboard-occupied"}}.
Connection id 453468769.844039143 sending message {"event":"log-message","channel":"private-websockets-dashboard-occupied","data":{"type":"occupied","time":"21:27:43","details":"Channel: private-websockets-dashboard-occupied"}}
Connection id 453468769.844039143 sending message {"event":"log-message","channel":"private-websockets-dashboard-subscribed","data":{"type":"subscribed","time":"21:27:43","socketId":"453468769.844039143","details":"Channel: private-websockets-dashboard-occupied"}}
Connection id 453468769.844039143 sending message {"event":"pusher_internal:subscription_succeeded","channel":"private-websockets-dashboard-occupied"}
1546451: connection id 453468769.844039143 received message: {"event":"pusher:subscribe","data":{"auth":"ZAESRDRTDTFFTFTF:54eeee8149e4113cd05a893b6f08ddd74b6091e18b0ef31c2f229a9f09791898","channel":"private-websockets-dashboard-statistics"}}.
Connection id 453468769.844039143 sending message {"event":"log-message","channel":"private-websockets-dashboard-occupied","data":{"type":"occupied","time":"21:27:43","details":"Channel: private-websockets-dashboard-statistics"}}
Connection id 453468769.844039143 sending message {"event":"log-message","channel":"private-websockets-dashboard-subscribed","data":{"type":"subscribed","time":"21:27:43","socketId":"453468769.844039143","details":"Channel: private-websockets-dashboard-statistics"}}
Connection id 453468769.844039143 sending message {"event":"pusher_internal:subscription_succeeded","channel":"private-websockets-dashboard-statistics"}
1546451: connection id 453468769.844039143 received message: {"event":"pusher:subscribe","data":{"auth":"ZAESRDRTDTFFTFTF:6efe5d8d7533cc5aa0720c5f27a4dc16ebc3205ffc643c4aecf338d7842e0ae1","channel":"private-websockets-dashboard-api-message"}}.
Connection id 453468769.844039143 sending message {"event":"log-message","channel":"private-websockets-dashboard-occupied","data":{"type":"occupied","time":"21:27:43","details":"Channel: private-websockets-dashboard-api-message"}}
Connection id 453468769.844039143 sending message {"event":"log-message","channel":"private-websockets-dashboard-subscribed","data":{"type":"subscribed","time":"21:27:43","socketId":"453468769.844039143","details":"Channel: private-websockets-dashboard-api-message"}}
Connection id 453468769.844039143 sending message {"event":"pusher_internal:subscription_succeeded","channel":"private-websockets-dashboard-api-message"}
1546451: connection id 453468769.844039143 received message: {"event":"pusher:subscribe","data":{"auth":"ZAESRDRTDTFFTFTF:59862b50140c646eb0f41e40e33831d766325b50cfaee03133a2c5fc8b384ebe","channel":"private-websockets-dashboard-client-message"}}.
Connection id 453468769.844039143 sending message {"event":"log-message","channel":"private-websockets-dashboard-occupied","data":{"type":"occupied","time":"21:27:44","details":"Channel: private-websockets-dashboard-client-message"}}
Connection id 453468769.844039143 sending message {"event":"log-message","channel":"private-websockets-dashboard-subscribed","data":{"type":"subscribed","time":"21:27:44","socketId":"453468769.844039143","details":"Channel: private-websockets-dashboard-client-message"}}
Connection id 453468769.844039143 sending message {"event":"pusher_internal:subscription_succeeded","channel":"private-websockets-dashboard-client-message"}
1546451: connection id 453468769.844039143 received message: {"event":"pusher:ping","data":{}}.
Connection id 453468769.844039143 sending message {"event":"pusher:pong"}
1546451: connection id 453468769.844039143 received message: {"event":"pusher:ping","data":{}}.
Connection id 453468769.844039143 sending message {"event":"pusher:pong"}
1546451: connection id 453468769.844039143 received message: {"event":"pusher:ping","data":{}}.
Connection id 453468769.844039143 sending message {"event":"pusher:pong"}
1546451: connection id 453468769.844039143 received message: {"event":"pusher:ping","data":{}}.
Connection id 453468769.844039143 sending message {"event":"pusher:pong"}
1546451: connection id 453468769.844039143 received message: {"event":"pusher:ping","data":{}}.
Connection id 453468769.844039143 sending message {"event":"pusher:pong"}
1546451: connection id 453468769.844039143 received message: {"event":"pusher:ping","data":{}}.
Connection id 453468769.844039143 sending message {"event":"pusher:pong"}
1546451: connection id 453468769.844039143 received message: {"event":"pusher:ping","data":{}}.
Connection id 453468769.844039143 sending message {"event":"pusher:pong"}
1546451: connection id 453468769.844039143 received message: {"event":"pusher:ping","data":{}}.
Connection id 453468769.844039143 sending message {"event":"pusher:pong"}
1546451: connection id 453468769.844039143 received message: {"event":"pusher:ping","data":{}}.
Connection id 453468769.844039143 sending message {"event":"pusher:pong"}
1546451: connection id 453468769.844039143 received message: {"event":"pusher:ping","data":{}}.
Connection id 453468769.844039143 sending message {"event":"pusher:pong"}
1546451: connection id 453468769.844039143 received message: {"event":"pusher:ping","data":{}}.
Connection id 453468769.844039143 sending message {"event":"pusher:pong"}
1546451: connection id 453468769.844039143 received message: {"event":"pusher:ping","data":{}}.
Connection id 453468769.844039143 sending message {"event":"pusher:pong"}
1546451: connection id 453468769.844039143 received message: {"event":"pusher:ping","data":{}}.
Connection id 453468769.844039143 sending message {"event":"pusher:pong"}
1546451: connection id 453468769.844039143 received message: {"event":"pusher:ping","data":{}}.
Connection id 453468769.844039143 sending message {"event":"pusher:pong"}
1546451: connection id 453468769.844039143 received message: {"event":"pusher:ping","data":{}}.
Connection id 453468769.844039143 sending message {"event":"pusher:pong"}
1546451: connection id 453468769.844039143 received message: {"event":"pusher:ping","data":{}}.
Connection id 453468769.844039143 sending message {"event":"pusher:pong"}
Starting the WebSocket server on port 6001...
New connection opened for app key de912209133f9ce68433.
Exception `BeyondCode\LaravelWebSockets\WebSockets\Exceptions\UnknownAppKey` thrown: `Could not find app key `de912209133f9ce68433`.`
Unknown app id: exception `BeyondCode\LaravelWebSockets\WebSockets\Exceptions\UnknownAppKey` thrown: `Could not find app key `de912209133f9ce68433`.`.
Connection id  sending message {"event":"pusher:error","data":{"message":"Could not find app key `de912209133f9ce68433`.","code":4001}}
Connection id  closed.
Exception `ErrorException` thrown: `Undefined property: Ratchet\Server\IoConnection::$app`
New connection opened for app key ZAESRDRTDTFFTFTF.
Connection id 47613948.153120983 sending message {"event":"pusher:connection_established","data":"{\"socket_id\":\"47613948.153120983\",\"activity_timeout\":30}"}
1546451: connection id 47613948.153120983 received message: {"event":"pusher:subscribe","data":{"auth":"ZAESRDRTDTFFTFTF:57de95e359cfabe23bd63d4a1836460fad67561b707ce78c8bbbe3a6f757ab20","channel":"private-websockets-dashboard-disconnection"}}.
Connection id 47613948.153120983 sending message {"event":"pusher_internal:subscription_succeeded","channel":"private-websockets-dashboard-disconnection"}
1546451: connection id 47613948.153120983 received message: {"event":"pusher:subscribe","data":{"auth":"ZAESRDRTDTFFTFTF:724ce93aed2bbff5044988a6c3c08ca48d5801f73f9a3d4863f77be31e026850","channel":"private-websockets-dashboard-vacated"}}.
Connection id 47613948.153120983 sending message {"event":"pusher_internal:subscription_succeeded","channel":"private-websockets-dashboard-vacated"}
1546451: connection id 47613948.153120983 received message: {"event":"pusher:subscribe","data":{"auth":"ZAESRDRTDTFFTFTF:71633fdf2fde3ac73f1de153d7d607918c85706c2d6ac63aca3544f2106fa4b0","channel":"private-websockets-dashboard-occupied"}}.
Connection id 47613948.153120983 sending message {"event":"log-message","channel":"private-websockets-dashboard-occupied","data":{"type":"occupied","time":"21:36:40","details":"Channel: private-websockets-dashboard-occupied"}}
Connection id 47613948.153120983 sending message {"event":"pusher_internal:subscription_succeeded","channel":"private-websockets-dashboard-occupied"}
1546451: connection id 47613948.153120983 received message: {"event":"pusher:subscribe","data":{"auth":"ZAESRDRTDTFFTFTF:a099da82df992d7c4aa681c592de9a2d9d70722c6e025e250b37063aa35ed587","channel":"private-websockets-dashboard-connection"}}.
Connection id 47613948.153120983 sending message {"event":"log-message","channel":"private-websockets-dashboard-occupied","data":{"type":"occupied","time":"21:36:40","details":"Channel: private-websockets-dashboard-connection"}}
Connection id 47613948.153120983 sending message {"event":"pusher_internal:subscription_succeeded","channel":"private-websockets-dashboard-connection"}
1546451: connection id 47613948.153120983 received message: {"event":"pusher:subscribe","data":{"auth":"ZAESRDRTDTFFTFTF:7faad6f082fe7ba46982d52536aa822112969bd43934ee45bf71fb0eb4a25c1d","channel":"private-websockets-dashboard-subscribed"}}.
Connection id 47613948.153120983 sending message {"event":"log-message","channel":"private-websockets-dashboard-occupied","data":{"type":"occupied","time":"21:36:40","details":"Channel: private-websockets-dashboard-subscribed"}}
Connection id 47613948.153120983 sending message {"event":"log-message","channel":"private-websockets-dashboard-subscribed","data":{"type":"subscribed","time":"21:36:40","socketId":"47613948.153120983","details":"Channel: private-websockets-dashboard-subscribed"}}
Connection id 47613948.153120983 sending message {"event":"pusher_internal:subscription_succeeded","channel":"private-websockets-dashboard-subscribed"}
1546451: connection id 47613948.153120983 received message: {"event":"pusher:subscribe","data":{"auth":"ZAESRDRTDTFFTFTF:bc058ad5af9d93349fef1970f8ba3d6c40f86b2505844b88367b984e9768cd25","channel":"private-websockets-dashboard-api-message"}}.
Connection id 47613948.153120983 sending message {"event":"log-message","channel":"private-websockets-dashboard-occupied","data":{"type":"occupied","time":"21:36:40","details":"Channel: private-websockets-dashboard-api-message"}}
Connection id 47613948.153120983 sending message {"event":"log-message","channel":"private-websockets-dashboard-subscribed","data":{"type":"subscribed","time":"21:36:40","socketId":"47613948.153120983","details":"Channel: private-websockets-dashboard-api-message"}}
Connection id 47613948.153120983 sending message {"event":"pusher_internal:subscription_succeeded","channel":"private-websockets-dashboard-api-message"}
1546451: connection id 47613948.153120983 received message: {"event":"pusher:subscribe","data":{"auth":"ZAESRDRTDTFFTFTF:f1e1d7bd50d46c43d05f3c520fc472bf26e01d9bdcfd33ba3b1436f8f0c14085","channel":"private-websockets-dashboard-statistics"}}.
Connection id 47613948.153120983 sending message {"event":"log-message","channel":"private-websockets-dashboard-occupied","data":{"type":"occupied","time":"21:36:41","details":"Channel: private-websockets-dashboard-statistics"}}
Connection id 47613948.153120983 sending message {"event":"log-message","channel":"private-websockets-dashboard-subscribed","data":{"type":"subscribed","time":"21:36:41","socketId":"47613948.153120983","details":"Channel: private-websockets-dashboard-statistics"}}
Connection id 47613948.153120983 sending message {"event":"pusher_internal:subscription_succeeded","channel":"private-websockets-dashboard-statistics"}
1546451: connection id 47613948.153120983 received message: {"event":"pusher:subscribe","data":{"auth":"ZAESRDRTDTFFTFTF:a4273dccf7332d2444c0e721b63c9e5a0ec9934ce4548716656cd5961a7e8c31","channel":"private-websockets-dashboard-client-message"}}.
Connection id 47613948.153120983 sending message {"event":"log-message","channel":"private-websockets-dashboard-occupied","data":{"type":"occupied","time":"21:36:41","details":"Channel: private-websockets-dashboard-client-message"}}
Connection id 47613948.153120983 sending message {"event":"log-message","channel":"private-websockets-dashboard-subscribed","data":{"type":"subscribed","time":"21:36:41","socketId":"47613948.153120983","details":"Channel: private-websockets-dashboard-client-message"}}
Connection id 47613948.153120983 sending message {"event":"pusher_internal:subscription_succeeded","channel":"private-websockets-dashboard-client-message"}
1546451: connection id 47613948.153120983 received message: {"event":"pusher:ping","data":{}}.
Connection id 47613948.153120983 sending message {"event":"pusher:pong"}
Connection id 47613948.153120983 closed.
Connection id 47613948.153120983 sending message {"event":"log-message","channel":"private-websockets-dashboard-vacated","data":{"type":"vacated","time":"21:37:13","details":"Channel: private-websockets-dashboard-disconnection"}}
New connection opened for app key ZAESRDRTDTFFTFTF.
Connection id 217651524.598469978 sending message {"event":"pusher:connection_established","data":"{\"socket_id\":\"217651524.598469978\",\"activity_timeout\":30}"}
1546451: connection id 217651524.598469978 received message: {"event":"pusher:subscribe","data":{"auth":"ZAESRDRTDTFFTFTF:55bc37535060a48b2379daf15929a2f5be4e6e813ad89aded5eabd0fe1fa6a90","channel":"private-websockets-dashboard-connection"}}.
Connection id 217651524.598469978 sending message {"event":"pusher_internal:subscription_succeeded","channel":"private-websockets-dashboard-connection"}
1546451: connection id 217651524.598469978 received message: {"event":"pusher:subscribe","data":{"auth":"ZAESRDRTDTFFTFTF:46f17ab9df1063682e56697245074416d131c72896418872289d6c04fb3aacb2","channel":"private-websockets-dashboard-disconnection"}}.
Connection id 217651524.598469978 sending message {"event":"pusher_internal:subscription_succeeded","channel":"private-websockets-dashboard-disconnection"}
1546451: connection id 217651524.598469978 received message: {"event":"pusher:subscribe","data":{"auth":"ZAESRDRTDTFFTFTF:d3d8bec956990df39de7dc3d93874e6c9d88dd26f820bc477f177bd1061087a4","channel":"private-websockets-dashboard-occupied"}}.
Connection id 217651524.598469978 sending message {"event":"log-message","channel":"private-websockets-dashboard-occupied","data":{"type":"occupied","time":"21:37:15","details":"Channel: private-websockets-dashboard-occupied"}}
Connection id 217651524.598469978 sending message {"event":"pusher_internal:subscription_succeeded","channel":"private-websockets-dashboard-occupied"}
1546451: connection id 217651524.598469978 received message: {"event":"pusher:subscribe","data":{"auth":"ZAESRDRTDTFFTFTF:9e0515f835b11d3f72491480f14c51d232ab79db5b1a4d97910365435df1653f","channel":"private-websockets-dashboard-subscribed"}}.
Connection id 217651524.598469978 sending message {"event":"log-message","channel":"private-websockets-dashboard-occupied","data":{"type":"occupied","time":"21:37:15","details":"Channel: private-websockets-dashboard-subscribed"}}
Connection id 217651524.598469978 sending message {"event":"log-message","channel":"private-websockets-dashboard-subscribed","data":{"type":"subscribed","time":"21:37:15","socketId":"217651524.598469978","details":"Channel: private-websockets-dashboard-subscribed"}}
Connection id 217651524.598469978 sending message {"event":"pusher_internal:subscription_succeeded","channel":"private-websockets-dashboard-subscribed"}
1546451: connection id 217651524.598469978 received message: {"event":"pusher:subscribe","data":{"auth":"ZAESRDRTDTFFTFTF:b6b8ca28687a777b046610be9d05add792adf1073b2d56fb932991a3cfe1da83","channel":"private-websockets-dashboard-api-message"}}.
Connection id 217651524.598469978 sending message {"event":"log-message","channel":"private-websockets-dashboard-occupied","data":{"type":"occupied","time":"21:37:15","details":"Channel: private-websockets-dashboard-api-message"}}
Connection id 217651524.598469978 sending message {"event":"log-message","channel":"private-websockets-dashboard-subscribed","data":{"type":"subscribed","time":"21:37:15","socketId":"217651524.598469978","details":"Channel: private-websockets-dashboard-api-message"}}
Connection id 217651524.598469978 sending message {"event":"pusher_internal:subscription_succeeded","channel":"private-websockets-dashboard-api-message"}
1546451: connection id 217651524.598469978 received message: {"event":"pusher:subscribe","data":{"auth":"ZAESRDRTDTFFTFTF:517075814911e349c8aabdb366f3ff0b6a846d7d6afa83b6475690c9712fb988","channel":"private-websockets-dashboard-vacated"}}.
Connection id 217651524.598469978 sending message {"event":"log-message","channel":"private-websockets-dashboard-occupied","data":{"type":"occupied","time":"21:37:15","details":"Channel: private-websockets-dashboard-vacated"}}
Connection id 217651524.598469978 sending message {"event":"log-message","channel":"private-websockets-dashboard-subscribed","data":{"type":"subscribed","time":"21:37:15","socketId":"217651524.598469978","details":"Channel: private-websockets-dashboard-vacated"}}
Connection id 217651524.598469978 sending message {"event":"pusher_internal:subscription_succeeded","channel":"private-websockets-dashboard-vacated"}
1546451: connection id 217651524.598469978 received message: {"event":"pusher:subscribe","data":{"auth":"ZAESRDRTDTFFTFTF:d3d0d3aed5f2e3d88f029460fcbabfd64738a60956a9d717ba213e8b68aaf48b","channel":"private-websockets-dashboard-statistics"}}.
Connection id 217651524.598469978 sending message {"event":"log-message","channel":"private-websockets-dashboard-occupied","data":{"type":"occupied","time":"21:37:15","details":"Channel: private-websockets-dashboard-statistics"}}
Connection id 217651524.598469978 sending message {"event":"log-message","channel":"private-websockets-dashboard-subscribed","data":{"type":"subscribed","time":"21:37:15","socketId":"217651524.598469978","details":"Channel: private-websockets-dashboard-statistics"}}
Connection id 217651524.598469978 sending message {"event":"pusher_internal:subscription_succeeded","channel":"private-websockets-dashboard-statistics"}
1546451: connection id 217651524.598469978 received message: {"event":"pusher:subscribe","data":{"auth":"ZAESRDRTDTFFTFTF:83af4c0357ca6d5efdb69866eb23aa5876462e852e24018f4ea52e18cb4cec36","channel":"private-websockets-dashboard-client-message"}}.
Connection id 217651524.598469978 sending message {"event":"log-message","channel":"private-websockets-dashboard-occupied","data":{"type":"occupied","time":"21:37:15","details":"Channel: private-websockets-dashboard-client-message"}}
Connection id 217651524.598469978 sending message {"event":"log-message","channel":"private-websockets-dashboard-subscribed","data":{"type":"subscribed","time":"21:37:15","socketId":"217651524.598469978","details":"Channel: private-websockets-dashboard-client-message"}}
Connection id 217651524.598469978 sending message {"event":"pusher_internal:subscription_succeeded","channel":"private-websockets-dashboard-client-message"}
1546451: connection id 217651524.598469978 received message: {"event":"pusher:ping","data":{}}.
Connection id 217651524.598469978 sending message {"event":"pusher:pong"}
1546451: connection id 217651524.598469978 received message: {"event":"pusher:ping","data":{}}.
Connection id 217651524.598469978 sending message {"event":"pusher:pong"}
Connection id 217651524.598469978 closed.
Connection id 217651524.598469978 sending message {"event":"log-message","channel":"private-websockets-dashboard-vacated","data":{"type":"vacated","time":"21:38:36","details":"Channel: private-websockets-dashboard-connection"}}
Connection id 217651524.598469978 sending message {"event":"log-message","channel":"private-websockets-dashboard-vacated","data":{"type":"vacated","time":"21:38:36","details":"Channel: private-websockets-dashboard-disconnection"}}
Connection id 217651524.598469978 sending message {"event":"log-message","channel":"private-websockets-dashboard-vacated","data":{"type":"vacated","time":"21:38:36","details":"Channel: private-websockets-dashboard-occupied"}}
Connection id 217651524.598469978 sending message {"event":"log-message","channel":"private-websockets-dashboard-vacated","data":{"type":"vacated","time":"21:38:36","details":"Channel: private-websockets-dashboard-subscribed"}}
Connection id 217651524.598469978 sending message {"event":"log-message","channel":"private-websockets-dashboard-vacated","data":{"type":"vacated","time":"21:38:36","details":"Channel: private-websockets-dashboard-api-message"}}
New connection opened for app key ZAESRDRTDTFFTFTF.
Connection id 809183762.793152425 sending message {"event":"pusher:connection_established","data":"{\"socket_id\":\"809183762.793152425\",\"activity_timeout\":30}"}
1546451: connection id 809183762.793152425 received message: {"event":"pusher:subscribe","data":{"auth":"ZAESRDRTDTFFTFTF:4f2e3c05323a196d18ee6aea14f658d94ea014d7188821c41a861353bd3a9e9e","channel":"private-websockets-dashboard-disconnection"}}.
Connection id 809183762.793152425 sending message {"event":"pusher_internal:subscription_succeeded","channel":"private-websockets-dashboard-disconnection"}
1546451: connection id 809183762.793152425 received message: {"event":"pusher:subscribe","data":{"auth":"ZAESRDRTDTFFTFTF:a6c86ee676f4867cf993d0b5b1c6c49990234b754aff15eec2f2c5f901636f5f","channel":"private-websockets-dashboard-connection"}}.
Connection id 809183762.793152425 sending message {"event":"pusher_internal:subscription_succeeded","channel":"private-websockets-dashboard-connection"}
1546451: connection id 809183762.793152425 received message: {"event":"pusher:subscribe","data":{"auth":"ZAESRDRTDTFFTFTF:e5e876fdb1bf5283d01d49743298ed102bfa85f33f1c996f58d85c509ba4080f","channel":"private-websockets-dashboard-occupied"}}.
Connection id 809183762.793152425 sending message {"event":"log-message","channel":"private-websockets-dashboard-occupied","data":{"type":"occupied","time":"21:38:38","details":"Channel: private-websockets-dashboard-occupied"}}
Connection id 809183762.793152425 sending message {"event":"pusher_internal:subscription_succeeded","channel":"private-websockets-dashboard-occupied"}
1546451: connection id 809183762.793152425 received message: {"event":"pusher:subscribe","data":{"auth":"ZAESRDRTDTFFTFTF:0970b05e3b0e4889509bcae53143b9fe19fdbcc20d47eed78d778a5597195f0e","channel":"private-websockets-dashboard-subscribed"}}.
Connection id 809183762.793152425 sending message {"event":"log-message","channel":"private-websockets-dashboard-occupied","data":{"type":"occupied","time":"21:38:38","details":"Channel: private-websockets-dashboard-subscribed"}}
Connection id 809183762.793152425 sending message {"event":"log-message","channel":"private-websockets-dashboard-subscribed","data":{"type":"subscribed","time":"21:38:38","socketId":"809183762.793152425","details":"Channel: private-websockets-dashboard-subscribed"}}
Connection id 809183762.793152425 sending message {"event":"pusher_internal:subscription_succeeded","channel":"private-websockets-dashboard-subscribed"}
1546451: connection id 809183762.793152425 received message: {"event":"pusher:subscribe","data":{"auth":"ZAESRDRTDTFFTFTF:0f590ba74b143e7d50a987be37edae6fccb3d937b810921dc53fdfe182387861","channel":"private-websockets-dashboard-vacated"}}.
Connection id 809183762.793152425 sending message {"event":"log-message","channel":"private-websockets-dashboard-occupied","data":{"type":"occupied","time":"21:38:38","details":"Channel: private-websockets-dashboard-vacated"}}
Connection id 809183762.793152425 sending message {"event":"log-message","channel":"private-websockets-dashboard-subscribed","data":{"type":"subscribed","time":"21:38:38","socketId":"809183762.793152425","details":"Channel: private-websockets-dashboard-vacated"}}
Connection id 809183762.793152425 sending message {"event":"pusher_internal:subscription_succeeded","channel":"private-websockets-dashboard-vacated"}
1546451: connection id 809183762.793152425 received message: {"event":"pusher:subscribe","data":{"auth":"ZAESRDRTDTFFTFTF:62aac94957f64d0ba3d08338588ae4f76245ccd272461534a0cf380d2b84dfde","channel":"private-websockets-dashboard-api-message"}}.
Connection id 809183762.793152425 sending message {"event":"log-message","channel":"private-websockets-dashboard-occupied","data":{"type":"occupied","time":"21:38:38","details":"Channel: private-websockets-dashboard-api-message"}}
Connection id 809183762.793152425 sending message {"event":"log-message","channel":"private-websockets-dashboard-subscribed","data":{"type":"subscribed","time":"21:38:38","socketId":"809183762.793152425","details":"Channel: private-websockets-dashboard-api-message"}}
Connection id 809183762.793152425 sending message {"event":"pusher_internal:subscription_succeeded","channel":"private-websockets-dashboard-api-message"}
1546451: connection id 809183762.793152425 received message: {"event":"pusher:subscribe","data":{"auth":"ZAESRDRTDTFFTFTF:949da191c783564b4ee5aa5974c5c77c460d03b8c67c6b07ac7e2cd3609ce229","channel":"private-websockets-dashboard-statistics"}}.
Connection id 809183762.793152425 sending message {"event":"log-message","channel":"private-websockets-dashboard-occupied","data":{"type":"occupied","time":"21:38:38","details":"Channel: private-websockets-dashboard-statistics"}}
Connection id 809183762.793152425 sending message {"event":"log-message","channel":"private-websockets-dashboard-subscribed","data":{"type":"subscribed","time":"21:38:38","socketId":"809183762.793152425","details":"Channel: private-websockets-dashboard-statistics"}}
Connection id 809183762.793152425 sending message {"event":"pusher_internal:subscription_succeeded","channel":"private-websockets-dashboard-statistics"}
1546451: connection id 809183762.793152425 received message: {"event":"pusher:subscribe","data":{"auth":"ZAESRDRTDTFFTFTF:8e514e621b04677b55ce50b8fe6a7868fc136d92bf23f1d099c84862284acdc0","channel":"private-websockets-dashboard-client-message"}}.
Connection id 809183762.793152425 sending message {"event":"log-message","channel":"private-websockets-dashboard-occupied","data":{"type":"occupied","time":"21:38:39","details":"Channel: private-websockets-dashboard-client-message"}}
Connection id 809183762.793152425 sending message {"event":"log-message","channel":"private-websockets-dashboard-subscribed","data":{"type":"subscribed","time":"21:38:39","socketId":"809183762.793152425","details":"Channel: private-websockets-dashboard-client-message"}}
Connection id 809183762.793152425 sending message {"event":"pusher_internal:subscription_succeeded","channel":"private-websockets-dashboard-client-message"}
1546451: connection id 809183762.793152425 received message: {"event":"pusher:ping","data":{}}.
Connection id 809183762.793152425 sending message {"event":"pusher:pong"}
1546451: connection id 809183762.793152425 received message: {"event":"pusher:ping","data":{}}.
Connection id 809183762.793152425 sending message {"event":"pusher:pong"}
1546451: connection id 809183762.793152425 received message: {"event":"pusher:ping","data":{}}.
Connection id 809183762.793152425 sending message {"event":"pusher:pong"}
1546451: connection id 809183762.793152425 received message: {"event":"pusher:ping","data":{}}.
Connection id 809183762.793152425 sending message {"event":"pusher:pong"}
1546451: connection id 809183762.793152425 received message: {"event":"pusher:ping","data":{}}.
Connection id 809183762.793152425 sending message {"event":"pusher:pong"}
1546451: connection id 809183762.793152425 received message: {"event":"pusher:ping","data":{}}.
Connection id 809183762.793152425 sending message {"event":"pusher:pong"}
1546451: connection id 809183762.793152425 received message: {"event":"pusher:ping","data":{}}.
Connection id 809183762.793152425 sending message {"event":"pusher:pong"}
1546451: connection id 809183762.793152425 received message: {"event":"pusher:ping","data":{}}.
Connection id 809183762.793152425 sending message {"event":"pusher:pong"}
1546451: connection id 809183762.793152425 received message: {"event":"pusher:ping","data":{}}.
Connection id 809183762.793152425 sending message {"event":"pusher:pong"}
1546451: connection id 809183762.793152425 received message: {"event":"pusher:ping","data":{}}.
Connection id 809183762.793152425 sending message {"event":"pusher:pong"}
1546451: connection id 809183762.793152425 received message: {"event":"pusher:ping","data":{}}.
Connection id 809183762.793152425 sending message {"event":"pusher:pong"}
1546451: connection id 809183762.793152425 received message: {"event":"pusher:ping","data":{}}.
Connection id 809183762.793152425 sending message {"event":"pusher:pong"}
1546451: connection id 809183762.793152425 received message: {"event":"pusher:ping","data":{}}.
Connection id 809183762.793152425 sending message {"event":"pusher:pong"}
1546451: connection id 809183762.793152425 received message: {"event":"pusher:ping","data":{}}.
Connection id 809183762.793152425 sending message {"event":"pusher:pong"}
1546451: connection id 809183762.793152425 received message: {"event":"pusher:ping","data":{}}.
Connection id 809183762.793152425 sending message {"event":"pusher:pong"}
1546451: connection id 809183762.793152425 received message: {"event":"pusher:ping","data":{}}.
Connection id 809183762.793152425 sending message {"event":"pusher:pong"}
1546451: connection id 809183762.793152425 received message: {"event":"pusher:ping","data":{}}.
Connection id 809183762.793152425 sending message {"event":"pusher:pong"}
Starting the WebSocket server on port 6001...
New connection opened for app key ZAESRDRTDTFFTFTF.
Connection id 192116063.746306827 sending message {"event":"pusher:connection_established","data":"{\"socket_id\":\"192116063.746306827\",\"activity_timeout\":30}"}
1546451: connection id 192116063.746306827 received message: {"event":"pusher:subscribe","data":{"auth":"ZAESRDRTDTFFTFTF:6febf4f599f940f94ba693a8e566ba067771678a1d60d1282c6c0d92673dec60","channel":"private-websockets-dashboard-connection"}}.
Connection id 192116063.746306827 sending message {"event":"pusher_internal:subscription_succeeded","channel":"private-websockets-dashboard-connection"}
1546451: connection id 192116063.746306827 received message: {"event":"pusher:subscribe","data":{"auth":"ZAESRDRTDTFFTFTF:62d7ce9342d70dbdf3caa2916d1fc7f182864bcfb4a55ff266e8ad44fe78e4f0","channel":"private-websockets-dashboard-disconnection"}}.
Connection id 192116063.746306827 sending message {"event":"pusher_internal:subscription_succeeded","channel":"private-websockets-dashboard-disconnection"}
1546451: connection id 192116063.746306827 received message: {"event":"pusher:subscribe","data":{"auth":"ZAESRDRTDTFFTFTF:761dcb634e0ea9d7aa16f56e07316684397d89880778e2b1a633172ba94be66c","channel":"private-websockets-dashboard-vacated"}}.
Connection id 192116063.746306827 sending message {"event":"pusher_internal:subscription_succeeded","channel":"private-websockets-dashboard-vacated"}
1546451: connection id 192116063.746306827 received message: {"event":"pusher:subscribe","data":{"auth":"ZAESRDRTDTFFTFTF:051fc253fb9fdefd6a8abf336a71eb50dbb8c56ee693e54bd3f0e5845b1bf9b3","channel":"private-websockets-dashboard-subscribed"}}.
Connection id 192116063.746306827 sending message {"event":"log-message","channel":"private-websockets-dashboard-subscribed","data":{"type":"subscribed","time":"21:47:51","socketId":"192116063.746306827","details":"Channel: private-websockets-dashboard-subscribed"}}
Connection id 192116063.746306827 sending message {"event":"pusher_internal:subscription_succeeded","channel":"private-websockets-dashboard-subscribed"}
1546451: connection id 192116063.746306827 received message: {"event":"pusher:subscribe","data":{"auth":"ZAESRDRTDTFFTFTF:6ad9850718787eb20f8dee8a2cbc61e8476a302bd7193754985013142e6e764d","channel":"private-websockets-dashboard-occupied"}}.
Connection id 192116063.746306827 sending message {"event":"log-message","channel":"private-websockets-dashboard-occupied","data":{"type":"occupied","time":"21:47:51","details":"Channel: private-websockets-dashboard-occupied"}}
Connection id 192116063.746306827 sending message {"event":"log-message","channel":"private-websockets-dashboard-subscribed","data":{"type":"subscribed","time":"21:47:51","socketId":"192116063.746306827","details":"Channel: private-websockets-dashboard-occupied"}}
Connection id 192116063.746306827 sending message {"event":"pusher_internal:subscription_succeeded","channel":"private-websockets-dashboard-occupied"}
1546451: connection id 192116063.746306827 received message: {"event":"pusher:subscribe","data":{"auth":"ZAESRDRTDTFFTFTF:6169afc3faf4ffe46b2ff6565a207432d4e654658003ebafecf5cf226f239f77","channel":"private-websockets-dashboard-api-message"}}.
Connection id 192116063.746306827 sending message {"event":"log-message","channel":"private-websockets-dashboard-occupied","data":{"type":"occupied","time":"21:47:51","details":"Channel: private-websockets-dashboard-api-message"}}
Connection id 192116063.746306827 sending message {"event":"log-message","channel":"private-websockets-dashboard-subscribed","data":{"type":"subscribed","time":"21:47:51","socketId":"192116063.746306827","details":"Channel: private-websockets-dashboard-api-message"}}
Connection id 192116063.746306827 sending message {"event":"pusher_internal:subscription_succeeded","channel":"private-websockets-dashboard-api-message"}
1546451: connection id 192116063.746306827 received message: {"event":"pusher:subscribe","data":{"auth":"ZAESRDRTDTFFTFTF:eb87663a6f2cd50ddf8e532fce9a0e0262d389517df480671e9d1a59257b61b3","channel":"private-websockets-dashboard-statistics"}}.
Connection id 192116063.746306827 sending message {"event":"log-message","channel":"private-websockets-dashboard-occupied","data":{"type":"occupied","time":"21:47:51","details":"Channel: private-websockets-dashboard-statistics"}}
Connection id 192116063.746306827 sending message {"event":"log-message","channel":"private-websockets-dashboard-subscribed","data":{"type":"subscribed","time":"21:47:51","socketId":"192116063.746306827","details":"Channel: private-websockets-dashboard-statistics"}}
Connection id 192116063.746306827 sending message {"event":"pusher_internal:subscription_succeeded","channel":"private-websockets-dashboard-statistics"}
1546451: connection id 192116063.746306827 received message: {"event":"pusher:subscribe","data":{"auth":"ZAESRDRTDTFFTFTF:79cf719d46dc20f7ccbb005f2d75a1d9ed900493a7f1f491017715bf99818088","channel":"private-websockets-dashboard-client-message"}}.
Connection id 192116063.746306827 sending message {"event":"log-message","channel":"private-websockets-dashboard-occupied","data":{"type":"occupied","time":"21:47:51","details":"Channel: private-websockets-dashboard-client-message"}}
Connection id 192116063.746306827 sending message {"event":"log-message","channel":"private-websockets-dashboard-subscribed","data":{"type":"subscribed","time":"21:47:51","socketId":"192116063.746306827","details":"Channel: private-websockets-dashboard-client-message"}}
Connection id 192116063.746306827 sending message {"event":"pusher_internal:subscription_succeeded","channel":"private-websockets-dashboard-client-message"}
Connection id 192116063.746306827 closed.
Connection id 192116063.746306827 sending message {"event":"log-message","channel":"private-websockets-dashboard-vacated","data":{"type":"vacated","time":"21:48:02","details":"Channel: private-websockets-dashboard-connection"}}
Connection id 192116063.746306827 sending message {"event":"log-message","channel":"private-websockets-dashboard-vacated","data":{"type":"vacated","time":"21:48:02","details":"Channel: private-websockets-dashboard-disconnection"}}
New connection opened for app key ZAESRDRTDTFFTFTF.
Connection id 707558827.310934859 sending message {"event":"pusher:connection_established","data":"{\"socket_id\":\"707558827.310934859\",\"activity_timeout\":30}"}
1546451: connection id 707558827.310934859 received message: {"event":"pusher:subscribe","data":{"auth":"ZAESRDRTDTFFTFTF:a74a4c271d951309b204d9f8adad054c42977a367524d410450a791b79738c79","channel":"private-websockets-dashboard-connection"}}.
Connection id 707558827.310934859 sending message {"event":"pusher_internal:subscription_succeeded","channel":"private-websockets-dashboard-connection"}
1546451: connection id 707558827.310934859 received message: {"event":"pusher:subscribe","data":{"auth":"ZAESRDRTDTFFTFTF:eb9b0eb2a387f552b6515c3bc9683389747aaed90132845b84d5fc10136fc807","channel":"private-websockets-dashboard-disconnection"}}.
Connection id 707558827.310934859 sending message {"event":"pusher_internal:subscription_succeeded","channel":"private-websockets-dashboard-disconnection"}
1546451: connection id 707558827.310934859 received message: {"event":"pusher:subscribe","data":{"auth":"ZAESRDRTDTFFTFTF:4910e7b8370013de3b19d7a158785e26f4abd49ccb61f17960ba7e0a77bfec56","channel":"private-websockets-dashboard-occupied"}}.
Connection id 707558827.310934859 sending message {"event":"log-message","channel":"private-websockets-dashboard-occupied","data":{"type":"occupied","time":"21:48:04","details":"Channel: private-websockets-dashboard-occupied"}}
Connection id 707558827.310934859 sending message {"event":"pusher_internal:subscription_succeeded","channel":"private-websockets-dashboard-occupied"}
1546451: connection id 707558827.310934859 received message: {"event":"pusher:subscribe","data":{"auth":"ZAESRDRTDTFFTFTF:bb7df136abc361cb271e97f76efa34cb90515c5d43c25ab431de9a67b5627546","channel":"private-websockets-dashboard-vacated"}}.
Connection id 707558827.310934859 sending message {"event":"log-message","channel":"private-websockets-dashboard-occupied","data":{"type":"occupied","time":"21:48:04","details":"Channel: private-websockets-dashboard-vacated"}}
Connection id 707558827.310934859 sending message {"event":"pusher_internal:subscription_succeeded","channel":"private-websockets-dashboard-vacated"}
1546451: connection id 707558827.310934859 received message: {"event":"pusher:subscribe","data":{"auth":"ZAESRDRTDTFFTFTF:b6ffa4806ba2a902c83892935ca0200cdef6db0e78e5a821ff4997aeec021713","channel":"private-websockets-dashboard-api-message"}}.
Connection id 707558827.310934859 sending message {"event":"log-message","channel":"private-websockets-dashboard-occupied","data":{"type":"occupied","time":"21:48:04","details":"Channel: private-websockets-dashboard-api-message"}}
Connection id 707558827.310934859 sending message {"event":"pusher_internal:subscription_succeeded","channel":"private-websockets-dashboard-api-message"}
1546451: connection id 707558827.310934859 received message: {"event":"pusher:subscribe","data":{"auth":"ZAESRDRTDTFFTFTF:96024048d4e2d23d43844ae2176e4f8f532b5669123a2125728b0462c6082209","channel":"private-websockets-dashboard-statistics"}}.
Connection id 707558827.310934859 sending message {"event":"log-message","channel":"private-websockets-dashboard-occupied","data":{"type":"occupied","time":"21:48:04","details":"Channel: private-websockets-dashboard-statistics"}}
Connection id 707558827.310934859 sending message {"event":"pusher_internal:subscription_succeeded","channel":"private-websockets-dashboard-statistics"}
1546451: connection id 707558827.310934859 received message: {"event":"pusher:subscribe","data":{"auth":"ZAESRDRTDTFFTFTF:d46edd53c95f485f7efb82f309318dcd2f4cc466164493cc0826939ac5c4b5e9","channel":"private-websockets-dashboard-subscribed"}}.
Connection id 707558827.310934859 sending message {"event":"log-message","channel":"private-websockets-dashboard-occupied","data":{"type":"occupied","time":"21:48:05","details":"Channel: private-websockets-dashboard-subscribed"}}
Connection id 707558827.310934859 sending message {"event":"log-message","channel":"private-websockets-dashboard-subscribed","data":{"type":"subscribed","time":"21:48:05","socketId":"707558827.310934859","details":"Channel: private-websockets-dashboard-subscribed"}}
Connection id 707558827.310934859 sending message {"event":"pusher_internal:subscription_succeeded","channel":"private-websockets-dashboard-subscribed"}
1546451: connection id 707558827.310934859 received message: {"event":"pusher:subscribe","data":{"auth":"ZAESRDRTDTFFTFTF:eb0f46e494b68bfbaad906abfae4e5839944f32153140eb1e167cebcf98af965","channel":"private-websockets-dashboard-client-message"}}.
Connection id 707558827.310934859 sending message {"event":"log-message","channel":"private-websockets-dashboard-occupied","data":{"type":"occupied","time":"21:48:06","details":"Channel: private-websockets-dashboard-client-message"}}
Connection id 707558827.310934859 sending message {"event":"log-message","channel":"private-websockets-dashboard-subscribed","data":{"type":"subscribed","time":"21:48:06","socketId":"707558827.310934859","details":"Channel: private-websockets-dashboard-client-message"}}
Connection id 707558827.310934859 sending message {"event":"pusher_internal:subscription_succeeded","channel":"private-websockets-dashboard-client-message"}
1546451: connection id 707558827.310934859 received message: {"event":"pusher:ping","data":{}}.
Connection id 707558827.310934859 sending message {"event":"pusher:pong"}
1546451: connection id 707558827.310934859 received message: {"event":"pusher:ping","data":{}}.
Connection id 707558827.310934859 sending message {"event":"pusher:pong"}
1546451: connection id 707558827.310934859 received message: {"event":"pusher:ping","data":{}}.
Connection id 707558827.310934859 sending message {"event":"pusher:pong"}
1546451: connection id 707558827.310934859 received message: {"event":"pusher:ping","data":{}}.
Connection id 707558827.310934859 sending message {"event":"pusher:pong"}
1546451: connection id 707558827.310934859 received message: {"event":"pusher:ping","data":{}}.
Connection id 707558827.310934859 sending message {"event":"pusher:pong"}
1546451: connection id 707558827.310934859 received message: {"event":"pusher:ping","data":{}}.
Connection id 707558827.310934859 sending message {"event":"pusher:pong"}
1546451: connection id 707558827.310934859 received message: {"event":"pusher:ping","data":{}}.
Connection id 707558827.310934859 sending message {"event":"pusher:pong"}
1546451: connection id 707558827.310934859 received message: {"event":"pusher:ping","data":{}}.
Connection id 707558827.310934859 sending message {"event":"pusher:pong"}
1546451: connection id 707558827.310934859 received message: {"event":"pusher:ping","data":{}}.
Connection id 707558827.310934859 sending message {"event":"pusher:pong"}
1546451: connection id 707558827.310934859 received message: {"event":"pusher:ping","data":{}}.
Connection id 707558827.310934859 sending message {"event":"pusher:pong"}
1546451: connection id 707558827.310934859 received message: {"event":"pusher:ping","data":{}}.
Connection id 707558827.310934859 sending message {"event":"pusher:pong"}
1546451: connection id 707558827.310934859 received message: {"event":"pusher:ping","data":{}}.
Connection id 707558827.310934859 sending message {"event":"pusher:pong"}
Starting the WebSocket server on port 6001...
New connection opened for app key ZAESRDRTDTFFTFTF.
Connection id 601758463.969757403 sending message {"event":"pusher:connection_established","data":"{\"socket_id\":\"601758463.969757403\",\"activity_timeout\":30}"}
1546451: connection id 601758463.969757403 received message: {"event":"pusher:subscribe","data":{"auth":"ZAESRDRTDTFFTFTF:750e1c645792c4d9e0a5f8a99dfcfc830b936f085d0e6ea38d0246159042f5b8","channel":"private-websockets-dashboard-connection"}}.
Connection id 601758463.969757403 sending message {"event":"pusher_internal:subscription_succeeded","channel":"private-websockets-dashboard-connection"}
1546451: connection id 601758463.969757403 received message: {"event":"pusher:subscribe","data":{"auth":"ZAESRDRTDTFFTFTF:c304ae2b4ce31d4d585b003a41b4fd5ec2d46dd9c9d51e6112ae586142595118","channel":"private-websockets-dashboard-vacated"}}.
Connection id 601758463.969757403 sending message {"event":"pusher_internal:subscription_succeeded","channel":"private-websockets-dashboard-vacated"}
1546451: connection id 601758463.969757403 received message: {"event":"pusher:subscribe","data":{"auth":"ZAESRDRTDTFFTFTF:15883a7a6bb69f98762535f25152839a6e511ee52858c8c61f2e0cccb4066a89","channel":"private-websockets-dashboard-disconnection"}}.
Connection id 601758463.969757403 sending message {"event":"pusher_internal:subscription_succeeded","channel":"private-websockets-dashboard-disconnection"}
1546451: connection id 601758463.969757403 received message: {"event":"pusher:subscribe","data":{"auth":"ZAESRDRTDTFFTFTF:44f2ba6c2aa7663f2441dd23ec2476f4eb5ca2676c72780bdd23cf6258064d9c","channel":"private-websockets-dashboard-statistics"}}.
Connection id 601758463.969757403 sending message {"event":"pusher_internal:subscription_succeeded","channel":"private-websockets-dashboard-statistics"}
1546451: connection id 601758463.969757403 received message: {"event":"pusher:subscribe","data":{"auth":"ZAESRDRTDTFFTFTF:d20f9f860bc91a256d2ba6af863b83efb8078ae7dad8f39b229eed676fd8b196","channel":"private-websockets-dashboard-api-message"}}.
Connection id 601758463.969757403 sending message {"event":"pusher_internal:subscription_succeeded","channel":"private-websockets-dashboard-api-message"}
1546451: connection id 601758463.969757403 received message: {"event":"pusher:subscribe","data":{"auth":"ZAESRDRTDTFFTFTF:95e57574e84e36fef81f0a943db762691e84ac419c5cb4fa8bcda65373ea29e8","channel":"private-websockets-dashboard-occupied"}}.
Connection id 601758463.969757403 sending message {"event":"log-message","channel":"private-websockets-dashboard-occupied","data":{"type":"occupied","time":"21:54:43","details":"Channel: private-websockets-dashboard-occupied"}}
Connection id 601758463.969757403 sending message {"event":"pusher_internal:subscription_succeeded","channel":"private-websockets-dashboard-occupied"}
1546451: connection id 601758463.969757403 received message: {"event":"pusher:subscribe","data":{"auth":"ZAESRDRTDTFFTFTF:62ab14c7bbabe87758ed8d4db1ffc1151585f08a3f1623f0c37a76eca106e27e","channel":"private-websockets-dashboard-client-message"}}.
Connection id 601758463.969757403 sending message {"event":"log-message","channel":"private-websockets-dashboard-occupied","data":{"type":"occupied","time":"21:54:44","details":"Channel: private-websockets-dashboard-client-message"}}
Connection id 601758463.969757403 sending message {"event":"pusher_internal:subscription_succeeded","channel":"private-websockets-dashboard-client-message"}
1546451: connection id 601758463.969757403 received message: {"event":"pusher:subscribe","data":{"auth":"ZAESRDRTDTFFTFTF:3d4de88484bcf51b9a942e1d5f6ec38f4e1d7091caae46e44b2fa6f2712858c9","channel":"private-websockets-dashboard-subscribed"}}.
Connection id 601758463.969757403 sending message {"event":"log-message","channel":"private-websockets-dashboard-occupied","data":{"type":"occupied","time":"21:54:44","details":"Channel: private-websockets-dashboard-subscribed"}}
Connection id 601758463.969757403 sending message {"event":"log-message","channel":"private-websockets-dashboard-subscribed","data":{"type":"subscribed","time":"21:54:44","socketId":"601758463.969757403","details":"Channel: private-websockets-dashboard-subscribed"}}
Connection id 601758463.969757403 sending message {"event":"pusher_internal:subscription_succeeded","channel":"private-websockets-dashboard-subscribed"}
Connection id 601758463.969757403 closed.
Connection id 601758463.969757403 sending message {"event":"log-message","channel":"private-websockets-dashboard-vacated","data":{"type":"vacated","time":"21:54:58","details":"Channel: private-websockets-dashboard-connection"}}
New connection opened for app key ZAESRDRTDTFFTFTF.
Connection id 342115242.232334302 sending message {"event":"pusher:connection_established","data":"{\"socket_id\":\"342115242.232334302\",\"activity_timeout\":30}"}
1546451: connection id 342115242.232334302 received message: {"event":"pusher:subscribe","data":{"auth":"ZAESRDRTDTFFTFTF:12718316102b363fc16d796979f4b1f8854a85ee29b096c27741f3968c6d61bf","channel":"private-websockets-dashboard-disconnection"}}.
Connection id 342115242.232334302 sending message {"event":"pusher_internal:subscription_succeeded","channel":"private-websockets-dashboard-disconnection"}
1546451: connection id 342115242.232334302 received message: {"event":"pusher:subscribe","data":{"auth":"ZAESRDRTDTFFTFTF:a09d7220a2d4c7e0bea737f66885cc30d809103fd86c5a003bd47174573351f4","channel":"private-websockets-dashboard-connection"}}.
Connection id 342115242.232334302 sending message {"event":"pusher_internal:subscription_succeeded","channel":"private-websockets-dashboard-connection"}
1546451: connection id 342115242.232334302 received message: {"event":"pusher:subscribe","data":{"auth":"ZAESRDRTDTFFTFTF:797f41efda0d042958af253ca893b867cc3c7495aa75ca50187cd83872038df7","channel":"private-websockets-dashboard-occupied"}}.
Connection id 342115242.232334302 sending message {"event":"log-message","channel":"private-websockets-dashboard-occupied","data":{"type":"occupied","time":"21:55:00","details":"Channel: private-websockets-dashboard-occupied"}}
Connection id 342115242.232334302 sending message {"event":"pusher_internal:subscription_succeeded","channel":"private-websockets-dashboard-occupied"}
1546451: connection id 342115242.232334302 received message: {"event":"pusher:subscribe","data":{"auth":"ZAESRDRTDTFFTFTF:1937109aaaa28611f461bbf7538095055f1ea538bb5dbf7be7f31cd07d1bcc4b","channel":"private-websockets-dashboard-subscribed"}}.
Connection id 342115242.232334302 sending message {"event":"log-message","channel":"private-websockets-dashboard-occupied","data":{"type":"occupied","time":"21:55:00","details":"Channel: private-websockets-dashboard-subscribed"}}
Connection id 342115242.232334302 sending message {"event":"log-message","channel":"private-websockets-dashboard-subscribed","data":{"type":"subscribed","time":"21:55:00","socketId":"342115242.232334302","details":"Channel: private-websockets-dashboard-subscribed"}}
Connection id 342115242.232334302 sending message {"event":"pusher_internal:subscription_succeeded","channel":"private-websockets-dashboard-subscribed"}
1546451: connection id 342115242.232334302 received message: {"event":"pusher:subscribe","data":{"auth":"ZAESRDRTDTFFTFTF:a66730c01d3fb5c02b98f5a7e2b801f3578be9431d742f6aaf3d30578e390a47","channel":"private-websockets-dashboard-vacated"}}.
Connection id 342115242.232334302 sending message {"event":"log-message","channel":"private-websockets-dashboard-occupied","data":{"type":"occupied","time":"21:55:00","details":"Channel: private-websockets-dashboard-vacated"}}
Connection id 342115242.232334302 sending message {"event":"log-message","channel":"private-websockets-dashboard-subscribed","data":{"type":"subscribed","time":"21:55:00","socketId":"342115242.232334302","details":"Channel: private-websockets-dashboard-vacated"}}
Connection id 342115242.232334302 sending message {"event":"pusher_internal:subscription_succeeded","channel":"private-websockets-dashboard-vacated"}
1546451: connection id 342115242.232334302 received message: {"event":"pusher:subscribe","data":{"auth":"ZAESRDRTDTFFTFTF:ad8cb4881d16c4e56cbe6f357099b56f36df951ced627519dab54021617f5477","channel":"private-websockets-dashboard-api-message"}}.
Connection id 342115242.232334302 sending message {"event":"log-message","channel":"private-websockets-dashboard-occupied","data":{"type":"occupied","time":"21:55:00","details":"Channel: private-websockets-dashboard-api-message"}}
Connection id 342115242.232334302 sending message {"event":"log-message","channel":"private-websockets-dashboard-subscribed","data":{"type":"subscribed","time":"21:55:00","socketId":"342115242.232334302","details":"Channel: private-websockets-dashboard-api-message"}}
Connection id 342115242.232334302 sending message {"event":"pusher_internal:subscription_succeeded","channel":"private-websockets-dashboard-api-message"}
1546451: connection id 342115242.232334302 received message: {"event":"pusher:subscribe","data":{"auth":"ZAESRDRTDTFFTFTF:531e429edeb3aff2a1736e889b5cf3acd1219ba6fbda691dbacc5201980ac1fd","channel":"private-websockets-dashboard-statistics"}}.
Connection id 342115242.232334302 sending message {"event":"log-message","channel":"private-websockets-dashboard-occupied","data":{"type":"occupied","time":"21:55:00","details":"Channel: private-websockets-dashboard-statistics"}}
Connection id 342115242.232334302 sending message {"event":"log-message","channel":"private-websockets-dashboard-subscribed","data":{"type":"subscribed","time":"21:55:00","socketId":"342115242.232334302","details":"Channel: private-websockets-dashboard-statistics"}}
Connection id 342115242.232334302 sending message {"event":"pusher_internal:subscription_succeeded","channel":"private-websockets-dashboard-statistics"}
1546451: connection id 342115242.232334302 received message: {"event":"pusher:subscribe","data":{"auth":"ZAESRDRTDTFFTFTF:79586d4ff6bd5e6b15383d26ce2afec335a9f5aa813b89852d6e063918a3050a","channel":"private-websockets-dashboard-client-message"}}.
Connection id 342115242.232334302 sending message {"event":"log-message","channel":"private-websockets-dashboard-occupied","data":{"type":"occupied","time":"21:55:01","details":"Channel: private-websockets-dashboard-client-message"}}
Connection id 342115242.232334302 sending message {"event":"log-message","channel":"private-websockets-dashboard-subscribed","data":{"type":"subscribed","time":"21:55:01","socketId":"342115242.232334302","details":"Channel: private-websockets-dashboard-client-message"}}
Connection id 342115242.232334302 sending message {"event":"pusher_internal:subscription_succeeded","channel":"private-websockets-dashboard-client-message"}
1546451: connection id 342115242.232334302 received message: {"event":"pusher:ping","data":{}}.
Connection id 342115242.232334302 sending message {"event":"pusher:pong"}
1546451: connection id 342115242.232334302 received message: {"event":"pusher:ping","data":{}}.
Connection id 342115242.232334302 sending message {"event":"pusher:pong"}
1546451: connection id 342115242.232334302 received message: {"event":"pusher:ping","data":{}}.
Connection id 342115242.232334302 sending message {"event":"pusher:pong"}
Starting the WebSocket server on port 6001...
New connection opened for app key de912209133f9ce68433.
Connection id 874081994.615689302 sending message {"event":"pusher:connection_established","data":"{\"socket_id\":\"874081994.615689302\",\"activity_timeout\":30}"}
885454: connection id 874081994.615689302 received message: {"event":"pusher:subscribe","data":{"auth":"de912209133f9ce68433:a839ef7b67e1f638ea0f5c3547c1d842c8808df3c275f6a6a91d0a9e20fc1416","channel":"private-websockets-dashboard-disconnection"}}.
Connection id 874081994.615689302 sending message {"event":"pusher_internal:subscription_succeeded","channel":"private-websockets-dashboard-disconnection"}
885454: connection id 874081994.615689302 received message: {"event":"pusher:subscribe","data":{"auth":"de912209133f9ce68433:a9d24c43b7ae5b300a21aa864edce688bfc3946837d2af14085c0d9b74766333","channel":"private-websockets-dashboard-vacated"}}.
Connection id 874081994.615689302 sending message {"event":"pusher_internal:subscription_succeeded","channel":"private-websockets-dashboard-vacated"}
885454: connection id 874081994.615689302 received message: {"event":"pusher:subscribe","data":{"auth":"de912209133f9ce68433:bd8222ae6d0e9452a069811ff32ea60abced8b74b7e60c3fddff8529a56a7cff","channel":"private-websockets-dashboard-connection"}}.
Connection id 874081994.615689302 sending message {"event":"pusher_internal:subscription_succeeded","channel":"private-websockets-dashboard-connection"}
885454: connection id 874081994.615689302 received message: {"event":"pusher:subscribe","data":{"auth":"de912209133f9ce68433:de994bec1b718a147cb1c5dba615b616cb57af8de94259d9168011a4b22843c9","channel":"private-websockets-dashboard-occupied"}}.
Connection id 874081994.615689302 sending message {"event":"log-message","channel":"private-websockets-dashboard-occupied","data":{"type":"occupied","time":"21:57:23","details":"Channel: private-websockets-dashboard-occupied"}}
Connection id 874081994.615689302 sending message {"event":"pusher_internal:subscription_succeeded","channel":"private-websockets-dashboard-occupied"}
885454: connection id 874081994.615689302 received message: {"event":"pusher:subscribe","data":{"auth":"de912209133f9ce68433:46101b146e21a28adac948b284f2af2df0d59db0a70a02555afd686c7f75f583","channel":"private-websockets-dashboard-api-message"}}.
Connection id 874081994.615689302 sending message {"event":"log-message","channel":"private-websockets-dashboard-occupied","data":{"type":"occupied","time":"21:57:23","details":"Channel: private-websockets-dashboard-api-message"}}
Connection id 874081994.615689302 sending message {"event":"pusher_internal:subscription_succeeded","channel":"private-websockets-dashboard-api-message"}
885454: connection id 874081994.615689302 received message: {"event":"pusher:subscribe","data":{"auth":"de912209133f9ce68433:4d0ab0998fa2dca7036d3880161f7f3bb2c431e0488cde16bdac1d934d6bd01c","channel":"private-websockets-dashboard-subscribed"}}.
Connection id 874081994.615689302 sending message {"event":"log-message","channel":"private-websockets-dashboard-occupied","data":{"type":"occupied","time":"21:57:23","details":"Channel: private-websockets-dashboard-subscribed"}}
Connection id 874081994.615689302 sending message {"event":"log-message","channel":"private-websockets-dashboard-subscribed","data":{"type":"subscribed","time":"21:57:23","socketId":"874081994.615689302","details":"Channel: private-websockets-dashboard-subscribed"}}
Connection id 874081994.615689302 sending message {"event":"pusher_internal:subscription_succeeded","channel":"private-websockets-dashboard-subscribed"}
885454: connection id 874081994.615689302 received message: {"event":"pusher:subscribe","data":{"auth":"de912209133f9ce68433:286a9fa012cde2d4c28b6d6d305eccf742d3378395cacffbb6d5b3d4dacd5e98","channel":"private-websockets-dashboard-statistics"}}.
Connection id 874081994.615689302 sending message {"event":"log-message","channel":"private-websockets-dashboard-occupied","data":{"type":"occupied","time":"21:57:23","details":"Channel: private-websockets-dashboard-statistics"}}
Connection id 874081994.615689302 sending message {"event":"log-message","channel":"private-websockets-dashboard-subscribed","data":{"type":"subscribed","time":"21:57:23","socketId":"874081994.615689302","details":"Channel: private-websockets-dashboard-statistics"}}
Connection id 874081994.615689302 sending message {"event":"pusher_internal:subscription_succeeded","channel":"private-websockets-dashboard-statistics"}
885454: connection id 874081994.615689302 received message: {"event":"pusher:subscribe","data":{"auth":"de912209133f9ce68433:6fbb63d7f3ce0ae8fd8afc0abe3883921cdbb0a24c1f59455a28306f4aca6152","channel":"private-websockets-dashboard-client-message"}}.
Connection id 874081994.615689302 sending message {"event":"log-message","channel":"private-websockets-dashboard-occupied","data":{"type":"occupied","time":"21:57:23","details":"Channel: private-websockets-dashboard-client-message"}}
Connection id 874081994.615689302 sending message {"event":"log-message","channel":"private-websockets-dashboard-subscribed","data":{"type":"subscribed","time":"21:57:23","socketId":"874081994.615689302","details":"Channel: private-websockets-dashboard-client-message"}}
Connection id 874081994.615689302 sending message {"event":"pusher_internal:subscription_succeeded","channel":"private-websockets-dashboard-client-message"}
885454: connection id 874081994.615689302 received message: {"event":"pusher:ping","data":{}}.
Connection id 874081994.615689302 sending message {"event":"pusher:pong"}
885454: connection id 874081994.615689302 received message: {"event":"pusher:ping","data":{}}.
Connection id 874081994.615689302 sending message {"event":"pusher:pong"}
885454: connection id 874081994.615689302 received message: {"event":"pusher:ping","data":{}}.
Connection id 874081994.615689302 sending message {"event":"pusher:pong"}
Connection id 874081994.615689302 closed.
Connection id 874081994.615689302 sending message {"event":"log-message","channel":"private-websockets-dashboard-vacated","data":{"type":"vacated","time":"21:59:00","details":"Channel: private-websockets-dashboard-disconnection"}}
New connection opened for app key de912209133f9ce68433.
Connection id 531591234.63606538 sending message {"event":"pusher:connection_established","data":"{\"socket_id\":\"531591234.63606538\",\"activity_timeout\":30}"}
885454: connection id 531591234.63606538 received message: {"event":"pusher:subscribe","data":{"auth":"de912209133f9ce68433:e13657d2fc2358def33eb9dcddacaed6c914735b01ccf6d99263f96b14be1c77","channel":"private-websockets-dashboard-disconnection"}}.
Connection id 531591234.63606538 sending message {"event":"pusher_internal:subscription_succeeded","channel":"private-websockets-dashboard-disconnection"}
885454: connection id 531591234.63606538 received message: {"event":"pusher:subscribe","data":{"auth":"de912209133f9ce68433:092efa915a1fdfa48f17ac3abd6faaa3bd70e2751aeb15817bc765571f66d7f9","channel":"private-websockets-dashboard-connection"}}.
Connection id 531591234.63606538 sending message {"event":"pusher_internal:subscription_succeeded","channel":"private-websockets-dashboard-connection"}
885454: connection id 531591234.63606538 received message: {"event":"pusher:subscribe","data":{"auth":"de912209133f9ce68433:808e2153817527176ecc1aebc52a4d0fbd3a611deefcba13623536d38849b700","channel":"private-websockets-dashboard-vacated"}}.
Connection id 531591234.63606538 sending message {"event":"pusher_internal:subscription_succeeded","channel":"private-websockets-dashboard-vacated"}
885454: connection id 531591234.63606538 received message: {"event":"pusher:subscribe","data":{"auth":"de912209133f9ce68433:0fb42a2c1ec52e21fec940b61a007bd13990b15fa51525061ec77cfcc01ce8cf","channel":"private-websockets-dashboard-subscribed"}}.
Connection id 531591234.63606538 sending message {"event":"log-message","channel":"private-websockets-dashboard-subscribed","data":{"type":"subscribed","time":"21:59:19","socketId":"531591234.63606538","details":"Channel: private-websockets-dashboard-subscribed"}}
Connection id 531591234.63606538 sending message {"event":"pusher_internal:subscription_succeeded","channel":"private-websockets-dashboard-subscribed"}
885454: connection id 531591234.63606538 received message: {"event":"pusher:subscribe","data":{"auth":"de912209133f9ce68433:313f330ea2886938791b1ced5885553dd25468bc328b79a4c91f917304ffcca5","channel":"private-websockets-dashboard-occupied"}}.
Connection id 531591234.63606538 sending message {"event":"log-message","channel":"private-websockets-dashboard-occupied","data":{"type":"occupied","time":"21:59:19","details":"Channel: private-websockets-dashboard-occupied"}}
Connection id 531591234.63606538 sending message {"event":"log-message","channel":"private-websockets-dashboard-subscribed","data":{"type":"subscribed","time":"21:59:19","socketId":"531591234.63606538","details":"Channel: private-websockets-dashboard-occupied"}}
Connection id 531591234.63606538 sending message {"event":"pusher_internal:subscription_succeeded","channel":"private-websockets-dashboard-occupied"}
885454: connection id 531591234.63606538 received message: {"event":"pusher:subscribe","data":{"auth":"de912209133f9ce68433:a6329033f86a7297773a0bcb0f0999e49e3717d44ef1df5a14a1f99583f83f04","channel":"private-websockets-dashboard-api-message"}}.
Connection id 531591234.63606538 sending message {"event":"log-message","channel":"private-websockets-dashboard-occupied","data":{"type":"occupied","time":"21:59:19","details":"Channel: private-websockets-dashboard-api-message"}}
Connection id 531591234.63606538 sending message {"event":"log-message","channel":"private-websockets-dashboard-subscribed","data":{"type":"subscribed","time":"21:59:19","socketId":"531591234.63606538","details":"Channel: private-websockets-dashboard-api-message"}}
Connection id 531591234.63606538 sending message {"event":"pusher_internal:subscription_succeeded","channel":"private-websockets-dashboard-api-message"}
885454: connection id 531591234.63606538 received message: {"event":"pusher:subscribe","data":{"auth":"de912209133f9ce68433:be5f1f5ff1fb4bb98b616caa45ed2e1609c925abd9382a441832c07c56dd18ef","channel":"private-websockets-dashboard-statistics"}}.
Connection id 531591234.63606538 sending message {"event":"log-message","channel":"private-websockets-dashboard-occupied","data":{"type":"occupied","time":"21:59:19","details":"Channel: private-websockets-dashboard-statistics"}}
Connection id 531591234.63606538 sending message {"event":"log-message","channel":"private-websockets-dashboard-subscribed","data":{"type":"subscribed","time":"21:59:19","socketId":"531591234.63606538","details":"Channel: private-websockets-dashboard-statistics"}}
Connection id 531591234.63606538 sending message {"event":"pusher_internal:subscription_succeeded","channel":"private-websockets-dashboard-statistics"}
885454: connection id 531591234.63606538 received message: {"event":"pusher:subscribe","data":{"auth":"de912209133f9ce68433:611b85b1e770389655177c095872748314b0ac370beb1cf6e21f1b102744297f","channel":"private-websockets-dashboard-client-message"}}.
Connection id 531591234.63606538 sending message {"event":"log-message","channel":"private-websockets-dashboard-occupied","data":{"type":"occupied","time":"21:59:20","details":"Channel: private-websockets-dashboard-client-message"}}
Connection id 531591234.63606538 sending message {"event":"log-message","channel":"private-websockets-dashboard-subscribed","data":{"type":"subscribed","time":"21:59:20","socketId":"531591234.63606538","details":"Channel: private-websockets-dashboard-client-message"}}
Connection id 531591234.63606538 sending message {"event":"pusher_internal:subscription_succeeded","channel":"private-websockets-dashboard-client-message"}
885454: connection id 531591234.63606538 received message: {"event":"pusher:ping","data":{}}.
Connection id 531591234.63606538 sending message {"event":"pusher:pong"}
885454: connection id 531591234.63606538 received message: {"event":"pusher:ping","data":{}}.
Connection id 531591234.63606538 sending message {"event":"pusher:pong"}
885454: connection id 531591234.63606538 received message: {"event":"pusher:ping","data":{}}.
Connection id 531591234.63606538 sending message {"event":"pusher:pong"}
885454: connection id 531591234.63606538 received message: {"event":"pusher:ping","data":{}}.
Connection id 531591234.63606538 sending message {"event":"pusher:pong"}
Starting the WebSocket server on port 6001...
New connection opened for app key de912209133f9ce68433.
Connection id 895091063.455178195 sending message {"event":"pusher:connection_established","data":"{\"socket_id\":\"895091063.455178195\",\"activity_timeout\":30}"}
885454: connection id 895091063.455178195 received message: {"event":"pusher:subscribe","data":{"auth":"de912209133f9ce68433:d104a8332436931af5f6eb00d90530ca4446c1ed5e5f1d704e45ae51d3d8fb32","channel":"private-websockets-dashboard-disconnection"}}.
Connection id 895091063.455178195 sending message {"event":"pusher_internal:subscription_succeeded","channel":"private-websockets-dashboard-disconnection"}
885454: connection id 895091063.455178195 received message: {"event":"pusher:subscribe","data":{"auth":"de912209133f9ce68433:b6aafd1a2807af172d33d5f534f2319dd9e49cc8c14ad1759c66dbd88ce40e6b","channel":"private-websockets-dashboard-connection"}}.
Connection id 895091063.455178195 sending message {"event":"pusher_internal:subscription_succeeded","channel":"private-websockets-dashboard-connection"}
885454: connection id 895091063.455178195 received message: {"event":"pusher:subscribe","data":{"auth":"de912209133f9ce68433:f317a5f2f7dd51a6c2eaf1aa1b8821f8f537bf0cc440ebf78b319677ff9f4a2e","channel":"private-websockets-dashboard-vacated"}}.
Connection id 895091063.455178195 sending message {"event":"pusher_internal:subscription_succeeded","channel":"private-websockets-dashboard-vacated"}
885454: connection id 895091063.455178195 received message: {"event":"pusher:subscribe","data":{"auth":"de912209133f9ce68433:538261f7f8000fc9304b6ed8c04b09da0ac87b767a11206bd9dc1e76b3979f04","channel":"private-websockets-dashboard-occupied"}}.
Connection id 895091063.455178195 sending message {"event":"log-message","channel":"private-websockets-dashboard-occupied","data":{"type":"occupied","time":"22:01:43","details":"Channel: private-websockets-dashboard-occupied"}}
Connection id 895091063.455178195 sending message {"event":"pusher_internal:subscription_succeeded","channel":"private-websockets-dashboard-occupied"}
885454: connection id 895091063.455178195 received message: {"event":"pusher:subscribe","data":{"auth":"de912209133f9ce68433:b0d97ff2f6ac1449a6e0e40cfa40a1f754391651e82e94dae0805c3f142d8cbe","channel":"private-websockets-dashboard-client-message"}}.
Connection id 895091063.455178195 sending message {"event":"log-message","channel":"private-websockets-dashboard-occupied","data":{"type":"occupied","time":"22:01:43","details":"Channel: private-websockets-dashboard-client-message"}}
Connection id 895091063.455178195 sending message {"event":"pusher_internal:subscription_succeeded","channel":"private-websockets-dashboard-client-message"}
885454: connection id 895091063.455178195 received message: {"event":"pusher:subscribe","data":{"auth":"de912209133f9ce68433:4fab65e5e1f5f6315ecb7e255aa2f264b552669a88133d09ca9eda1ee3501b92","channel":"private-websockets-dashboard-api-message"}}.
Connection id 895091063.455178195 sending message {"event":"log-message","channel":"private-websockets-dashboard-occupied","data":{"type":"occupied","time":"22:01:44","details":"Channel: private-websockets-dashboard-api-message"}}
Connection id 895091063.455178195 sending message {"event":"pusher_internal:subscription_succeeded","channel":"private-websockets-dashboard-api-message"}
885454: connection id 895091063.455178195 received message: {"event":"pusher:subscribe","data":{"auth":"de912209133f9ce68433:f4e3677bcf063219f4906d415dba0c2f5be05db2a5d7b53a7b9ab2d7e90b3612","channel":"private-websockets-dashboard-statistics"}}.
Connection id 895091063.455178195 sending message {"event":"log-message","channel":"private-websockets-dashboard-occupied","data":{"type":"occupied","time":"22:01:44","details":"Channel: private-websockets-dashboard-statistics"}}
Connection id 895091063.455178195 sending message {"event":"pusher_internal:subscription_succeeded","channel":"private-websockets-dashboard-statistics"}
885454: connection id 895091063.455178195 received message: {"event":"pusher:subscribe","data":{"auth":"de912209133f9ce68433:6f200f24b38614fcc58ff4015ddfef4085b4f9665e7d87441da3e7bc43629c0f","channel":"private-websockets-dashboard-subscribed"}}.
Connection id 895091063.455178195 sending message {"event":"log-message","channel":"private-websockets-dashboard-occupied","data":{"type":"occupied","time":"22:01:44","details":"Channel: private-websockets-dashboard-subscribed"}}
Connection id 895091063.455178195 sending message {"event":"log-message","channel":"private-websockets-dashboard-subscribed","data":{"type":"subscribed","time":"22:01:44","socketId":"895091063.455178195","details":"Channel: private-websockets-dashboard-subscribed"}}
Connection id 895091063.455178195 sending message {"event":"pusher_internal:subscription_succeeded","channel":"private-websockets-dashboard-subscribed"}
Connection id 895091063.455178195 closed.
Connection id 895091063.455178195 sending message {"event":"log-message","channel":"private-websockets-dashboard-vacated","data":{"type":"vacated","time":"22:01:49","details":"Channel: private-websockets-dashboard-disconnection"}}
Connection id 895091063.455178195 sending message {"event":"log-message","channel":"private-websockets-dashboard-vacated","data":{"type":"vacated","time":"22:01:49","details":"Channel: private-websockets-dashboard-connection"}}
New connection opened for app key de912209133f9ce68433.
Connection id 367672975.263807058 sending message {"event":"pusher:connection_established","data":"{\"socket_id\":\"367672975.263807058\",\"activity_timeout\":30}"}
885454: connection id 367672975.263807058 received message: {"event":"pusher:subscribe","data":{"auth":"de912209133f9ce68433:9692971186edb1c3513d9b2bd94b8ee1b42042deecf80260fe8003516fae230b","channel":"private-websockets-dashboard-connection"}}.
Connection id 367672975.263807058 sending message {"event":"pusher_internal:subscription_succeeded","channel":"private-websockets-dashboard-connection"}
885454: connection id 367672975.263807058 received message: {"event":"pusher:subscribe","data":{"auth":"de912209133f9ce68433:d0a366e11e2039465554b02e183c1382edacf37f5432fd5527ca52e7fc2b3bdb","channel":"private-websockets-dashboard-disconnection"}}.
Connection id 367672975.263807058 sending message {"event":"pusher_internal:subscription_succeeded","channel":"private-websockets-dashboard-disconnection"}
885454: connection id 367672975.263807058 received message: {"event":"pusher:subscribe","data":{"auth":"de912209133f9ce68433:12849667e9604f6671e1fd81f3348748688c9a3e08e2e7ecc9ee218dc97aef61","channel":"private-websockets-dashboard-vacated"}}.
Connection id 367672975.263807058 sending message {"event":"pusher_internal:subscription_succeeded","channel":"private-websockets-dashboard-vacated"}
885454: connection id 367672975.263807058 received message: {"event":"pusher:subscribe","data":{"auth":"de912209133f9ce68433:a621bb7f75e8064a928ee012ff718f37fee3a7c49aab562daf0f94c32c175c2e","channel":"private-websockets-dashboard-client-message"}}.
Connection id 367672975.263807058 sending message {"event":"pusher_internal:subscription_succeeded","channel":"private-websockets-dashboard-client-message"}
885454: connection id 367672975.263807058 received message: {"event":"pusher:subscribe","data":{"auth":"de912209133f9ce68433:9e26484570b70a3fe8261e47ba863e83a1b93f68d6d3dcea31c26e051aa69d6e","channel":"private-websockets-dashboard-subscribed"}}.
Connection id 367672975.263807058 sending message {"event":"log-message","channel":"private-websockets-dashboard-subscribed","data":{"type":"subscribed","time":"22:01:50","socketId":"367672975.263807058","details":"Channel: private-websockets-dashboard-subscribed"}}
Connection id 367672975.263807058 sending message {"event":"pusher_internal:subscription_succeeded","channel":"private-websockets-dashboard-subscribed"}
885454: connection id 367672975.263807058 received message: {"event":"pusher:subscribe","data":{"auth":"de912209133f9ce68433:51757d41428af9e6f42baa02ae5968bf4467e580008af55d09192d04715d6547","channel":"private-websockets-dashboard-occupied"}}.
Connection id 367672975.263807058 sending message {"event":"log-message","channel":"private-websockets-dashboard-occupied","data":{"type":"occupied","time":"22:01:50","details":"Channel: private-websockets-dashboard-occupied"}}
Connection id 367672975.263807058 sending message {"event":"log-message","channel":"private-websockets-dashboard-subscribed","data":{"type":"subscribed","time":"22:01:50","socketId":"367672975.263807058","details":"Channel: private-websockets-dashboard-occupied"}}
Connection id 367672975.263807058 sending message {"event":"pusher_internal:subscription_succeeded","channel":"private-websockets-dashboard-occupied"}
885454: connection id 367672975.263807058 received message: {"event":"pusher:subscribe","data":{"auth":"de912209133f9ce68433:ca1b2050b9d49fbf32f80624b3bb83dc26dca8b155ea00cda6fc0ff38b3c6664","channel":"private-websockets-dashboard-statistics"}}.
Connection id 367672975.263807058 sending message {"event":"log-message","channel":"private-websockets-dashboard-occupied","data":{"type":"occupied","time":"22:01:50","details":"Channel: private-websockets-dashboard-statistics"}}
Connection id 367672975.263807058 sending message {"event":"log-message","channel":"private-websockets-dashboard-subscribed","data":{"type":"subscribed","time":"22:01:50","socketId":"367672975.263807058","details":"Channel: private-websockets-dashboard-statistics"}}
Connection id 367672975.263807058 sending message {"event":"pusher_internal:subscription_succeeded","channel":"private-websockets-dashboard-statistics"}
885454: connection id 367672975.263807058 received message: {"event":"pusher:subscribe","data":{"auth":"de912209133f9ce68433:eb28df8e55436ec9870afbfd1955a1bd9e58594150fb355faa29c8d23bbe9f09","channel":"private-websockets-dashboard-api-message"}}.
Connection id 367672975.263807058 sending message {"event":"log-message","channel":"private-websockets-dashboard-occupied","data":{"type":"occupied","time":"22:01:51","details":"Channel: private-websockets-dashboard-api-message"}}
Connection id 367672975.263807058 sending message {"event":"log-message","channel":"private-websockets-dashboard-subscribed","data":{"type":"subscribed","time":"22:01:51","socketId":"367672975.263807058","details":"Channel: private-websockets-dashboard-api-message"}}
Connection id 367672975.263807058 sending message {"event":"pusher_internal:subscription_succeeded","channel":"private-websockets-dashboard-api-message"}
885454: connection id 367672975.263807058 received message: {"event":"pusher:ping","data":{}}.
Connection id 367672975.263807058 sending message {"event":"pusher:pong"}
885454: connection id 367672975.263807058 received message: {"event":"pusher:ping","data":{}}.
Connection id 367672975.263807058 sending message {"event":"pusher:pong"}
885454: connection id 367672975.263807058 received message: {"event":"pusher:ping","data":{}}.
Connection id 367672975.263807058 sending message {"event":"pusher:pong"}
885454: connection id 367672975.263807058 received message: {"event":"pusher:ping","data":{}}.
Connection id 367672975.263807058 sending message {"event":"pusher:pong"}
885454: connection id 367672975.263807058 received message: {"event":"pusher:ping","data":{}}.
Connection id 367672975.263807058 sending message {"event":"pusher:pong"}
885454: connection id 367672975.263807058 received message: {"event":"pusher:ping","data":{}}.
Connection id 367672975.263807058 sending message {"event":"pusher:pong"}
885454: connection id 367672975.263807058 received message: {"event":"pusher:ping","data":{}}.
Connection id 367672975.263807058 sending message {"event":"pusher:pong"}
885454: connection id 367672975.263807058 received message: {"event":"pusher:ping","data":{}}.
Connection id 367672975.263807058 sending message {"event":"pusher:pong"}
Starting the WebSocket server on port 6001...
New connection opened for app key de912209133f9ce68433.
Connection id 113138700.316079832 sending message {"event":"pusher:connection_established","data":"{\"socket_id\":\"113138700.316079832\",\"activity_timeout\":30}"}
885454: connection id 113138700.316079832 received message: {"event":"pusher:subscribe","data":{"auth":"de912209133f9ce68433:32e0856971b398f0f5421a143597cc1143c4e90f400ebe7bd791dd1739f0428c","channel":"private-websockets-dashboard-disconnection"}}.
Connection id 113138700.316079832 sending message {"event":"pusher_internal:subscription_succeeded","channel":"private-websockets-dashboard-disconnection"}
885454: connection id 113138700.316079832 received message: {"event":"pusher:subscribe","data":{"auth":"de912209133f9ce68433:c01454493e00d6c9ea5b67a9a0e09009b8d61657a88974e3913ff9aa3c7a9531","channel":"private-websockets-dashboard-vacated"}}.
Connection id 113138700.316079832 sending message {"event":"pusher_internal:subscription_succeeded","channel":"private-websockets-dashboard-vacated"}
885454: connection id 113138700.316079832 received message: {"event":"pusher:subscribe","data":{"auth":"de912209133f9ce68433:fd72a9f9fa4877a25391a7933da500230d434fdd748400f08a4690b19c6e2282","channel":"private-websockets-dashboard-occupied"}}.
Connection id 113138700.316079832 sending message {"event":"log-message","channel":"private-websockets-dashboard-occupied","data":{"type":"occupied","time":"22:06:30","details":"Channel: private-websockets-dashboard-occupied"}}
Connection id 113138700.316079832 sending message {"event":"pusher_internal:subscription_succeeded","channel":"private-websockets-dashboard-occupied"}
885454: connection id 113138700.316079832 received message: {"event":"pusher:subscribe","data":{"auth":"de912209133f9ce68433:d775d6a74f5c612f19dce9f65cb49b6f0bf6f4b2ef19cc9ac21603b52f788fb6","channel":"private-websockets-dashboard-connection"}}.
Connection id 113138700.316079832 sending message {"event":"log-message","channel":"private-websockets-dashboard-occupied","data":{"type":"occupied","time":"22:06:30","details":"Channel: private-websockets-dashboard-connection"}}
Connection id 113138700.316079832 sending message {"event":"pusher_internal:subscription_succeeded","channel":"private-websockets-dashboard-connection"}
885454: connection id 113138700.316079832 received message: {"event":"pusher:subscribe","data":{"auth":"de912209133f9ce68433:bbcbfd2eb24c4d9751277db66725dfcd25eac5b87a4621400817a7d781ae6b51","channel":"private-websockets-dashboard-client-message"}}.
Connection id 113138700.316079832 sending message {"event":"log-message","channel":"private-websockets-dashboard-occupied","data":{"type":"occupied","time":"22:06:30","details":"Channel: private-websockets-dashboard-client-message"}}
Connection id 113138700.316079832 sending message {"event":"pusher_internal:subscription_succeeded","channel":"private-websockets-dashboard-client-message"}
885454: connection id 113138700.316079832 received message: {"event":"pusher:subscribe","data":{"auth":"de912209133f9ce68433:172fcfc107603c80138f17f90d5ff6f82f96549dc30b64d0a8da38e940a9b59e","channel":"private-websockets-dashboard-api-message"}}.
Connection id 113138700.316079832 sending message {"event":"log-message","channel":"private-websockets-dashboard-occupied","data":{"type":"occupied","time":"22:06:30","details":"Channel: private-websockets-dashboard-api-message"}}
Connection id 113138700.316079832 sending message {"event":"pusher_internal:subscription_succeeded","channel":"private-websockets-dashboard-api-message"}
885454: connection id 113138700.316079832 received message: {"event":"pusher:subscribe","data":{"auth":"de912209133f9ce68433:64ae2436a01401ee574de31e6cc4c3181e1bac3775b8a779516a9b0b429c6889","channel":"private-websockets-dashboard-statistics"}}.
Connection id 113138700.316079832 sending message {"event":"log-message","channel":"private-websockets-dashboard-occupied","data":{"type":"occupied","time":"22:06:30","details":"Channel: private-websockets-dashboard-statistics"}}
Connection id 113138700.316079832 sending message {"event":"pusher_internal:subscription_succeeded","channel":"private-websockets-dashboard-statistics"}
885454: connection id 113138700.316079832 received message: {"event":"pusher:subscribe","data":{"auth":"de912209133f9ce68433:0c0d46261b0dbeff414d0c0d2597e4218d3a25fa03df1781de9d3de83421ae10","channel":"private-websockets-dashboard-subscribed"}}.
Connection id 113138700.316079832 sending message {"event":"log-message","channel":"private-websockets-dashboard-occupied","data":{"type":"occupied","time":"22:06:30","details":"Channel: private-websockets-dashboard-subscribed"}}
Connection id 113138700.316079832 sending message {"event":"log-message","channel":"private-websockets-dashboard-subscribed","data":{"type":"subscribed","time":"22:06:30","socketId":"113138700.316079832","details":"Channel: private-websockets-dashboard-subscribed"}}
Connection id 113138700.316079832 sending message {"event":"pusher_internal:subscription_succeeded","channel":"private-websockets-dashboard-subscribed"}
885454: connection id 113138700.316079832 received message: {"event":"pusher:ping","data":{}}.
Connection id 113138700.316079832 sending message {"event":"pusher:pong"}
885454: connection id 113138700.316079832 received message: {"event":"pusher:ping","data":{}}.
Connection id 113138700.316079832 sending message {"event":"pusher:pong"}
885454: connection id 113138700.316079832 received message: {"event":"pusher:ping","data":{}}.
Connection id 113138700.316079832 sending message {"event":"pusher:pong"}
885454: connection id 113138700.316079832 received message: {"event":"pusher:ping","data":{}}.
Connection id 113138700.316079832 sending message {"event":"pusher:pong"}
885454: connection id 113138700.316079832 received message: {"event":"pusher:ping","data":{}}.
Connection id 113138700.316079832 sending message {"event":"pusher:pong"}
885454: connection id 113138700.316079832 received message: {"event":"pusher:ping","data":{}}.
Connection id 113138700.316079832 sending message {"event":"pusher:pong"}
885454: connection id 113138700.316079832 received message: {"event":"pusher:ping","data":{}}.
Connection id 113138700.316079832 sending message {"event":"pusher:pong"}
885454: connection id 113138700.316079832 received message: {"event":"pusher:ping","data":{}}.
Connection id 113138700.316079832 sending message {"event":"pusher:pong"}
885454: connection id 113138700.316079832 received message: {"event":"pusher:ping","data":{}}.
Connection id 113138700.316079832 sending message {"event":"pusher:pong"}
885454: connection id 113138700.316079832 received message: {"event":"pusher:ping","data":{}}.
Connection id 113138700.316079832 sending message {"event":"pusher:pong"}
885454: connection id 113138700.316079832 received message: {"event":"pusher:ping","data":{}}.
Connection id 113138700.316079832 sending message {"event":"pusher:pong"}
885454: connection id 113138700.316079832 received message: {"event":"pusher:ping","data":{}}.
Connection id 113138700.316079832 sending message {"event":"pusher:pong"}
885454: connection id 113138700.316079832 received message: {"event":"pusher:ping","data":{}}.
Connection id 113138700.316079832 sending message {"event":"pusher:pong"}
885454: connection id 113138700.316079832 received message: {"event":"pusher:ping","data":{}}.
Connection id 113138700.316079832 sending message {"event":"pusher:pong"}
885454: connection id 113138700.316079832 received message: {"event":"pusher:ping","data":{}}.
Connection id 113138700.316079832 sending message {"event":"pusher:pong"}
885454: connection id 113138700.316079832 received message: {"event":"pusher:ping","data":{}}.
Connection id 113138700.316079832 sending message {"event":"pusher:pong"}
885454: connection id 113138700.316079832 received message: {"event":"pusher:ping","data":{}}.
Connection id 113138700.316079832 sending message {"event":"pusher:pong"}
Starting the WebSocket server on port 6001...
New connection opened for app key de912209133f9ce68433.
Connection id 464658762.519198275 sending message {"event":"pusher:connection_established","data":"{\"socket_id\":\"464658762.519198275\",\"activity_timeout\":30}"}
885454: connection id 464658762.519198275 received message: {"event":"pusher:subscribe","data":{"auth":"de912209133f9ce68433:240c1e35e6a4b56ca942629b5f45f5ae69a6efc2c78f5013c170a99c477068e6","channel":"private-websockets-dashboard-vacated"}}.
Connection id 464658762.519198275 sending message {"event":"pusher_internal:subscription_succeeded","channel":"private-websockets-dashboard-vacated"}
885454: connection id 464658762.519198275 received message: {"event":"pusher:subscribe","data":{"auth":"de912209133f9ce68433:6c66adf88f6e0cd5b666d8d773587794a993a57c43187efba08ff8d0b6f5f6e9","channel":"private-websockets-dashboard-connection"}}.
Connection id 464658762.519198275 sending message {"event":"pusher_internal:subscription_succeeded","channel":"private-websockets-dashboard-connection"}
885454: connection id 464658762.519198275 received message: {"event":"pusher:subscribe","data":{"auth":"de912209133f9ce68433:952d7054c04ba82c0bf1e7f7a41bcecac9dc42e3e20c4711b65fd00bc6ad8f69","channel":"private-websockets-dashboard-disconnection"}}.
Connection id 464658762.519198275 sending message {"event":"pusher_internal:subscription_succeeded","channel":"private-websockets-dashboard-disconnection"}
885454: connection id 464658762.519198275 received message: {"event":"pusher:subscribe","data":{"auth":"de912209133f9ce68433:c4c6035f3dd1387e5b908ec9c5971d4f13b36c5f223101afc3a7f37565888713","channel":"private-websockets-dashboard-subscribed"}}.
Connection id 464658762.519198275 sending message {"event":"log-message","channel":"private-websockets-dashboard-subscribed","data":{"type":"subscribed","time":"22:15:18","socketId":"464658762.519198275","details":"Channel: private-websockets-dashboard-subscribed"}}
Connection id 464658762.519198275 sending message {"event":"pusher_internal:subscription_succeeded","channel":"private-websockets-dashboard-subscribed"}
885454: connection id 464658762.519198275 received message: {"event":"pusher:subscribe","data":{"auth":"de912209133f9ce68433:c0bf0f2a90cf69ab74bd5c4c99476feb63450fc6b9b42cff951b974b11cbffb4","channel":"private-websockets-dashboard-occupied"}}.
Connection id 464658762.519198275 sending message {"event":"log-message","channel":"private-websockets-dashboard-occupied","data":{"type":"occupied","time":"22:15:18","details":"Channel: private-websockets-dashboard-occupied"}}
Connection id 464658762.519198275 sending message {"event":"log-message","channel":"private-websockets-dashboard-subscribed","data":{"type":"subscribed","time":"22:15:18","socketId":"464658762.519198275","details":"Channel: private-websockets-dashboard-occupied"}}
Connection id 464658762.519198275 sending message {"event":"pusher_internal:subscription_succeeded","channel":"private-websockets-dashboard-occupied"}
885454: connection id 464658762.519198275 received message: {"event":"pusher:subscribe","data":{"auth":"de912209133f9ce68433:5ebe78cdcadea5c0388e3c852874d61c5eccd62e554fb281e3e91c649c410f6b","channel":"private-websockets-dashboard-api-message"}}.
Connection id 464658762.519198275 sending message {"event":"log-message","channel":"private-websockets-dashboard-occupied","data":{"type":"occupied","time":"22:15:18","details":"Channel: private-websockets-dashboard-api-message"}}
Connection id 464658762.519198275 sending message {"event":"log-message","channel":"private-websockets-dashboard-subscribed","data":{"type":"subscribed","time":"22:15:18","socketId":"464658762.519198275","details":"Channel: private-websockets-dashboard-api-message"}}
Connection id 464658762.519198275 sending message {"event":"pusher_internal:subscription_succeeded","channel":"private-websockets-dashboard-api-message"}
885454: connection id 464658762.519198275 received message: {"event":"pusher:subscribe","data":{"auth":"de912209133f9ce68433:eed9d2608fbcae953ea23b4a8664c9b06c7726e1f8251ef7d4942ad175dcff31","channel":"private-websockets-dashboard-statistics"}}.
Connection id 464658762.519198275 sending message {"event":"log-message","channel":"private-websockets-dashboard-occupied","data":{"type":"occupied","time":"22:15:18","details":"Channel: private-websockets-dashboard-statistics"}}
Connection id 464658762.519198275 sending message {"event":"log-message","channel":"private-websockets-dashboard-subscribed","data":{"type":"subscribed","time":"22:15:18","socketId":"464658762.519198275","details":"Channel: private-websockets-dashboard-statistics"}}
Connection id 464658762.519198275 sending message {"event":"pusher_internal:subscription_succeeded","channel":"private-websockets-dashboard-statistics"}
885454: connection id 464658762.519198275 received message: {"event":"pusher:subscribe","data":{"auth":"de912209133f9ce68433:9e4b89f0e023b3e813c90924a7f1f1ac68ea68d655f88009451e67252998e70d","channel":"private-websockets-dashboard-client-message"}}.
Connection id 464658762.519198275 sending message {"event":"log-message","channel":"private-websockets-dashboard-occupied","data":{"type":"occupied","time":"22:15:18","details":"Channel: private-websockets-dashboard-client-message"}}
Connection id 464658762.519198275 sending message {"event":"log-message","channel":"private-websockets-dashboard-subscribed","data":{"type":"subscribed","time":"22:15:18","socketId":"464658762.519198275","details":"Channel: private-websockets-dashboard-client-message"}}
Connection id 464658762.519198275 sending message {"event":"pusher_internal:subscription_succeeded","channel":"private-websockets-dashboard-client-message"}
885454: connection id 464658762.519198275 received message: {"event":"pusher:ping","data":{}}.
Connection id 464658762.519198275 sending message {"event":"pusher:pong"}
885454: connection id 464658762.519198275 received message: {"event":"pusher:ping","data":{}}.
Connection id 464658762.519198275 sending message {"event":"pusher:pong"}
Starting the WebSocket server on port 6001...
New connection opened for app key de912209133f9ce68433.
Connection id 215923788.687664240 sending message {"event":"pusher:connection_established","data":"{\"socket_id\":\"215923788.687664240\",\"activity_timeout\":30}"}
885454: connection id 215923788.687664240 received message: {"event":"pusher:subscribe","data":{"auth":"de912209133f9ce68433:7cbbfafb2d2cef6573d1a817125ce2bc6dc0fd837d6040f909cd38487bc1e4e8","channel":"private-websockets-dashboard-vacated"}}.
Connection id 215923788.687664240 sending message {"event":"pusher_internal:subscription_succeeded","channel":"private-websockets-dashboard-vacated"}
885454: connection id 215923788.687664240 received message: {"event":"pusher:subscribe","data":{"auth":"de912209133f9ce68433:14e403820083369f9c572dc8c23d44a6f44898907e64c153162806428bb3e490","channel":"private-websockets-dashboard-connection"}}.
Connection id 215923788.687664240 sending message {"event":"pusher_internal:subscription_succeeded","channel":"private-websockets-dashboard-connection"}
885454: connection id 215923788.687664240 received message: {"event":"pusher:subscribe","data":{"auth":"de912209133f9ce68433:c75cd0638f4bb60a4253072453b259765394cdf290c7e4def4a1fcc99aafe36b","channel":"private-websockets-dashboard-occupied"}}.
Connection id 215923788.687664240 sending message {"event":"log-message","channel":"private-websockets-dashboard-occupied","data":{"type":"occupied","time":"22:16:25","details":"Channel: private-websockets-dashboard-occupied"}}
Connection id 215923788.687664240 sending message {"event":"pusher_internal:subscription_succeeded","channel":"private-websockets-dashboard-occupied"}
885454: connection id 215923788.687664240 received message: {"event":"pusher:subscribe","data":{"auth":"de912209133f9ce68433:ecdf5eadeeead4904369bf1c5d54c1aeb2935c25c0449d481b36d142b7fb010c","channel":"private-websockets-dashboard-subscribed"}}.
Connection id 215923788.687664240 sending message {"event":"log-message","channel":"private-websockets-dashboard-occupied","data":{"type":"occupied","time":"22:16:25","details":"Channel: private-websockets-dashboard-subscribed"}}
Connection id 215923788.687664240 sending message {"event":"log-message","channel":"private-websockets-dashboard-subscribed","data":{"type":"subscribed","time":"22:16:25","socketId":"215923788.687664240","details":"Channel: private-websockets-dashboard-subscribed"}}
Connection id 215923788.687664240 sending message {"event":"pusher_internal:subscription_succeeded","channel":"private-websockets-dashboard-subscribed"}
885454: connection id 215923788.687664240 received message: {"event":"pusher:subscribe","data":{"auth":"de912209133f9ce68433:4aea8a015060d29edc5f9b1c35378fc8d7f3ac71b193375e380342510ea15cda","channel":"private-websockets-dashboard-disconnection"}}.
Connection id 215923788.687664240 sending message {"event":"log-message","channel":"private-websockets-dashboard-occupied","data":{"type":"occupied","time":"22:16:25","details":"Channel: private-websockets-dashboard-disconnection"}}
Connection id 215923788.687664240 sending message {"event":"log-message","channel":"private-websockets-dashboard-subscribed","data":{"type":"subscribed","time":"22:16:25","socketId":"215923788.687664240","details":"Channel: private-websockets-dashboard-disconnection"}}
Connection id 215923788.687664240 sending message {"event":"pusher_internal:subscription_succeeded","channel":"private-websockets-dashboard-disconnection"}
885454: connection id 215923788.687664240 received message: {"event":"pusher:subscribe","data":{"auth":"de912209133f9ce68433:ce0ff1016f9aae3547855460986eb4c63fe1a0a788e69632df101400230a10dd","channel":"private-websockets-dashboard-api-message"}}.
Connection id 215923788.687664240 sending message {"event":"log-message","channel":"private-websockets-dashboard-occupied","data":{"type":"occupied","time":"22:16:25","details":"Channel: private-websockets-dashboard-api-message"}}
Connection id 215923788.687664240 sending message {"event":"log-message","channel":"private-websockets-dashboard-subscribed","data":{"type":"subscribed","time":"22:16:25","socketId":"215923788.687664240","details":"Channel: private-websockets-dashboard-api-message"}}
Connection id 215923788.687664240 sending message {"event":"pusher_internal:subscription_succeeded","channel":"private-websockets-dashboard-api-message"}
885454: connection id 215923788.687664240 received message: {"event":"pusher:subscribe","data":{"auth":"de912209133f9ce68433:806089dce1807ba746996d08bd26c3f4013431b6156286eaefa431a66f685e45","channel":"private-websockets-dashboard-statistics"}}.
Connection id 215923788.687664240 sending message {"event":"log-message","channel":"private-websockets-dashboard-occupied","data":{"type":"occupied","time":"22:16:25","details":"Channel: private-websockets-dashboard-statistics"}}
Connection id 215923788.687664240 sending message {"event":"log-message","channel":"private-websockets-dashboard-subscribed","data":{"type":"subscribed","time":"22:16:25","socketId":"215923788.687664240","details":"Channel: private-websockets-dashboard-statistics"}}
Connection id 215923788.687664240 sending message {"event":"pusher_internal:subscription_succeeded","channel":"private-websockets-dashboard-statistics"}
885454: connection id 215923788.687664240 received message: {"event":"pusher:subscribe","data":{"auth":"de912209133f9ce68433:54fa2d817728b57596b425228d900f82245cb840267bed43d0065b4561265bbd","channel":"private-websockets-dashboard-client-message"}}.
Connection id 215923788.687664240 sending message {"event":"log-message","channel":"private-websockets-dashboard-occupied","data":{"type":"occupied","time":"22:16:26","details":"Channel: private-websockets-dashboard-client-message"}}
Connection id 215923788.687664240 sending message {"event":"log-message","channel":"private-websockets-dashboard-subscribed","data":{"type":"subscribed","time":"22:16:26","socketId":"215923788.687664240","details":"Channel: private-websockets-dashboard-client-message"}}
Connection id 215923788.687664240 sending message {"event":"pusher_internal:subscription_succeeded","channel":"private-websockets-dashboard-client-message"}
Connection id 215923788.687664240 closed.
New connection opened for app key de912209133f9ce68433.
Connection id 815913633.743112844 sending message {"event":"pusher:connection_established","data":"{\"socket_id\":\"815913633.743112844\",\"activity_timeout\":30}"}
885454: connection id 815913633.743112844 received message: {"event":"pusher:subscribe","data":{"auth":"de912209133f9ce68433:a49eda9467a4148501e4e0f7e31622a9144362be562b57381ea6e60cf31f1f55","channel":"private-websockets-dashboard-disconnection"}}.
Connection id 815913633.743112844 sending message {"event":"pusher_internal:subscription_succeeded","channel":"private-websockets-dashboard-disconnection"}
885454: connection id 815913633.743112844 received message: {"event":"pusher:subscribe","data":{"auth":"de912209133f9ce68433:e68402a72c0ebcd2ac43cb413c7d808e59e1c210f60e362f4650667becc928fa","channel":"private-websockets-dashboard-vacated"}}.
Connection id 815913633.743112844 sending message {"event":"pusher_internal:subscription_succeeded","channel":"private-websockets-dashboard-vacated"}
885454: connection id 815913633.743112844 received message: {"event":"pusher:subscribe","data":{"auth":"de912209133f9ce68433:6e29457f732a62bae6312d996b661d500d6401560748fa7367af61f230cad09d","channel":"private-websockets-dashboard-connection"}}.
Connection id 815913633.743112844 sending message {"event":"pusher_internal:subscription_succeeded","channel":"private-websockets-dashboard-connection"}
885454: connection id 815913633.743112844 received message: {"event":"pusher:subscribe","data":{"auth":"de912209133f9ce68433:29e32a9bc52e00f62029be192d486a17666624b1ff0022b357159646b6970236","channel":"private-websockets-dashboard-occupied"}}.
Connection id 815913633.743112844 sending message {"event":"log-message","channel":"private-websockets-dashboard-occupied","data":{"type":"occupied","time":"22:16:34","details":"Channel: private-websockets-dashboard-occupied"}}
Connection id 815913633.743112844 sending message {"event":"pusher_internal:subscription_succeeded","channel":"private-websockets-dashboard-occupied"}
885454: connection id 815913633.743112844 received message: {"event":"pusher:subscribe","data":{"auth":"de912209133f9ce68433:944c76f0c040fe04dfaae4ab793c6e62a5a2aa270e85895b7303205bd334259d","channel":"private-websockets-dashboard-subscribed"}}.
Connection id 815913633.743112844 sending message {"event":"log-message","channel":"private-websockets-dashboard-occupied","data":{"type":"occupied","time":"22:16:34","details":"Channel: private-websockets-dashboard-subscribed"}}
Connection id 815913633.743112844 sending message {"event":"log-message","channel":"private-websockets-dashboard-subscribed","data":{"type":"subscribed","time":"22:16:34","socketId":"815913633.743112844","details":"Channel: private-websockets-dashboard-subscribed"}}
Connection id 815913633.743112844 sending message {"event":"pusher_internal:subscription_succeeded","channel":"private-websockets-dashboard-subscribed"}
885454: connection id 815913633.743112844 received message: {"event":"pusher:subscribe","data":{"auth":"de912209133f9ce68433:b542d6598b829a0e399ba7e539269990e3ca821678e397e4b85512a05358ed98","channel":"private-websockets-dashboard-client-message"}}.
Connection id 815913633.743112844 sending message {"event":"log-message","channel":"private-websockets-dashboard-occupied","data":{"type":"occupied","time":"22:16:34","details":"Channel: private-websockets-dashboard-client-message"}}
Connection id 815913633.743112844 sending message {"event":"log-message","channel":"private-websockets-dashboard-subscribed","data":{"type":"subscribed","time":"22:16:34","socketId":"815913633.743112844","details":"Channel: private-websockets-dashboard-client-message"}}
Connection id 815913633.743112844 sending message {"event":"pusher_internal:subscription_succeeded","channel":"private-websockets-dashboard-client-message"}
885454: connection id 815913633.743112844 received message: {"event":"pusher:subscribe","data":{"auth":"de912209133f9ce68433:b82431ee4f34995d382536869a885788f5f3562f3a6f1100d4310692233887b3","channel":"private-websockets-dashboard-api-message"}}.
Connection id 815913633.743112844 sending message {"event":"log-message","channel":"private-websockets-dashboard-occupied","data":{"type":"occupied","time":"22:16:34","details":"Channel: private-websockets-dashboard-api-message"}}
Connection id 815913633.743112844 sending message {"event":"log-message","channel":"private-websockets-dashboard-subscribed","data":{"type":"subscribed","time":"22:16:34","socketId":"815913633.743112844","details":"Channel: private-websockets-dashboard-api-message"}}
Connection id 815913633.743112844 sending message {"event":"pusher_internal:subscription_succeeded","channel":"private-websockets-dashboard-api-message"}
885454: connection id 815913633.743112844 received message: {"event":"pusher:subscribe","data":{"auth":"de912209133f9ce68433:0205d5a794c029ceb0d308595037f3c5be90c2380804a28b1f17df0d6f0040ad","channel":"private-websockets-dashboard-statistics"}}.
Connection id 815913633.743112844 sending message {"event":"log-message","channel":"private-websockets-dashboard-occupied","data":{"type":"occupied","time":"22:16:34","details":"Channel: private-websockets-dashboard-statistics"}}
Connection id 815913633.743112844 sending message {"event":"log-message","channel":"private-websockets-dashboard-subscribed","data":{"type":"subscribed","time":"22:16:34","socketId":"815913633.743112844","details":"Channel: private-websockets-dashboard-statistics"}}
Connection id 815913633.743112844 sending message {"event":"pusher_internal:subscription_succeeded","channel":"private-websockets-dashboard-statistics"}
885454: connection id 815913633.743112844 received message: {"event":"pusher:ping","data":{}}.
Connection id 815913633.743112844 sending message {"event":"pusher:pong"}
885454: connection id 815913633.743112844 received message: {"event":"pusher:ping","data":{}}.
Connection id 815913633.743112844 sending message {"event":"pusher:pong"}
885454: connection id 815913633.743112844 received message: {"event":"pusher:ping","data":{}}.
Connection id 815913633.743112844 sending message {"event":"pusher:pong"}
885454: connection id 815913633.743112844 received message: {"event":"pusher:ping","data":{}}.
Connection id 815913633.743112844 sending message {"event":"pusher:pong"}
885454: connection id 815913633.743112844 received message: {"event":"pusher:ping","data":{}}.
Connection id 815913633.743112844 sending message {"event":"pusher:pong"}
885454: connection id 815913633.743112844 received message: {"event":"pusher:ping","data":{}}.
Connection id 815913633.743112844 sending message {"event":"pusher:pong"}
885454: connection id 815913633.743112844 received message: {"event":"pusher:ping","data":{}}.
Connection id 815913633.743112844 sending message {"event":"pusher:pong"}
Starting the WebSocket server on port 6001...
New connection opened for app key de912209133f9ce68433.
Exception `BeyondCode\LaravelWebSockets\WebSockets\Exceptions\UnknownAppKey` thrown: `Could not find app key `de912209133f9ce68433`.`
Unknown app id: exception `BeyondCode\LaravelWebSockets\WebSockets\Exceptions\UnknownAppKey` thrown: `Could not find app key `de912209133f9ce68433`.`.
Connection id  sending message {"event":"pusher:error","data":{"message":"Could not find app key `de912209133f9ce68433`.","code":4001}}
Connection id  closed.
Exception `ErrorException` thrown: `Undefined property: Ratchet\Server\IoConnection::$app`
New connection opened for app key de912209133f9ce68433.
Exception `BeyondCode\LaravelWebSockets\WebSockets\Exceptions\UnknownAppKey` thrown: `Could not find app key `de912209133f9ce68433`.`
Unknown app id: exception `BeyondCode\LaravelWebSockets\WebSockets\Exceptions\UnknownAppKey` thrown: `Could not find app key `de912209133f9ce68433`.`.
Connection id  sending message {"event":"pusher:error","data":{"message":"Could not find app key `de912209133f9ce68433`.","code":4001}}
Connection id  closed.
Exception `ErrorException` thrown: `Undefined property: Ratchet\Server\IoConnection::$app`
New connection opened for app key de912209133f9ce68433.
Exception `BeyondCode\LaravelWebSockets\WebSockets\Exceptions\UnknownAppKey` thrown: `Could not find app key `de912209133f9ce68433`.`
Unknown app id: exception `BeyondCode\LaravelWebSockets\WebSockets\Exceptions\UnknownAppKey` thrown: `Could not find app key `de912209133f9ce68433`.`.
Connection id  sending message {"event":"pusher:error","data":{"message":"Could not find app key `de912209133f9ce68433`.","code":4001}}
Connection id  closed.
Exception `ErrorException` thrown: `Undefined property: Ratchet\Server\IoConnection::$app`
New connection opened for app key de912209133f9ce68433.
Exception `BeyondCode\LaravelWebSockets\WebSockets\Exceptions\UnknownAppKey` thrown: `Could not find app key `de912209133f9ce68433`.`
Unknown app id: exception `BeyondCode\LaravelWebSockets\WebSockets\Exceptions\UnknownAppKey` thrown: `Could not find app key `de912209133f9ce68433`.`.
Connection id  sending message {"event":"pusher:error","data":{"message":"Could not find app key `de912209133f9ce68433`.","code":4001}}
Connection id  closed.
Exception `ErrorException` thrown: `Undefined property: Ratchet\Server\IoConnection::$app`
New connection opened for app key dzdzdzdzdzdzdzdfreg.
Connection id 824233262.878548137 sending message {"event":"pusher:connection_established","data":"{\"socket_id\":\"824233262.878548137\",\"activity_timeout\":30}"}
1546451: connection id 824233262.878548137 received message: {"event":"pusher:subscribe","data":{"auth":"dzdzdzdzdzdzdzdfreg:bc427ac21e1f11ded7d9d96ad822dbb1750200e6b6bf733ca2cbdc391db419ca","channel":"private-websockets-dashboard-disconnection"}}.
Connection id 824233262.878548137 sending message {"event":"pusher_internal:subscription_succeeded","channel":"private-websockets-dashboard-disconnection"}
1546451: connection id 824233262.878548137 received message: {"event":"pusher:subscribe","data":{"auth":"dzdzdzdzdzdzdzdfreg:8a8a7c6dfc427522d7062b31960e20119692dd3cbd2ae67a24dcefdf153702cc","channel":"private-websockets-dashboard-connection"}}.
Connection id 824233262.878548137 sending message {"event":"pusher_internal:subscription_succeeded","channel":"private-websockets-dashboard-connection"}
1546451: connection id 824233262.878548137 received message: {"event":"pusher:subscribe","data":{"auth":"dzdzdzdzdzdzdzdfreg:456265c5224737c4a4353347d0c564a4cd7ec485b0c7842023b4a5b1a6a9bfaf","channel":"private-websockets-dashboard-vacated"}}.
Connection id 824233262.878548137 sending message {"event":"pusher_internal:subscription_succeeded","channel":"private-websockets-dashboard-vacated"}
1546451: connection id 824233262.878548137 received message: {"event":"pusher:subscribe","data":{"auth":"dzdzdzdzdzdzdzdfreg:bdb4b44fbf93d16017b48ab1c267f042e91fe9f880d2065142f926a6fc6474e4","channel":"private-websockets-dashboard-occupied"}}.
Connection id 824233262.878548137 sending message {"event":"log-message","channel":"private-websockets-dashboard-occupied","data":{"type":"occupied","time":"22:20:50","details":"Channel: private-websockets-dashboard-occupied"}}
Connection id 824233262.878548137 sending message {"event":"pusher_internal:subscription_succeeded","channel":"private-websockets-dashboard-occupied"}
1546451: connection id 824233262.878548137 received message: {"event":"pusher:subscribe","data":{"auth":"dzdzdzdzdzdzdzdfreg:0ae02b7c58b7e69c6f09524bffc1dc40dc315a1dd1eae3e65e28132d9473fd8d","channel":"private-websockets-dashboard-api-message"}}.
Connection id 824233262.878548137 sending message {"event":"log-message","channel":"private-websockets-dashboard-occupied","data":{"type":"occupied","time":"22:20:50","details":"Channel: private-websockets-dashboard-api-message"}}
Connection id 824233262.878548137 sending message {"event":"pusher_internal:subscription_succeeded","channel":"private-websockets-dashboard-api-message"}
1546451: connection id 824233262.878548137 received message: {"event":"pusher:subscribe","data":{"auth":"dzdzdzdzdzdzdzdfreg:a9fe7f37e14fa68d96056e3e8f0bb208b4637d78580b571cda655f2f6e7f28a1","channel":"private-websockets-dashboard-subscribed"}}.
Connection id 824233262.878548137 sending message {"event":"log-message","channel":"private-websockets-dashboard-occupied","data":{"type":"occupied","time":"22:20:50","details":"Channel: private-websockets-dashboard-subscribed"}}
Connection id 824233262.878548137 sending message {"event":"log-message","channel":"private-websockets-dashboard-subscribed","data":{"type":"subscribed","time":"22:20:50","socketId":"824233262.878548137","details":"Channel: private-websockets-dashboard-subscribed"}}
Connection id 824233262.878548137 sending message {"event":"pusher_internal:subscription_succeeded","channel":"private-websockets-dashboard-subscribed"}
1546451: connection id 824233262.878548137 received message: {"event":"pusher:subscribe","data":{"auth":"dzdzdzdzdzdzdzdfreg:83276ea2daf240aea3fb3016d47f33565af1bcd577e49f1a744a345f01ace596","channel":"private-websockets-dashboard-statistics"}}.
Connection id 824233262.878548137 sending message {"event":"log-message","channel":"private-websockets-dashboard-occupied","data":{"type":"occupied","time":"22:20:50","details":"Channel: private-websockets-dashboard-statistics"}}
Connection id 824233262.878548137 sending message {"event":"log-message","channel":"private-websockets-dashboard-subscribed","data":{"type":"subscribed","time":"22:20:50","socketId":"824233262.878548137","details":"Channel: private-websockets-dashboard-statistics"}}
Connection id 824233262.878548137 sending message {"event":"pusher_internal:subscription_succeeded","channel":"private-websockets-dashboard-statistics"}
1546451: connection id 824233262.878548137 received message: {"event":"pusher:subscribe","data":{"auth":"dzdzdzdzdzdzdzdfreg:f06f3608fcb7f3d27d532f8eff72f1ed343d3422e911496b47da2b818f06f858","channel":"private-websockets-dashboard-client-message"}}.
Connection id 824233262.878548137 sending message {"event":"log-message","channel":"private-websockets-dashboard-occupied","data":{"type":"occupied","time":"22:20:50","details":"Channel: private-websockets-dashboard-client-message"}}
Connection id 824233262.878548137 sending message {"event":"log-message","channel":"private-websockets-dashboard-subscribed","data":{"type":"subscribed","time":"22:20:50","socketId":"824233262.878548137","details":"Channel: private-websockets-dashboard-client-message"}}
Connection id 824233262.878548137 sending message {"event":"pusher_internal:subscription_succeeded","channel":"private-websockets-dashboard-client-message"}
1546451: connection id 824233262.878548137 received message: {"event":"pusher:ping","data":{}}.
Connection id 824233262.878548137 sending message {"event":"pusher:pong"}
1546451: connection id 824233262.878548137 received message: {"event":"pusher:ping","data":{}}.
Connection id 824233262.878548137 sending message {"event":"pusher:pong"}
1546451: connection id 824233262.878548137 received message: {"event":"pusher:ping","data":{}}.
Connection id 824233262.878548137 sending message {"event":"pusher:pong"}
Connection id 824233262.878548137 closed.
Connection id 824233262.878548137 sending message {"event":"log-message","channel":"private-websockets-dashboard-vacated","data":{"type":"vacated","time":"22:22:41","details":"Channel: private-websockets-dashboard-disconnection"}}
Connection id 824233262.878548137 sending message {"event":"log-message","channel":"private-websockets-dashboard-vacated","data":{"type":"vacated","time":"22:22:41","details":"Channel: private-websockets-dashboard-connection"}}
New connection opened for app key dzdzdzdzdzdzdzdfreg.
Connection id 583092621.906468 sending message {"event":"pusher:connection_established","data":"{\"socket_id\":\"583092621.906468\",\"activity_timeout\":30}"}
New connection opened for app key dzdzdzdzdzdzdzdfreg.
Connection id 57553470.966233776 sending message {"event":"pusher:connection_established","data":"{\"socket_id\":\"57553470.966233776\",\"activity_timeout\":30}"}
1546451: connection id 583092621.906468 received message: {"event":"pusher:subscribe","data":{"auth":"dzdzdzdzdzdzdzdfreg:5d725c0cc35cb97eafdcf378c150bd64c03d3c63b583f0bfb67871e0c833e53d","channel":"private-websockets-dashboard-connection"}}.
Connection id 583092621.906468 sending message {"event":"pusher_internal:subscription_succeeded","channel":"private-websockets-dashboard-connection"}
1546451: connection id 583092621.906468 received message: {"event":"pusher:subscribe","data":{"auth":"dzdzdzdzdzdzdzdfreg:21a28c147df002b7b5f25374ffac0da2a65e50f3bbe80e3c63e1e5d98f745826","channel":"private-websockets-dashboard-disconnection"}}.
Connection id 583092621.906468 sending message {"event":"pusher_internal:subscription_succeeded","channel":"private-websockets-dashboard-disconnection"}
1546451: connection id 583092621.906468 received message: {"event":"pusher:subscribe","data":{"auth":"dzdzdzdzdzdzdzdfreg:e56c5cfa800d4333b4a410643004a9148af9f6e86a9dc1f060188f45aca03894","channel":"private-websockets-dashboard-vacated"}}.
Connection id 583092621.906468 sending message {"event":"pusher_internal:subscription_succeeded","channel":"private-websockets-dashboard-vacated"}
1546451: connection id 583092621.906468 received message: {"event":"pusher:subscribe","data":{"auth":"dzdzdzdzdzdzdzdfreg:4bbd09822204e91d9ad23ae9e17973e060fd70ef66748a28b86af225f94be618","channel":"private-websockets-dashboard-occupied"}}.
Connection id 583092621.906468 sending message {"event":"log-message","channel":"private-websockets-dashboard-occupied","data":{"type":"occupied","time":"12:28:54","details":"Channel: private-websockets-dashboard-occupied"}}
Connection id 583092621.906468 sending message {"event":"pusher_internal:subscription_succeeded","channel":"private-websockets-dashboard-occupied"}
1546451: connection id 583092621.906468 received message: {"event":"pusher:subscribe","data":{"auth":"dzdzdzdzdzdzdzdfreg:d65851a86eab4c504c51b4d9004f0cd43388a223f2a7a675702adc3ec66637bb","channel":"private-websockets-dashboard-subscribed"}}.
Connection id 583092621.906468 sending message {"event":"log-message","channel":"private-websockets-dashboard-occupied","data":{"type":"occupied","time":"12:28:54","details":"Channel: private-websockets-dashboard-subscribed"}}
Connection id 583092621.906468 sending message {"event":"log-message","channel":"private-websockets-dashboard-subscribed","data":{"type":"subscribed","time":"12:28:54","socketId":"583092621.906468","details":"Channel: private-websockets-dashboard-subscribed"}}
Connection id 583092621.906468 sending message {"event":"pusher_internal:subscription_succeeded","channel":"private-websockets-dashboard-subscribed"}
1546451: connection id 583092621.906468 received message: {"event":"pusher:subscribe","data":{"auth":"dzdzdzdzdzdzdzdfreg:d900c1015ffcb85817658fad267538358d66cb1915ab58ca209eecd7e1e9f624","channel":"private-websockets-dashboard-statistics"}}.
Connection id 583092621.906468 sending message {"event":"log-message","channel":"private-websockets-dashboard-occupied","data":{"type":"occupied","time":"12:28:54","details":"Channel: private-websockets-dashboard-statistics"}}
Connection id 583092621.906468 sending message {"event":"log-message","channel":"private-websockets-dashboard-subscribed","data":{"type":"subscribed","time":"12:28:54","socketId":"583092621.906468","details":"Channel: private-websockets-dashboard-statistics"}}
Connection id 583092621.906468 sending message {"event":"pusher_internal:subscription_succeeded","channel":"private-websockets-dashboard-statistics"}
1546451: connection id 583092621.906468 received message: {"event":"pusher:subscribe","data":{"auth":"dzdzdzdzdzdzdzdfreg:cd80abaee9164d84e7c99adaeb43cbf40b4a0df47ab84b1032a0bbeb8e7715f5","channel":"private-websockets-dashboard-api-message"}}.
Connection id 583092621.906468 sending message {"event":"log-message","channel":"private-websockets-dashboard-occupied","data":{"type":"occupied","time":"12:28:54","details":"Channel: private-websockets-dashboard-api-message"}}
Connection id 583092621.906468 sending message {"event":"log-message","channel":"private-websockets-dashboard-subscribed","data":{"type":"subscribed","time":"12:28:54","socketId":"583092621.906468","details":"Channel: private-websockets-dashboard-api-message"}}
Connection id 583092621.906468 sending message {"event":"pusher_internal:subscription_succeeded","channel":"private-websockets-dashboard-api-message"}
1546451: connection id 57553470.966233776 received message: {"event":"pusher:subscribe","data":{"auth":"dzdzdzdzdzdzdzdfreg:8293643950e2fcc66c2035cd6192a53c1940481e63a4531a55a57018dac00e72","channel":"private-websockets-dashboard-connection"}}.
Connection id 583092621.906468 sending message {"event":"log-message","channel":"private-websockets-dashboard-subscribed","data":{"type":"subscribed","time":"12:28:54","socketId":"57553470.966233776","details":"Channel: private-websockets-dashboard-connection"}}
Connection id 57553470.966233776 sending message {"event":"pusher_internal:subscription_succeeded","channel":"private-websockets-dashboard-connection"}
1546451: connection id 57553470.966233776 received message: {"event":"pusher:subscribe","data":{"auth":"dzdzdzdzdzdzdzdfreg:5061153b89029f885de5abbca8535ca5e8f2f6d7462b10c62af13761f2ccda4f","channel":"private-websockets-dashboard-disconnection"}}.
Connection id 583092621.906468 sending message {"event":"log-message","channel":"private-websockets-dashboard-subscribed","data":{"type":"subscribed","time":"12:28:54","socketId":"57553470.966233776","details":"Channel: private-websockets-dashboard-disconnection"}}
Connection id 57553470.966233776 sending message {"event":"pusher_internal:subscription_succeeded","channel":"private-websockets-dashboard-disconnection"}
1546451: connection id 57553470.966233776 received message: {"event":"pusher:subscribe","data":{"auth":"dzdzdzdzdzdzdzdfreg:a8442992ee0a568da39dc742810db897055b8813ed92fbfe37ed2c5b0c3abae8","channel":"private-websockets-dashboard-vacated"}}.
Connection id 583092621.906468 sending message {"event":"log-message","channel":"private-websockets-dashboard-subscribed","data":{"type":"subscribed","time":"12:28:54","socketId":"57553470.966233776","details":"Channel: private-websockets-dashboard-vacated"}}
Connection id 57553470.966233776 sending message {"event":"pusher_internal:subscription_succeeded","channel":"private-websockets-dashboard-vacated"}
1546451: connection id 57553470.966233776 received message: {"event":"pusher:subscribe","data":{"auth":"dzdzdzdzdzdzdzdfreg:7f16d8e1922c596177e3c411f90410578ac086012110842f0427e2dfa99cf8a7","channel":"private-websockets-dashboard-occupied"}}.
Connection id 583092621.906468 sending message {"event":"log-message","channel":"private-websockets-dashboard-subscribed","data":{"type":"subscribed","time":"12:28:54","socketId":"57553470.966233776","details":"Channel: private-websockets-dashboard-occupied"}}
Connection id 57553470.966233776 sending message {"event":"pusher_internal:subscription_succeeded","channel":"private-websockets-dashboard-occupied"}
1546451: connection id 57553470.966233776 received message: {"event":"pusher:subscribe","data":{"auth":"dzdzdzdzdzdzdzdfreg:bce28edc86742911c4e0526a5c551edcfd462a22626a0166bae5afb2c9cec45b","channel":"private-websockets-dashboard-api-message"}}.
Connection id 583092621.906468 sending message {"event":"log-message","channel":"private-websockets-dashboard-subscribed","data":{"type":"subscribed","time":"12:28:54","socketId":"57553470.966233776","details":"Channel: private-websockets-dashboard-api-message"}}
Connection id 57553470.966233776 sending message {"event":"pusher_internal:subscription_succeeded","channel":"private-websockets-dashboard-api-message"}
1546451: connection id 57553470.966233776 received message: {"event":"pusher:subscribe","data":{"auth":"dzdzdzdzdzdzdzdfreg:0baed2d0977e713dd4aaa4e69c663af456482a207f8e816f4c5295ea31fcd5df","channel":"private-websockets-dashboard-client-message"}}.
Connection id 583092621.906468 sending message {"event":"log-message","channel":"private-websockets-dashboard-occupied","data":{"type":"occupied","time":"12:28:54","details":"Channel: private-websockets-dashboard-client-message"}}
Connection id 57553470.966233776 sending message {"event":"log-message","channel":"private-websockets-dashboard-occupied","data":{"type":"occupied","time":"12:28:54","details":"Channel: private-websockets-dashboard-client-message"}}
Connection id 583092621.906468 sending message {"event":"log-message","channel":"private-websockets-dashboard-subscribed","data":{"type":"subscribed","time":"12:28:54","socketId":"57553470.966233776","details":"Channel: private-websockets-dashboard-client-message"}}
Connection id 57553470.966233776 sending message {"event":"pusher_internal:subscription_succeeded","channel":"private-websockets-dashboard-client-message"}
1546451: connection id 57553470.966233776 received message: {"event":"pusher:subscribe","data":{"auth":"dzdzdzdzdzdzdzdfreg:38d58ae5465c9169cdf007ae0e39d6d211f9384843c5a7485b0c5d424751d958","channel":"private-websockets-dashboard-statistics"}}.
Connection id 583092621.906468 sending message {"event":"log-message","channel":"private-websockets-dashboard-subscribed","data":{"type":"subscribed","time":"12:28:54","socketId":"57553470.966233776","details":"Channel: private-websockets-dashboard-statistics"}}
Connection id 57553470.966233776 sending message {"event":"pusher_internal:subscription_succeeded","channel":"private-websockets-dashboard-statistics"}
1546451: connection id 57553470.966233776 received message: {"event":"pusher:subscribe","data":{"auth":"dzdzdzdzdzdzdzdfreg:431409671981be797c1f42ceb80ee3296e22765bbfb96a925e28efdf5d002d47","channel":"private-websockets-dashboard-subscribed"}}.
Connection id 583092621.906468 sending message {"event":"log-message","channel":"private-websockets-dashboard-subscribed","data":{"type":"subscribed","time":"12:28:54","socketId":"57553470.966233776","details":"Channel: private-websockets-dashboard-subscribed"}}
Connection id 57553470.966233776 sending message {"event":"log-message","channel":"private-websockets-dashboard-subscribed","data":{"type":"subscribed","time":"12:28:54","socketId":"57553470.966233776","details":"Channel: private-websockets-dashboard-subscribed"}}
Connection id 57553470.966233776 sending message {"event":"pusher_internal:subscription_succeeded","channel":"private-websockets-dashboard-subscribed"}
1546451: connection id 583092621.906468 received message: {"event":"pusher:subscribe","data":{"auth":"dzdzdzdzdzdzdzdfreg:aab4ef15f155de1b505ff570de2ab4e28d8b774783829ec95522e9b8c75be780","channel":"private-websockets-dashboard-client-message"}}.
Connection id 583092621.906468 sending message {"event":"log-message","channel":"private-websockets-dashboard-subscribed","data":{"type":"subscribed","time":"12:28:55","socketId":"583092621.906468","details":"Channel: private-websockets-dashboard-client-message"}}
Connection id 57553470.966233776 sending message {"event":"log-message","channel":"private-websockets-dashboard-subscribed","data":{"type":"subscribed","time":"12:28:55","socketId":"583092621.906468","details":"Channel: private-websockets-dashboard-client-message"}}
Connection id 583092621.906468 sending message {"event":"pusher_internal:subscription_succeeded","channel":"private-websockets-dashboard-client-message"}
1546451: connection id 583092621.906468 received message: {"event":"pusher:ping","data":{}}.
Connection id 583092621.906468 sending message {"event":"pusher:pong"}
1546451: connection id 57553470.966233776 received message: {"event":"pusher:ping","data":{}}.
Connection id 57553470.966233776 sending message {"event":"pusher:pong"}
Connection id 57553470.966233776 closed.
Connection id 583092621.906468 sending message {"event":"log-message","channel":"private-websockets-dashboard-disconnection","data":{"type":"disconnection","time":"12:29:52","socketId":"57553470.966233776"}}
Connection id 583092621.906468 closed.
Connection id 583092621.906468 sending message {"event":"log-message","channel":"private-websockets-dashboard-vacated","data":{"type":"vacated","time":"12:29:52","details":"Channel: private-websockets-dashboard-connection"}}
Connection id 583092621.906468 sending message {"event":"log-message","channel":"private-websockets-dashboard-vacated","data":{"type":"vacated","time":"12:29:52","details":"Channel: private-websockets-dashboard-disconnection"}}
Starting the WebSocket server on port 6001...
New connection opened for app key dzdzdzdzdzdzdzdfreg.
Connection id 846442260.597356947 sending message {"event":"pusher:connection_established","data":"{\"socket_id\":\"846442260.597356947\",\"activity_timeout\":30}"}
1546451: connection id 846442260.597356947 received message: {"event":"pusher:subscribe","data":{"auth":"dzdzdzdzdzdzdzdfreg:9352adf49f4e5dea2d64423e7798278fc1ac8182a5d93876f583e7a67b6e5fa7","channel":"private-websockets-dashboard-connection"}}.
Connection id 846442260.597356947 sending message {"event":"pusher_internal:subscription_succeeded","channel":"private-websockets-dashboard-connection"}
1546451: connection id 846442260.597356947 received message: {"event":"pusher:subscribe","data":{"auth":"dzdzdzdzdzdzdzdfreg:d294a26825570345a940c195c9d9aa222be66ee9ea6e039f03247544f8798b4c","channel":"private-websockets-dashboard-disconnection"}}.
Connection id 846442260.597356947 sending message {"event":"pusher_internal:subscription_succeeded","channel":"private-websockets-dashboard-disconnection"}
1546451: connection id 846442260.597356947 received message: {"event":"pusher:subscribe","data":{"auth":"dzdzdzdzdzdzdzdfreg:a7e064616d34195423f507d98d1e5f271cb23270ecb6751853f1c56cb69acb88","channel":"private-websockets-dashboard-vacated"}}.
Connection id 846442260.597356947 sending message {"event":"pusher_internal:subscription_succeeded","channel":"private-websockets-dashboard-vacated"}
1546451: connection id 846442260.597356947 received message: {"event":"pusher:subscribe","data":{"auth":"dzdzdzdzdzdzdzdfreg:7af02d0ab5fa16e978f6e76ef683c242328da1119b75f4c3d4a679db6cd24f51","channel":"private-websockets-dashboard-subscribed"}}.
Connection id 846442260.597356947 sending message {"event":"log-message","channel":"private-websockets-dashboard-subscribed","data":{"type":"subscribed","time":"13:06:55","socketId":"846442260.597356947","details":"Channel: private-websockets-dashboard-subscribed"}}
Connection id 846442260.597356947 sending message {"event":"pusher_internal:subscription_succeeded","channel":"private-websockets-dashboard-subscribed"}
1546451: connection id 846442260.597356947 received message: {"event":"pusher:subscribe","data":{"auth":"dzdzdzdzdzdzdzdfreg:ac913ccc85d4d6e331e712c7ae472095611d2ee5b8d8c1bc44db1d7d1caf9bec","channel":"private-websockets-dashboard-api-message"}}.
Connection id 846442260.597356947 sending message {"event":"log-message","channel":"private-websockets-dashboard-subscribed","data":{"type":"subscribed","time":"13:06:55","socketId":"846442260.597356947","details":"Channel: private-websockets-dashboard-api-message"}}
Connection id 846442260.597356947 sending message {"event":"pusher_internal:subscription_succeeded","channel":"private-websockets-dashboard-api-message"}
1546451: connection id 846442260.597356947 received message: {"event":"pusher:subscribe","data":{"auth":"dzdzdzdzdzdzdzdfreg:c22bf3af71eaecc7ba2a2b6dd156f16ec71cfb6a4096f37488ec7504cb3eca0f","channel":"private-websockets-dashboard-statistics"}}.
Connection id 846442260.597356947 sending message {"event":"log-message","channel":"private-websockets-dashboard-subscribed","data":{"type":"subscribed","time":"13:06:55","socketId":"846442260.597356947","details":"Channel: private-websockets-dashboard-statistics"}}
Connection id 846442260.597356947 sending message {"event":"pusher_internal:subscription_succeeded","channel":"private-websockets-dashboard-statistics"}
1546451: connection id 846442260.597356947 received message: {"event":"pusher:subscribe","data":{"auth":"dzdzdzdzdzdzdzdfreg:471d8012cb3bc9909d507a0b050bec40c02ca4530bb3528b4e1293797cc6778f","channel":"private-websockets-dashboard-occupied"}}.
Connection id 846442260.597356947 sending message {"event":"log-message","channel":"private-websockets-dashboard-occupied","data":{"type":"occupied","time":"13:06:55","details":"Channel: private-websockets-dashboard-occupied"}}
Connection id 846442260.597356947 sending message {"event":"log-message","channel":"private-websockets-dashboard-subscribed","data":{"type":"subscribed","time":"13:06:55","socketId":"846442260.597356947","details":"Channel: private-websockets-dashboard-occupied"}}
Connection id 846442260.597356947 sending message {"event":"pusher_internal:subscription_succeeded","channel":"private-websockets-dashboard-occupied"}
1546451: connection id 846442260.597356947 received message: {"event":"pusher:subscribe","data":{"auth":"dzdzdzdzdzdzdzdfreg:f5c72518ed1b64ac175c455afd8fff720541fc321495be368d5c1fa4412f87dc","channel":"private-websockets-dashboard-client-message"}}.
Connection id 846442260.597356947 sending message {"event":"log-message","channel":"private-websockets-dashboard-occupied","data":{"type":"occupied","time":"13:06:56","details":"Channel: private-websockets-dashboard-client-message"}}
Connection id 846442260.597356947 sending message {"event":"log-message","channel":"private-websockets-dashboard-subscribed","data":{"type":"subscribed","time":"13:06:56","socketId":"846442260.597356947","details":"Channel: private-websockets-dashboard-client-message"}}
Connection id 846442260.597356947 sending message {"event":"pusher_internal:subscription_succeeded","channel":"private-websockets-dashboard-client-message"}
1546451: connection id 846442260.597356947 received message: {"event":"pusher:ping","data":{}}.
Connection id 846442260.597356947 sending message {"event":"pusher:pong"}
1546451: connection id 846442260.597356947 received message: {"event":"pusher:ping","data":{}}.
Connection id 846442260.597356947 sending message {"event":"pusher:pong"}
1546451: connection id 846442260.597356947 received message: {"event":"pusher:ping","data":{}}.
Connection id 846442260.597356947 sending message {"event":"pusher:pong"}
1546451: connection id 846442260.597356947 received message: {"event":"pusher:ping","data":{}}.
Connection id 846442260.597356947 sending message {"event":"pusher:pong"}
Starting the WebSocket server on port 6001...
New connection opened for app key dzdzdzdzdzdzdzdfreg.
Connection id 323569405.729977783 sending message {"event":"pusher:connection_established","data":"{\"socket_id\":\"323569405.729977783\",\"activity_timeout\":30}"}
1546451: connection id 323569405.729977783 received message: {"event":"pusher:subscribe","data":{"auth":"dzdzdzdzdzdzdzdfreg:dfd635988e35707c15bf0e7037fce29536eae53c77e2fee93411ef7e15b71a71","channel":"private-websockets-dashboard-occupied"}}.
Connection id 323569405.729977783 sending message {"event":"log-message","channel":"private-websockets-dashboard-occupied","data":{"type":"occupied","time":"13:09:08","details":"Channel: private-websockets-dashboard-occupied"}}
Connection id 323569405.729977783 sending message {"event":"pusher_internal:subscription_succeeded","channel":"private-websockets-dashboard-occupied"}
1546451: connection id 323569405.729977783 received message: {"event":"pusher:subscribe","data":{"auth":"dzdzdzdzdzdzdzdfreg:4d75e25f615fd39dbda31e7eb6ad22666801abf8e80a66862a94fc71cd998801","channel":"private-websockets-dashboard-subscribed"}}.
Connection id 323569405.729977783 sending message {"event":"log-message","channel":"private-websockets-dashboard-occupied","data":{"type":"occupied","time":"13:09:08","details":"Channel: private-websockets-dashboard-subscribed"}}
Connection id 323569405.729977783 sending message {"event":"log-message","channel":"private-websockets-dashboard-subscribed","data":{"type":"subscribed","time":"13:09:08","socketId":"323569405.729977783","details":"Channel: private-websockets-dashboard-subscribed"}}
Connection id 323569405.729977783 sending message {"event":"pusher_internal:subscription_succeeded","channel":"private-websockets-dashboard-subscribed"}
1546451: connection id 323569405.729977783 received message: {"event":"pusher:subscribe","data":{"auth":"dzdzdzdzdzdzdzdfreg:f83bc88cbf06320bc2116905694e8896d795c14648abd80a0c1742a53465d7c5","channel":"private-websockets-dashboard-vacated"}}.
Connection id 323569405.729977783 sending message {"event":"log-message","channel":"private-websockets-dashboard-occupied","data":{"type":"occupied","time":"13:09:08","details":"Channel: private-websockets-dashboard-vacated"}}
Connection id 323569405.729977783 sending message {"event":"log-message","channel":"private-websockets-dashboard-subscribed","data":{"type":"subscribed","time":"13:09:08","socketId":"323569405.729977783","details":"Channel: private-websockets-dashboard-vacated"}}
Connection id 323569405.729977783 sending message {"event":"pusher_internal:subscription_succeeded","channel":"private-websockets-dashboard-vacated"}
1546451: connection id 323569405.729977783 received message: {"event":"pusher:subscribe","data":{"auth":"dzdzdzdzdzdzdzdfreg:26beb537822642c65feaf7916eb151d59abc7d16f5cabf58a50f65c220182757","channel":"private-websockets-dashboard-connection"}}.
Connection id 323569405.729977783 sending message {"event":"log-message","channel":"private-websockets-dashboard-occupied","data":{"type":"occupied","time":"13:09:08","details":"Channel: private-websockets-dashboard-connection"}}
Connection id 323569405.729977783 sending message {"event":"log-message","channel":"private-websockets-dashboard-subscribed","data":{"type":"subscribed","time":"13:09:08","socketId":"323569405.729977783","details":"Channel: private-websockets-dashboard-connection"}}
Connection id 323569405.729977783 sending message {"event":"pusher_internal:subscription_succeeded","channel":"private-websockets-dashboard-connection"}
1546451: connection id 323569405.729977783 received message: {"event":"pusher:subscribe","data":{"auth":"dzdzdzdzdzdzdzdfreg:3a99ee1468a2421f1834cbe043e24124fb0c98a70f4340f5437eb0119cf02f26","channel":"private-websockets-dashboard-disconnection"}}.
Connection id 323569405.729977783 sending message {"event":"log-message","channel":"private-websockets-dashboard-occupied","data":{"type":"occupied","time":"13:09:08","details":"Channel: private-websockets-dashboard-disconnection"}}
Connection id 323569405.729977783 sending message {"event":"log-message","channel":"private-websockets-dashboard-subscribed","data":{"type":"subscribed","time":"13:09:08","socketId":"323569405.729977783","details":"Channel: private-websockets-dashboard-disconnection"}}
Connection id 323569405.729977783 sending message {"event":"pusher_internal:subscription_succeeded","channel":"private-websockets-dashboard-disconnection"}
1546451: connection id 323569405.729977783 received message: {"event":"pusher:subscribe","data":{"auth":"dzdzdzdzdzdzdzdfreg:45288c21a181e5ede8844bff271e3edfe2e04b6933203c8579e8eda3c0091da4","channel":"private-websockets-dashboard-api-message"}}.
Connection id 323569405.729977783 sending message {"event":"log-message","channel":"private-websockets-dashboard-occupied","data":{"type":"occupied","time":"13:09:08","details":"Channel: private-websockets-dashboard-api-message"}}
Connection id 323569405.729977783 sending message {"event":"log-message","channel":"private-websockets-dashboard-subscribed","data":{"type":"subscribed","time":"13:09:08","socketId":"323569405.729977783","details":"Channel: private-websockets-dashboard-api-message"}}
Connection id 323569405.729977783 sending message {"event":"pusher_internal:subscription_succeeded","channel":"private-websockets-dashboard-api-message"}
1546451: connection id 323569405.729977783 received message: {"event":"pusher:subscribe","data":{"auth":"dzdzdzdzdzdzdzdfreg:45730f39ef7ba4dd27eff19efdfb6c4eb4587b5adfa1f920c5a671e6262a821b","channel":"private-websockets-dashboard-statistics"}}.
Connection id 323569405.729977783 sending message {"event":"log-message","channel":"private-websockets-dashboard-occupied","data":{"type":"occupied","time":"13:09:08","details":"Channel: private-websockets-dashboard-statistics"}}
Connection id 323569405.729977783 sending message {"event":"log-message","channel":"private-websockets-dashboard-subscribed","data":{"type":"subscribed","time":"13:09:08","socketId":"323569405.729977783","details":"Channel: private-websockets-dashboard-statistics"}}
Connection id 323569405.729977783 sending message {"event":"pusher_internal:subscription_succeeded","channel":"private-websockets-dashboard-statistics"}
1546451: connection id 323569405.729977783 received message: {"event":"pusher:subscribe","data":{"auth":"dzdzdzdzdzdzdzdfreg:d0d6bdd9f5389733d95a33de549cc5a2fc30c46fb21da6391dbfdbfcef0bc154","channel":"private-websockets-dashboard-client-message"}}.
Connection id 323569405.729977783 sending message {"event":"log-message","channel":"private-websockets-dashboard-occupied","data":{"type":"occupied","time":"13:09:08","details":"Channel: private-websockets-dashboard-client-message"}}
Connection id 323569405.729977783 sending message {"event":"log-message","channel":"private-websockets-dashboard-subscribed","data":{"type":"subscribed","time":"13:09:08","socketId":"323569405.729977783","details":"Channel: private-websockets-dashboard-client-message"}}
Connection id 323569405.729977783 sending message {"event":"pusher_internal:subscription_succeeded","channel":"private-websockets-dashboard-client-message"}
1546451: connection id 323569405.729977783 received message: {"event":"pusher:ping","data":{}}.
Connection id 323569405.729977783 sending message {"event":"pusher:pong"}
1546451: connection id 323569405.729977783 received message: {"event":"pusher:ping","data":{}}.
Connection id 323569405.729977783 sending message {"event":"pusher:pong"}
1546451: connection id 323569405.729977783 received message: {"event":"pusher:ping","data":{}}.
Connection id 323569405.729977783 sending message {"event":"pusher:pong"}
1546451: connection id 323569405.729977783 received message: {"event":"pusher:ping","data":{}}.
Connection id 323569405.729977783 sending message {"event":"pusher:pong"}
Starting the WebSocket server on port 6001...
Starting the WebSocket server on port 6001...
Starting the WebSocket server on port 6001...
Starting the WebSocket server on port 6001...
Starting the WebSocket server on port 6001...
Starting the WebSocket server on port 6001...
New connection opened for app key dzdzdzdzdzdzdzdfreg.
Connection id 698305205.711923428 sending message {"event":"pusher:connection_established","data":"{\"socket_id\":\"698305205.711923428\",\"activity_timeout\":30}"}

   Symfony\Component\Debug\Exception\FatalThrowableError  : Argument 1 passed to BeyondCode\LaravelWebSockets\WebSockets\Channels\ChannelManagers\ArrayChannelManager::find() must be of the type string, null given, called in /var/www/html/hot-soumek/vendor/beyondcode/laravel-websockets/src/Dashboard/DashboardLogger.php on line 81

  at /var/www/html/hot-soumek/vendor/beyondcode/laravel-websockets/src/WebSockets/Channels/ChannelManagers/ArrayChannelManager.php:32
    28| 
    29|         return $this->channels[$appId][$channelName];
    30|     }
    31| 
  > 32|     public function find(string $appId, string $channelName): ?Channel
    33|     {
    34|         return $this->channels[$appId][$channelName] ?? null;
    35|     }
    36|

  Exception trace:

  1   BeyondCode\LaravelWebSockets\WebSockets\Channels\ChannelManagers\ArrayChannelManager::find("private-websockets-dashboard-connection")
      /var/www/html/hot-soumek/vendor/beyondcode/laravel-websockets/src/Dashboard/DashboardLogger.php:81

  2   BeyondCode\LaravelWebSockets\Dashboard\DashboardLogger::log("connection", ["Origin: http://51.15.158.176", "698305205.711923428"])
      /var/www/html/hot-soumek/vendor/beyondcode/laravel-websockets/src/Dashboard/DashboardLogger.php:27

  Please use the argument -v to see more details.
Starting the WebSocket server on port 6001...
New connection opened for app key dzdzdzdzdzdzdzdfreg.
Connection id 739895010.724499057 sending message {"event":"pusher:connection_established","data":"{\"socket_id\":\"739895010.724499057\",\"activity_timeout\":30}"}

   Symfony\Component\Debug\Exception\FatalThrowableError  : Argument 1 passed to BeyondCode\LaravelWebSockets\WebSockets\Channels\ChannelManagers\ArrayChannelManager::find() must be of the type string, null given, called in /var/www/html/hot-soumek/vendor/beyondcode/laravel-websockets/src/Dashboard/DashboardLogger.php on line 81

  at /var/www/html/hot-soumek/vendor/beyondcode/laravel-websockets/src/WebSockets/Channels/ChannelManagers/ArrayChannelManager.php:32
    28| 
    29|         return $this->channels[$appId][$channelName];
    30|     }
    31| 
  > 32|     public function find(string $appId, string $channelName): ?Channel
    33|     {
    34|         return $this->channels[$appId][$channelName] ?? null;
    35|     }
    36|

  Exception trace:

  1   BeyondCode\LaravelWebSockets\WebSockets\Channels\ChannelManagers\ArrayChannelManager::find("private-websockets-dashboard-connection")
      /var/www/html/hot-soumek/vendor/beyondcode/laravel-websockets/src/Dashboard/DashboardLogger.php:81

  2   BeyondCode\LaravelWebSockets\Dashboard\DashboardLogger::log("connection", ["Origin: http://51.15.158.176", "739895010.724499057"])
      /var/www/html/hot-soumek/vendor/beyondcode/laravel-websockets/src/Dashboard/DashboardLogger.php:27

  Please use the argument -v to see more details.
Starting the WebSocket server on port 6001...
New connection opened for app key dzdzdzdzdzdzdzdfreg.
Connection id 349405132.305137397 sending message {"event":"pusher:connection_established","data":"{\"socket_id\":\"349405132.305137397\",\"activity_timeout\":30}"}

   Symfony\Component\Debug\Exception\FatalThrowableError  : Argument 1 passed to BeyondCode\LaravelWebSockets\WebSockets\Channels\ChannelManagers\ArrayChannelManager::find() must be of the type string, null given, called in /var/www/html/hot-soumek/vendor/beyondcode/laravel-websockets/src/Dashboard/DashboardLogger.php on line 81

  at /var/www/html/hot-soumek/vendor/beyondcode/laravel-websockets/src/WebSockets/Channels/ChannelManagers/ArrayChannelManager.php:32
    28| 
    29|         return $this->channels[$appId][$channelName];
    30|     }
    31| 
  > 32|     public function find(string $appId, string $channelName): ?Channel
    33|     {
    34|         return $this->channels[$appId][$channelName] ?? null;
    35|     }
    36|

  Exception trace:

  1   BeyondCode\LaravelWebSockets\WebSockets\Channels\ChannelManagers\ArrayChannelManager::find("private-websockets-dashboard-connection")
      /var/www/html/hot-soumek/vendor/beyondcode/laravel-websockets/src/Dashboard/DashboardLogger.php:81

  2   BeyondCode\LaravelWebSockets\Dashboard\DashboardLogger::log("connection", ["Origin: http://51.15.158.176", "349405132.305137397"])
      /var/www/html/hot-soumek/vendor/beyondcode/laravel-websockets/src/Dashboard/DashboardLogger.php:27

  Please use the argument -v to see more details.
Starting the WebSocket server on port 6001...
New connection opened for app key dzdzdzdzdzdzdzdfreg.
Connection id 731184268.885346991 sending message {"event":"pusher:connection_established","data":"{\"socket_id\":\"731184268.885346991\",\"activity_timeout\":30}"}

   Symfony\Component\Debug\Exception\FatalThrowableError  : Argument 1 passed to BeyondCode\LaravelWebSockets\WebSockets\Channels\ChannelManagers\ArrayChannelManager::find() must be of the type string, null given, called in /var/www/html/hot-soumek/vendor/beyondcode/laravel-websockets/src/Dashboard/DashboardLogger.php on line 81

  at /var/www/html/hot-soumek/vendor/beyondcode/laravel-websockets/src/WebSockets/Channels/ChannelManagers/ArrayChannelManager.php:32
    28| 
    29|         return $this->channels[$appId][$channelName];
    30|     }
    31| 
  > 32|     public function find(string $appId, string $channelName): ?Channel
    33|     {
    34|         return $this->channels[$appId][$channelName] ?? null;
    35|     }
    36|

  Exception trace:

  1   BeyondCode\LaravelWebSockets\WebSockets\Channels\ChannelManagers\ArrayChannelManager::find("private-websockets-dashboard-connection")
      /var/www/html/hot-soumek/vendor/beyondcode/laravel-websockets/src/Dashboard/DashboardLogger.php:81

  2   BeyondCode\LaravelWebSockets\Dashboard\DashboardLogger::log("connection", ["Origin: http://51.15.158.176", "731184268.885346991"])
      /var/www/html/hot-soumek/vendor/beyondcode/laravel-websockets/src/Dashboard/DashboardLogger.php:27

  Please use the argument -v to see more details.
Starting the WebSocket server on port 6001...
New connection opened for app key dzdzdzdzdzdzdzdfreg.
Connection id 383011127.426283400 sending message {"event":"pusher:connection_established","data":"{\"socket_id\":\"383011127.426283400\",\"activity_timeout\":30}"}

   Symfony\Component\Debug\Exception\FatalThrowableError  : Argument 1 passed to BeyondCode\LaravelWebSockets\WebSockets\Channels\ChannelManagers\ArrayChannelManager::find() must be of the type string, null given, called in /var/www/html/hot-soumek/vendor/beyondcode/laravel-websockets/src/Dashboard/DashboardLogger.php on line 81

  at /var/www/html/hot-soumek/vendor/beyondcode/laravel-websockets/src/WebSockets/Channels/ChannelManagers/ArrayChannelManager.php:32
    28| 
    29|         return $this->channels[$appId][$channelName];
    30|     }
    31| 
  > 32|     public function find(string $appId, string $channelName): ?Channel
    33|     {
    34|         return $this->channels[$appId][$channelName] ?? null;
    35|     }
    36|

  Exception trace:

  1   BeyondCode\LaravelWebSockets\WebSockets\Channels\ChannelManagers\ArrayChannelManager::find("private-websockets-dashboard-connection")
      /var/www/html/hot-soumek/vendor/beyondcode/laravel-websockets/src/Dashboard/DashboardLogger.php:81

  2   BeyondCode\LaravelWebSockets\Dashboard\DashboardLogger::log("connection", ["Origin: http://51.15.158.176", "383011127.426283400"])
      /var/www/html/hot-soumek/vendor/beyondcode/laravel-websockets/src/Dashboard/DashboardLogger.php:27

  Please use the argument -v to see more details.
Starting the WebSocket server on port 6001...
New connection opened for app key dzdzdzdzdzdzdzdfreg.
Connection id 577458026.920119908 sending message {"event":"pusher:connection_established","data":"{\"socket_id\":\"577458026.920119908\",\"activity_timeout\":30}"}

   Symfony\Component\Debug\Exception\FatalThrowableError  : Argument 1 passed to BeyondCode\LaravelWebSockets\WebSockets\Channels\ChannelManagers\ArrayChannelManager::find() must be of the type string, null given, called in /var/www/html/hot-soumek/vendor/beyondcode/laravel-websockets/src/Dashboard/DashboardLogger.php on line 81

  at /var/www/html/hot-soumek/vendor/beyondcode/laravel-websockets/src/WebSockets/Channels/ChannelManagers/ArrayChannelManager.php:32
    28| 
    29|         return $this->channels[$appId][$channelName];
    30|     }
    31| 
  > 32|     public function find(string $appId, string $channelName): ?Channel
    33|     {
    34|         return $this->channels[$appId][$channelName] ?? null;
    35|     }
    36|

  Exception trace:

  1   BeyondCode\LaravelWebSockets\WebSockets\Channels\ChannelManagers\ArrayChannelManager::find("private-websockets-dashboard-connection")
      /var/www/html/hot-soumek/vendor/beyondcode/laravel-websockets/src/Dashboard/DashboardLogger.php:81

  2   BeyondCode\LaravelWebSockets\Dashboard\DashboardLogger::log("connection", ["Origin: http://51.15.158.176", "577458026.920119908"])
      /var/www/html/hot-soumek/vendor/beyondcode/laravel-websockets/src/Dashboard/DashboardLogger.php:27

  Please use the argument -v to see more details.
Starting the WebSocket server on port 6001...
New connection opened for app key dzdzdzdzdzdzdzdfreg.
Connection id 284860804.838187132 sending message {"event":"pusher:connection_established","data":"{\"socket_id\":\"284860804.838187132\",\"activity_timeout\":30}"}

   Symfony\Component\Debug\Exception\FatalThrowableError  : Argument 1 passed to BeyondCode\LaravelWebSockets\WebSockets\Channels\ChannelManagers\ArrayChannelManager::find() must be of the type string, null given, called in /var/www/html/hot-soumek/vendor/beyondcode/laravel-websockets/src/Dashboard/DashboardLogger.php on line 81

  at /var/www/html/hot-soumek/vendor/beyondcode/laravel-websockets/src/WebSockets/Channels/ChannelManagers/ArrayChannelManager.php:32
    28| 
    29|         return $this->channels[$appId][$channelName];
    30|     }
    31| 
  > 32|     public function find(string $appId, string $channelName): ?Channel
    33|     {
    34|         return $this->channels[$appId][$channelName] ?? null;
    35|     }
    36|

  Exception trace:

  1   BeyondCode\LaravelWebSockets\WebSockets\Channels\ChannelManagers\ArrayChannelManager::find("private-websockets-dashboard-connection")
      /var/www/html/hot-soumek/vendor/beyondcode/laravel-websockets/src/Dashboard/DashboardLogger.php:81

  2   BeyondCode\LaravelWebSockets\Dashboard\DashboardLogger::log("connection", ["Origin: http://51.15.158.176", "284860804.838187132"])
      /var/www/html/hot-soumek/vendor/beyondcode/laravel-websockets/src/Dashboard/DashboardLogger.php:27

  Please use the argument -v to see more details.
Starting the WebSocket server on port 6001...
New connection opened for app key dzdzdzdzdzdzdzdfreg.
Connection id 442122545.745799930 sending message {"event":"pusher:connection_established","data":"{\"socket_id\":\"442122545.745799930\",\"activity_timeout\":30}"}

   Symfony\Component\Debug\Exception\FatalThrowableError  : Argument 1 passed to BeyondCode\LaravelWebSockets\WebSockets\Channels\ChannelManagers\ArrayChannelManager::find() must be of the type string, null given, called in /var/www/html/hot-soumek/vendor/beyondcode/laravel-websockets/src/Dashboard/DashboardLogger.php on line 81

  at /var/www/html/hot-soumek/vendor/beyondcode/laravel-websockets/src/WebSockets/Channels/ChannelManagers/ArrayChannelManager.php:32
    28| 
    29|         return $this->channels[$appId][$channelName];
    30|     }
    31| 
  > 32|     public function find(string $appId, string $channelName): ?Channel
    33|     {
    34|         return $this->channels[$appId][$channelName] ?? null;
    35|     }
    36|

  Exception trace:

  1   BeyondCode\LaravelWebSockets\WebSockets\Channels\ChannelManagers\ArrayChannelManager::find("private-websockets-dashboard-connection")
      /var/www/html/hot-soumek/vendor/beyondcode/laravel-websockets/src/Dashboard/DashboardLogger.php:81

  2   BeyondCode\LaravelWebSockets\Dashboard\DashboardLogger::log("connection", ["Origin: http://51.15.158.176", "442122545.745799930"])
      /var/www/html/hot-soumek/vendor/beyondcode/laravel-websockets/src/Dashboard/DashboardLogger.php:27

  Please use the argument -v to see more details.
Starting the WebSocket server on port 6001...
New connection opened for app key dzdzdzdzdzdzdzdfreg.
Connection id 705585454.524033342 sending message {"event":"pusher:connection_established","data":"{\"socket_id\":\"705585454.524033342\",\"activity_timeout\":30}"}

   Symfony\Component\Debug\Exception\FatalThrowableError  : Argument 1 passed to BeyondCode\LaravelWebSockets\WebSockets\Channels\ChannelManagers\ArrayChannelManager::find() must be of the type string, null given, called in /var/www/html/hot-soumek/vendor/beyondcode/laravel-websockets/src/Dashboard/DashboardLogger.php on line 81

  at /var/www/html/hot-soumek/vendor/beyondcode/laravel-websockets/src/WebSockets/Channels/ChannelManagers/ArrayChannelManager.php:32
    28| 
    29|         return $this->channels[$appId][$channelName];
    30|     }
    31| 
  > 32|     public function find(string $appId, string $channelName): ?Channel
    33|     {
    34|         return $this->channels[$appId][$channelName] ?? null;
    35|     }
    36|

  Exception trace:

  1   BeyondCode\LaravelWebSockets\WebSockets\Channels\ChannelManagers\ArrayChannelManager::find("private-websockets-dashboard-connection")
      /var/www/html/hot-soumek/vendor/beyondcode/laravel-websockets/src/Dashboard/DashboardLogger.php:81

  2   BeyondCode\LaravelWebSockets\Dashboard\DashboardLogger::log("connection", ["Origin: http://51.15.158.176", "705585454.524033342"])
      /var/www/html/hot-soumek/vendor/beyondcode/laravel-websockets/src/Dashboard/DashboardLogger.php:27

  Please use the argument -v to see more details.
Starting the WebSocket server on port 6001...
New connection opened for app key dzdzdzdzdzdzdzdfreg.
Connection id 977258879.907121337 sending message {"event":"pusher:connection_established","data":"{\"socket_id\":\"977258879.907121337\",\"activity_timeout\":30}"}

   Symfony\Component\Debug\Exception\FatalThrowableError  : Argument 1 passed to BeyondCode\LaravelWebSockets\WebSockets\Channels\ChannelManagers\ArrayChannelManager::find() must be of the type string, null given, called in /var/www/html/hot-soumek/vendor/beyondcode/laravel-websockets/src/Dashboard/DashboardLogger.php on line 81

  at /var/www/html/hot-soumek/vendor/beyondcode/laravel-websockets/src/WebSockets/Channels/ChannelManagers/ArrayChannelManager.php:32
    28| 
    29|         return $this->channels[$appId][$channelName];
    30|     }
    31| 
  > 32|     public function find(string $appId, string $channelName): ?Channel
    33|     {
    34|         return $this->channels[$appId][$channelName] ?? null;
    35|     }
    36|

  Exception trace:

  1   BeyondCode\LaravelWebSockets\WebSockets\Channels\ChannelManagers\ArrayChannelManager::find("private-websockets-dashboard-connection")
      /var/www/html/hot-soumek/vendor/beyondcode/laravel-websockets/src/Dashboard/DashboardLogger.php:81

  2   BeyondCode\LaravelWebSockets\Dashboard\DashboardLogger::log("connection", ["Origin: http://51.15.158.176", "977258879.907121337"])
      /var/www/html/hot-soumek/vendor/beyondcode/laravel-websockets/src/Dashboard/DashboardLogger.php:27

  Please use the argument -v to see more details.
Starting the WebSocket server on port 6001...
Starting the WebSocket server on port 6001...
New connection opened for app key dzdzdzdzdzdzdzdfreg.
Connection id 894901413.753135899 sending message {"event":"pusher:connection_established","data":"{\"socket_id\":\"894901413.753135899\",\"activity_timeout\":30}"}

   Symfony\Component\Debug\Exception\FatalThrowableError  : Argument 1 passed to BeyondCode\LaravelWebSockets\WebSockets\Channels\ChannelManagers\ArrayChannelManager::find() must be of the type string, null given, called in /var/www/html/hot-soumek/vendor/beyondcode/laravel-websockets/src/Dashboard/DashboardLogger.php on line 81

  at /var/www/html/hot-soumek/vendor/beyondcode/laravel-websockets/src/WebSockets/Channels/ChannelManagers/ArrayChannelManager.php:32
    28| 
    29|         return $this->channels[$appId][$channelName];
    30|     }
    31| 
  > 32|     public function find(string $appId, string $channelName): ?Channel
    33|     {
    34|         return $this->channels[$appId][$channelName] ?? null;
    35|     }
    36|

  Exception trace:

  1   BeyondCode\LaravelWebSockets\WebSockets\Channels\ChannelManagers\ArrayChannelManager::find("private-websockets-dashboard-connection")
      /var/www/html/hot-soumek/vendor/beyondcode/laravel-websockets/src/Dashboard/DashboardLogger.php:81

  2   BeyondCode\LaravelWebSockets\Dashboard\DashboardLogger::log("connection", ["Origin: http://51.15.158.176", "894901413.753135899"])
      /var/www/html/hot-soumek/vendor/beyondcode/laravel-websockets/src/Dashboard/DashboardLogger.php:27

  Please use the argument -v to see more details.
Starting the WebSocket server on port 6001...
New connection opened for app key dzdzdzdzdzdzdzdfreg.
Connection id 538098857.405449579 sending message {"event":"pusher:connection_established","data":"{\"socket_id\":\"538098857.405449579\",\"activity_timeout\":30}"}

   Symfony\Component\Debug\Exception\FatalThrowableError  : Argument 1 passed to BeyondCode\LaravelWebSockets\WebSockets\Channels\ChannelManagers\ArrayChannelManager::find() must be of the type string, null given, called in /var/www/html/hot-soumek/vendor/beyondcode/laravel-websockets/src/Dashboard/DashboardLogger.php on line 81

  at /var/www/html/hot-soumek/vendor/beyondcode/laravel-websockets/src/WebSockets/Channels/ChannelManagers/ArrayChannelManager.php:32
    28| 
    29|         return $this->channels[$appId][$channelName];
    30|     }
    31| 
  > 32|     public function find(string $appId, string $channelName): ?Channel
    33|     {
    34|         return $this->channels[$appId][$channelName] ?? null;
    35|     }
    36|

  Exception trace:

  1   BeyondCode\LaravelWebSockets\WebSockets\Channels\ChannelManagers\ArrayChannelManager::find("private-websockets-dashboard-connection")
      /var/www/html/hot-soumek/vendor/beyondcode/laravel-websockets/src/Dashboard/DashboardLogger.php:81

  2   BeyondCode\LaravelWebSockets\Dashboard\DashboardLogger::log("connection", ["Origin: http://51.15.158.176", "538098857.405449579"])
      /var/www/html/hot-soumek/vendor/beyondcode/laravel-websockets/src/Dashboard/DashboardLogger.php:27

  Please use the argument -v to see more details.
Starting the WebSocket server on port 6001...
New connection opened for app key dzdzdzdzdzdzdzdfreg.
Connection id 770262633.8333775 sending message {"event":"pusher:connection_established","data":"{\"socket_id\":\"770262633.8333775\",\"activity_timeout\":30}"}

   Symfony\Component\Debug\Exception\FatalThrowableError  : Argument 1 passed to BeyondCode\LaravelWebSockets\WebSockets\Channels\ChannelManagers\ArrayChannelManager::find() must be of the type string, null given, called in /var/www/html/hot-soumek/vendor/beyondcode/laravel-websockets/src/Dashboard/DashboardLogger.php on line 81

  at /var/www/html/hot-soumek/vendor/beyondcode/laravel-websockets/src/WebSockets/Channels/ChannelManagers/ArrayChannelManager.php:32
    28| 
    29|         return $this->channels[$appId][$channelName];
    30|     }
    31| 
  > 32|     public function find(string $appId, string $channelName): ?Channel
    33|     {
    34|         return $this->channels[$appId][$channelName] ?? null;
    35|     }
    36|

  Exception trace:

  1   BeyondCode\LaravelWebSockets\WebSockets\Channels\ChannelManagers\ArrayChannelManager::find("private-websockets-dashboard-connection")
      /var/www/html/hot-soumek/vendor/beyondcode/laravel-websockets/src/Dashboard/DashboardLogger.php:81

  2   BeyondCode\LaravelWebSockets\Dashboard\DashboardLogger::log("connection", ["Origin: http://51.15.158.176", "770262633.8333775"])
      /var/www/html/hot-soumek/vendor/beyondcode/laravel-websockets/src/Dashboard/DashboardLogger.php:27

  Please use the argument -v to see more details.
Starting the WebSocket server on port 6001...
New connection opened for app key dzdzdzdzdzdzdzdfreg.
Connection id 719671250.580960152 sending message {"event":"pusher:connection_established","data":"{\"socket_id\":\"719671250.580960152\",\"activity_timeout\":30}"}

   Symfony\Component\Debug\Exception\FatalThrowableError  : Argument 1 passed to BeyondCode\LaravelWebSockets\WebSockets\Channels\ChannelManagers\ArrayChannelManager::find() must be of the type string, null given, called in /var/www/html/hot-soumek/vendor/beyondcode/laravel-websockets/src/Dashboard/DashboardLogger.php on line 81

  at /var/www/html/hot-soumek/vendor/beyondcode/laravel-websockets/src/WebSockets/Channels/ChannelManagers/ArrayChannelManager.php:32
    28| 
    29|         return $this->channels[$appId][$channelName];
    30|     }
    31| 
  > 32|     public function find(string $appId, string $channelName): ?Channel
    33|     {
    34|         return $this->channels[$appId][$channelName] ?? null;
    35|     }
    36|

  Exception trace:

  1   BeyondCode\LaravelWebSockets\WebSockets\Channels\ChannelManagers\ArrayChannelManager::find("private-websockets-dashboard-connection")
      /var/www/html/hot-soumek/vendor/beyondcode/laravel-websockets/src/Dashboard/DashboardLogger.php:81

  2   BeyondCode\LaravelWebSockets\Dashboard\DashboardLogger::log("connection", ["Origin: http://51.15.158.176", "719671250.580960152"])
      /var/www/html/hot-soumek/vendor/beyondcode/laravel-websockets/src/Dashboard/DashboardLogger.php:27

  Please use the argument -v to see more details.
Starting the WebSocket server on port 6001...
New connection opened for app key dzdzdzdzdzdzdzdfreg.
Connection id 325173434.909476935 sending message {"event":"pusher:connection_established","data":"{\"socket_id\":\"325173434.909476935\",\"activity_timeout\":30}"}

   Symfony\Component\Debug\Exception\FatalThrowableError  : Argument 1 passed to BeyondCode\LaravelWebSockets\WebSockets\Channels\ChannelManagers\ArrayChannelManager::find() must be of the type string, null given, called in /var/www/html/hot-soumek/vendor/beyondcode/laravel-websockets/src/Dashboard/DashboardLogger.php on line 81

  at /var/www/html/hot-soumek/vendor/beyondcode/laravel-websockets/src/WebSockets/Channels/ChannelManagers/ArrayChannelManager.php:32
    28| 
    29|         return $this->channels[$appId][$channelName];
    30|     }
    31| 
  > 32|     public function find(string $appId, string $channelName): ?Channel
    33|     {
    34|         return $this->channels[$appId][$channelName] ?? null;
    35|     }
    36|

  Exception trace:

  1   BeyondCode\LaravelWebSockets\WebSockets\Channels\ChannelManagers\ArrayChannelManager::find("private-websockets-dashboard-connection")
      /var/www/html/hot-soumek/vendor/beyondcode/laravel-websockets/src/Dashboard/DashboardLogger.php:81

  2   BeyondCode\LaravelWebSockets\Dashboard\DashboardLogger::log("connection", ["Origin: http://51.15.158.176", "325173434.909476935"])
      /var/www/html/hot-soumek/vendor/beyondcode/laravel-websockets/src/Dashboard/DashboardLogger.php:27

  Please use the argument -v to see more details.
Starting the WebSocket server on port 6001...
New connection opened for app key dzdzdzdzdzdzdzdfreg.
Connection id 286430887.765195350 sending message {"event":"pusher:connection_established","data":"{\"socket_id\":\"286430887.765195350\",\"activity_timeout\":30}"}

   Symfony\Component\Debug\Exception\FatalThrowableError  : Argument 1 passed to BeyondCode\LaravelWebSockets\WebSockets\Channels\ChannelManagers\ArrayChannelManager::find() must be of the type string, null given, called in /var/www/html/hot-soumek/vendor/beyondcode/laravel-websockets/src/Dashboard/DashboardLogger.php on line 81

  at /var/www/html/hot-soumek/vendor/beyondcode/laravel-websockets/src/WebSockets/Channels/ChannelManagers/ArrayChannelManager.php:32
    28| 
    29|         return $this->channels[$appId][$channelName];
    30|     }
    31| 
  > 32|     public function find(string $appId, string $channelName): ?Channel
    33|     {
    34|         return $this->channels[$appId][$channelName] ?? null;
    35|     }
    36|

  Exception trace:

  1   BeyondCode\LaravelWebSockets\WebSockets\Channels\ChannelManagers\ArrayChannelManager::find("private-websockets-dashboard-connection")
      /var/www/html/hot-soumek/vendor/beyondcode/laravel-websockets/src/Dashboard/DashboardLogger.php:81

  2   BeyondCode\LaravelWebSockets\Dashboard\DashboardLogger::log("connection", ["Origin: http://51.15.158.176", "286430887.765195350"])
      /var/www/html/hot-soumek/vendor/beyondcode/laravel-websockets/src/Dashboard/DashboardLogger.php:27

  Please use the argument -v to see more details.
Starting the WebSocket server on port 6001...
New connection opened for app key dzdzdzdzdzdzdzdfreg.
Connection id 404582892.891700936 sending message {"event":"pusher:connection_established","data":"{\"socket_id\":\"404582892.891700936\",\"activity_timeout\":30}"}

   Symfony\Component\Debug\Exception\FatalThrowableError  : Argument 1 passed to BeyondCode\LaravelWebSockets\WebSockets\Channels\ChannelManagers\ArrayChannelManager::find() must be of the type string, null given, called in /var/www/html/hot-soumek/vendor/beyondcode/laravel-websockets/src/Dashboard/DashboardLogger.php on line 81

  at /var/www/html/hot-soumek/vendor/beyondcode/laravel-websockets/src/WebSockets/Channels/ChannelManagers/ArrayChannelManager.php:32
    28| 
    29|         return $this->channels[$appId][$channelName];
    30|     }
    31| 
  > 32|     public function find(string $appId, string $channelName): ?Channel
    33|     {
    34|         return $this->channels[$appId][$channelName] ?? null;
    35|     }
    36|

  Exception trace:

  1   BeyondCode\LaravelWebSockets\WebSockets\Channels\ChannelManagers\ArrayChannelManager::find("private-websockets-dashboard-connection")
      /var/www/html/hot-soumek/vendor/beyondcode/laravel-websockets/src/Dashboard/DashboardLogger.php:81

  2   BeyondCode\LaravelWebSockets\Dashboard\DashboardLogger::log("connection", ["Origin: http://51.15.158.176", "404582892.891700936"])
      /var/www/html/hot-soumek/vendor/beyondcode/laravel-websockets/src/Dashboard/DashboardLogger.php:27

  Please use the argument -v to see more details.
Starting the WebSocket server on port 6001...
New connection opened for app key dzdzdzdzdzdzdzdfreg.
Connection id 726675589.847847898 sending message {"event":"pusher:connection_established","data":"{\"socket_id\":\"726675589.847847898\",\"activity_timeout\":30}"}

   Symfony\Component\Debug\Exception\FatalThrowableError  : Argument 1 passed to BeyondCode\LaravelWebSockets\WebSockets\Channels\ChannelManagers\ArrayChannelManager::find() must be of the type string, null given, called in /var/www/html/hot-soumek/vendor/beyondcode/laravel-websockets/src/Dashboard/DashboardLogger.php on line 81

  at /var/www/html/hot-soumek/vendor/beyondcode/laravel-websockets/src/WebSockets/Channels/ChannelManagers/ArrayChannelManager.php:32
    28| 
    29|         return $this->channels[$appId][$channelName];
    30|     }
    31| 
  > 32|     public function find(string $appId, string $channelName): ?Channel
    33|     {
    34|         return $this->channels[$appId][$channelName] ?? null;
    35|     }
    36|

  Exception trace:

  1   BeyondCode\LaravelWebSockets\WebSockets\Channels\ChannelManagers\ArrayChannelManager::find("private-websockets-dashboard-connection")
      /var/www/html/hot-soumek/vendor/beyondcode/laravel-websockets/src/Dashboard/DashboardLogger.php:81

  2   BeyondCode\LaravelWebSockets\Dashboard\DashboardLogger::log("connection", ["Origin: http://51.15.158.176", "726675589.847847898"])
      /var/www/html/hot-soumek/vendor/beyondcode/laravel-websockets/src/Dashboard/DashboardLogger.php:27

  Please use the argument -v to see more details.
Starting the WebSocket server on port 6001...
New connection opened for app key dzdzdzdzdzdzdzdfreg.
Connection id 341873473.844549243 sending message {"event":"pusher:connection_established","data":"{\"socket_id\":\"341873473.844549243\",\"activity_timeout\":30}"}

   Symfony\Component\Debug\Exception\FatalThrowableError  : Argument 1 passed to BeyondCode\LaravelWebSockets\WebSockets\Channels\ChannelManagers\ArrayChannelManager::find() must be of the type string, null given, called in /var/www/html/hot-soumek/vendor/beyondcode/laravel-websockets/src/Dashboard/DashboardLogger.php on line 81

  at /var/www/html/hot-soumek/vendor/beyondcode/laravel-websockets/src/WebSockets/Channels/ChannelManagers/ArrayChannelManager.php:32
    28| 
    29|         return $this->channels[$appId][$channelName];
    30|     }
    31| 
  > 32|     public function find(string $appId, string $channelName): ?Channel
    33|     {
    34|         return $this->channels[$appId][$channelName] ?? null;
    35|     }
    36|

  Exception trace:

  1   BeyondCode\LaravelWebSockets\WebSockets\Channels\ChannelManagers\ArrayChannelManager::find("private-websockets-dashboard-connection")
      /var/www/html/hot-soumek/vendor/beyondcode/laravel-websockets/src/Dashboard/DashboardLogger.php:81

  2   BeyondCode\LaravelWebSockets\Dashboard\DashboardLogger::log("connection", ["Origin: http://51.15.158.176", "341873473.844549243"])
      /var/www/html/hot-soumek/vendor/beyondcode/laravel-websockets/src/Dashboard/DashboardLogger.php:27

  Please use the argument -v to see more details.
Starting the WebSocket server on port 6001...
New connection opened for app key dzdzdzdzdzdzdzdfreg.
Connection id 772263838.915592817 sending message {"event":"pusher:connection_established","data":"{\"socket_id\":\"772263838.915592817\",\"activity_timeout\":30}"}

   Symfony\Component\Debug\Exception\FatalThrowableError  : Argument 1 passed to BeyondCode\LaravelWebSockets\WebSockets\Channels\ChannelManagers\ArrayChannelManager::find() must be of the type string, null given, called in /var/www/html/hot-soumek/vendor/beyondcode/laravel-websockets/src/Dashboard/DashboardLogger.php on line 81

  at /var/www/html/hot-soumek/vendor/beyondcode/laravel-websockets/src/WebSockets/Channels/ChannelManagers/ArrayChannelManager.php:32
    28| 
    29|         return $this->channels[$appId][$channelName];
    30|     }
    31| 
  > 32|     public function find(string $appId, string $channelName): ?Channel
    33|     {
    34|         return $this->channels[$appId][$channelName] ?? null;
    35|     }
    36|

  Exception trace:

  1   BeyondCode\LaravelWebSockets\WebSockets\Channels\ChannelManagers\ArrayChannelManager::find("private-websockets-dashboard-connection")
      /var/www/html/hot-soumek/vendor/beyondcode/laravel-websockets/src/Dashboard/DashboardLogger.php:81

  2   BeyondCode\LaravelWebSockets\Dashboard\DashboardLogger::log("connection", ["Origin: http://51.15.158.176", "772263838.915592817"])
      /var/www/html/hot-soumek/vendor/beyondcode/laravel-websockets/src/Dashboard/DashboardLogger.php:27

  Please use the argument -v to see more details.
Starting the WebSocket server on port 6001...
New connection opened for app key dzdzdzdzdzdzdzdfreg.
Connection id 367262541.231687565 sending message {"event":"pusher:connection_established","data":"{\"socket_id\":\"367262541.231687565\",\"activity_timeout\":30}"}

   Symfony\Component\Debug\Exception\FatalThrowableError  : Argument 1 passed to BeyondCode\LaravelWebSockets\WebSockets\Channels\ChannelManagers\ArrayChannelManager::find() must be of the type string, null given, called in /var/www/html/hot-soumek/vendor/beyondcode/laravel-websockets/src/Dashboard/DashboardLogger.php on line 81

  at /var/www/html/hot-soumek/vendor/beyondcode/laravel-websockets/src/WebSockets/Channels/ChannelManagers/ArrayChannelManager.php:32
    28| 
    29|         return $this->channels[$appId][$channelName];
    30|     }
    31| 
  > 32|     public function find(string $appId, string $channelName): ?Channel
    33|     {
    34|         return $this->channels[$appId][$channelName] ?? null;
    35|     }
    36|

  Exception trace:

  1   BeyondCode\LaravelWebSockets\WebSockets\Channels\ChannelManagers\ArrayChannelManager::find("private-websockets-dashboard-connection")
      /var/www/html/hot-soumek/vendor/beyondcode/laravel-websockets/src/Dashboard/DashboardLogger.php:81

  2   BeyondCode\LaravelWebSockets\Dashboard\DashboardLogger::log("connection", ["Origin: http://51.15.158.176", "367262541.231687565"])
      /var/www/html/hot-soumek/vendor/beyondcode/laravel-websockets/src/Dashboard/DashboardLogger.php:27

  Please use the argument -v to see more details.
Starting the WebSocket server on port 6001...
New connection opened for app key dzdzdzdzdzdzdzdfreg.
Connection id 209500460.317284688 sending message {"event":"pusher:connection_established","data":"{\"socket_id\":\"209500460.317284688\",\"activity_timeout\":30}"}

   Symfony\Component\Debug\Exception\FatalThrowableError  : Argument 1 passed to BeyondCode\LaravelWebSockets\WebSockets\Channels\ChannelManagers\ArrayChannelManager::find() must be of the type string, null given, called in /var/www/html/hot-soumek/vendor/beyondcode/laravel-websockets/src/Dashboard/DashboardLogger.php on line 81

  at /var/www/html/hot-soumek/vendor/beyondcode/laravel-websockets/src/WebSockets/Channels/ChannelManagers/ArrayChannelManager.php:32
    28| 
    29|         return $this->channels[$appId][$channelName];
    30|     }
    31| 
  > 32|     public function find(string $appId, string $channelName): ?Channel
    33|     {
    34|         return $this->channels[$appId][$channelName] ?? null;
    35|     }
    36|

  Exception trace:

  1   BeyondCode\LaravelWebSockets\WebSockets\Channels\ChannelManagers\ArrayChannelManager::find("private-websockets-dashboard-connection")
      /var/www/html/hot-soumek/vendor/beyondcode/laravel-websockets/src/Dashboard/DashboardLogger.php:81

  2   BeyondCode\LaravelWebSockets\Dashboard\DashboardLogger::log("connection", ["Origin: http://51.15.158.176", "209500460.317284688"])
      /var/www/html/hot-soumek/vendor/beyondcode/laravel-websockets/src/Dashboard/DashboardLogger.php:27

  Please use the argument -v to see more details.
Starting the WebSocket server on port 6001...
Starting the WebSocket server on port 6001...
New connection opened for app key dzdzdzdzdzdzdzdfreg.
Connection id 238400298.2186332 sending message {"event":"pusher:connection_established","data":"{\"socket_id\":\"238400298.2186332\",\"activity_timeout\":30}"}

   Symfony\Component\Debug\Exception\FatalThrowableError  : Argument 1 passed to BeyondCode\LaravelWebSockets\WebSockets\Channels\ChannelManagers\ArrayChannelManager::find() must be of the type string, null given, called in /var/www/html/hot-soumek/vendor/beyondcode/laravel-websockets/src/Dashboard/DashboardLogger.php on line 81

  at /var/www/html/hot-soumek/vendor/beyondcode/laravel-websockets/src/WebSockets/Channels/ChannelManagers/ArrayChannelManager.php:32
    28| 
    29|         return $this->channels[$appId][$channelName];
    30|     }
    31| 
  > 32|     public function find(string $appId, string $channelName): ?Channel
    33|     {
    34|         return $this->channels[$appId][$channelName] ?? null;
    35|     }
    36|

  Exception trace:

  1   BeyondCode\LaravelWebSockets\WebSockets\Channels\ChannelManagers\ArrayChannelManager::find("private-websockets-dashboard-connection")
      /var/www/html/hot-soumek/vendor/beyondcode/laravel-websockets/src/Dashboard/DashboardLogger.php:81

  2   BeyondCode\LaravelWebSockets\Dashboard\DashboardLogger::log("connection", ["Origin: http://51.15.158.176", "238400298.2186332"])
      /var/www/html/hot-soumek/vendor/beyondcode/laravel-websockets/src/Dashboard/DashboardLogger.php:27

  Please use the argument -v to see more details.
Starting the WebSocket server on port 6001...
New connection opened for app key dzdzdzdzdzdzdzdfreg.
Connection id 614953966.864307915 sending message {"event":"pusher:connection_established","data":"{\"socket_id\":\"614953966.864307915\",\"activity_timeout\":30}"}

   Symfony\Component\Debug\Exception\FatalThrowableError  : Argument 1 passed to BeyondCode\LaravelWebSockets\WebSockets\Channels\ChannelManagers\ArrayChannelManager::find() must be of the type string, null given, called in /var/www/html/hot-soumek/vendor/beyondcode/laravel-websockets/src/Dashboard/DashboardLogger.php on line 81

  at /var/www/html/hot-soumek/vendor/beyondcode/laravel-websockets/src/WebSockets/Channels/ChannelManagers/ArrayChannelManager.php:32
    28| 
    29|         return $this->channels[$appId][$channelName];
    30|     }
    31| 
  > 32|     public function find(string $appId, string $channelName): ?Channel
    33|     {
    34|         return $this->channels[$appId][$channelName] ?? null;
    35|     }
    36|

  Exception trace:

  1   BeyondCode\LaravelWebSockets\WebSockets\Channels\ChannelManagers\ArrayChannelManager::find("private-websockets-dashboard-connection")
      /var/www/html/hot-soumek/vendor/beyondcode/laravel-websockets/src/Dashboard/DashboardLogger.php:81

  2   BeyondCode\LaravelWebSockets\Dashboard\DashboardLogger::log("connection", ["Origin: http://51.15.158.176", "614953966.864307915"])
      /var/www/html/hot-soumek/vendor/beyondcode/laravel-websockets/src/Dashboard/DashboardLogger.php:27

  Please use the argument -v to see more details.
Starting the WebSocket server on port 6001...
New connection opened for app key dzdzdzdzdzdzdzdfreg.
Connection id 697339529.211553461 sending message {"event":"pusher:connection_established","data":"{\"socket_id\":\"697339529.211553461\",\"activity_timeout\":30}"}

   Symfony\Component\Debug\Exception\FatalThrowableError  : Argument 1 passed to BeyondCode\LaravelWebSockets\WebSockets\Channels\ChannelManagers\ArrayChannelManager::find() must be of the type string, null given, called in /var/www/html/hot-soumek/vendor/beyondcode/laravel-websockets/src/Dashboard/DashboardLogger.php on line 81

  at /var/www/html/hot-soumek/vendor/beyondcode/laravel-websockets/src/WebSockets/Channels/ChannelManagers/ArrayChannelManager.php:32
    28| 
    29|         return $this->channels[$appId][$channelName];
    30|     }
    31| 
  > 32|     public function find(string $appId, string $channelName): ?Channel
    33|     {
    34|         return $this->channels[$appId][$channelName] ?? null;
    35|     }
    36|

  Exception trace:

  1   BeyondCode\LaravelWebSockets\WebSockets\Channels\ChannelManagers\ArrayChannelManager::find("private-websockets-dashboard-connection")
      /var/www/html/hot-soumek/vendor/beyondcode/laravel-websockets/src/Dashboard/DashboardLogger.php:81

  2   BeyondCode\LaravelWebSockets\Dashboard\DashboardLogger::log("connection", ["Origin: http://51.15.158.176", "697339529.211553461"])
      /var/www/html/hot-soumek/vendor/beyondcode/laravel-websockets/src/Dashboard/DashboardLogger.php:27

  Please use the argument -v to see more details.
Starting the WebSocket server on port 6001...
New connection opened for app key dzdzdzdzdzdzdzdfreg.
Connection id 148794943.698656587 sending message {"event":"pusher:connection_established","data":"{\"socket_id\":\"148794943.698656587\",\"activity_timeout\":30}"}

   Symfony\Component\Debug\Exception\FatalThrowableError  : Argument 1 passed to BeyondCode\LaravelWebSockets\WebSockets\Channels\ChannelManagers\ArrayChannelManager::find() must be of the type string, null given, called in /var/www/html/hot-soumek/vendor/beyondcode/laravel-websockets/src/Dashboard/DashboardLogger.php on line 81

  at /var/www/html/hot-soumek/vendor/beyondcode/laravel-websockets/src/WebSockets/Channels/ChannelManagers/ArrayChannelManager.php:32
    28| 
    29|         return $this->channels[$appId][$channelName];
    30|     }
    31| 
  > 32|     public function find(string $appId, string $channelName): ?Channel
    33|     {
    34|         return $this->channels[$appId][$channelName] ?? null;
    35|     }
    36|

  Exception trace:

  1   BeyondCode\LaravelWebSockets\WebSockets\Channels\ChannelManagers\ArrayChannelManager::find("private-websockets-dashboard-connection")
      /var/www/html/hot-soumek/vendor/beyondcode/laravel-websockets/src/Dashboard/DashboardLogger.php:81

  2   BeyondCode\LaravelWebSockets\Dashboard\DashboardLogger::log("connection", ["Origin: http://51.15.158.176", "148794943.698656587"])
      /var/www/html/hot-soumek/vendor/beyondcode/laravel-websockets/src/Dashboard/DashboardLogger.php:27

  Please use the argument -v to see more details.
Starting the WebSocket server on port 6001...
New connection opened for app key dzdzdzdzdzdzdzdfreg.
Connection id 22567177.602860971 sending message {"event":"pusher:connection_established","data":"{\"socket_id\":\"22567177.602860971\",\"activity_timeout\":30}"}

   Symfony\Component\Debug\Exception\FatalThrowableError  : Argument 1 passed to BeyondCode\LaravelWebSockets\WebSockets\Channels\ChannelManagers\ArrayChannelManager::find() must be of the type string, null given, called in /var/www/html/hot-soumek/vendor/beyondcode/laravel-websockets/src/Dashboard/DashboardLogger.php on line 81

  at /var/www/html/hot-soumek/vendor/beyondcode/laravel-websockets/src/WebSockets/Channels/ChannelManagers/ArrayChannelManager.php:32
    28| 
    29|         return $this->channels[$appId][$channelName];
    30|     }
    31| 
  > 32|     public function find(string $appId, string $channelName): ?Channel
    33|     {
    34|         return $this->channels[$appId][$channelName] ?? null;
    35|     }
    36|

  Exception trace:

  1   BeyondCode\LaravelWebSockets\WebSockets\Channels\ChannelManagers\ArrayChannelManager::find("private-websockets-dashboard-connection")
      /var/www/html/hot-soumek/vendor/beyondcode/laravel-websockets/src/Dashboard/DashboardLogger.php:81

  2   BeyondCode\LaravelWebSockets\Dashboard\DashboardLogger::log("connection", ["Origin: http://51.15.158.176", "22567177.602860971"])
      /var/www/html/hot-soumek/vendor/beyondcode/laravel-websockets/src/Dashboard/DashboardLogger.php:27

  Please use the argument -v to see more details.
Starting the WebSocket server on port 6001...
New connection opened for app key dzdzdzdzdzdzdzdfreg.
Connection id 37921903.67783841 sending message {"event":"pusher:connection_established","data":"{\"socket_id\":\"37921903.67783841\",\"activity_timeout\":30}"}

   Symfony\Component\Debug\Exception\FatalThrowableError  : Argument 1 passed to BeyondCode\LaravelWebSockets\WebSockets\Channels\ChannelManagers\ArrayChannelManager::find() must be of the type string, null given, called in /var/www/html/hot-soumek/vendor/beyondcode/laravel-websockets/src/Dashboard/DashboardLogger.php on line 81

  at /var/www/html/hot-soumek/vendor/beyondcode/laravel-websockets/src/WebSockets/Channels/ChannelManagers/ArrayChannelManager.php:32
    28| 
    29|         return $this->channels[$appId][$channelName];
    30|     }
    31| 
  > 32|     public function find(string $appId, string $channelName): ?Channel
    33|     {
    34|         return $this->channels[$appId][$channelName] ?? null;
    35|     }
    36|

  Exception trace:

  1   BeyondCode\LaravelWebSockets\WebSockets\Channels\ChannelManagers\ArrayChannelManager::find("private-websockets-dashboard-connection")
      /var/www/html/hot-soumek/vendor/beyondcode/laravel-websockets/src/Dashboard/DashboardLogger.php:81

  2   BeyondCode\LaravelWebSockets\Dashboard\DashboardLogger::log("connection", ["Origin: http://51.15.158.176", "37921903.67783841"])
      /var/www/html/hot-soumek/vendor/beyondcode/laravel-websockets/src/Dashboard/DashboardLogger.php:27

  Please use the argument -v to see more details.
Starting the WebSocket server on port 6001...
New connection opened for app key dzdzdzdzdzdzdzdfreg.
Connection id 781655477.22513865 sending message {"event":"pusher:connection_established","data":"{\"socket_id\":\"781655477.22513865\",\"activity_timeout\":30}"}

   Symfony\Component\Debug\Exception\FatalThrowableError  : Argument 1 passed to BeyondCode\LaravelWebSockets\WebSockets\Channels\ChannelManagers\ArrayChannelManager::find() must be of the type string, null given, called in /var/www/html/hot-soumek/vendor/beyondcode/laravel-websockets/src/Dashboard/DashboardLogger.php on line 81

  at /var/www/html/hot-soumek/vendor/beyondcode/laravel-websockets/src/WebSockets/Channels/ChannelManagers/ArrayChannelManager.php:32
    28| 
    29|         return $this->channels[$appId][$channelName];
    30|     }
    31| 
  > 32|     public function find(string $appId, string $channelName): ?Channel
    33|     {
    34|         return $this->channels[$appId][$channelName] ?? null;
    35|     }
    36|

  Exception trace:

  1   BeyondCode\LaravelWebSockets\WebSockets\Channels\ChannelManagers\ArrayChannelManager::find("private-websockets-dashboard-connection")
      /var/www/html/hot-soumek/vendor/beyondcode/laravel-websockets/src/Dashboard/DashboardLogger.php:81

  2   BeyondCode\LaravelWebSockets\Dashboard\DashboardLogger::log("connection", ["Origin: http://51.15.158.176", "781655477.22513865"])
      /var/www/html/hot-soumek/vendor/beyondcode/laravel-websockets/src/Dashboard/DashboardLogger.php:27

  Please use the argument -v to see more details.
Starting the WebSocket server on port 6001...
Starting the WebSocket server on port 6001...
New connection opened for app key F5SHYJY55JY2.
Connection id 525111916.837889286 sending message {"event":"pusher:connection_established","data":"{\"socket_id\":\"525111916.837889286\",\"activity_timeout\":30}"}

   Symfony\Component\Debug\Exception\FatalThrowableError  : Argument 1 passed to BeyondCode\LaravelWebSockets\WebSockets\Channels\ChannelManagers\ArrayChannelManager::find() must be of the type string, null given, called in /var/www/html/hot-soumek/vendor/beyondcode/laravel-websockets/src/Dashboard/DashboardLogger.php on line 81

  at /var/www/html/hot-soumek/vendor/beyondcode/laravel-websockets/src/WebSockets/Channels/ChannelManagers/ArrayChannelManager.php:32
    28| 
    29|         return $this->channels[$appId][$channelName];
    30|     }
    31| 
  > 32|     public function find(string $appId, string $channelName): ?Channel
    33|     {
    34|         return $this->channels[$appId][$channelName] ?? null;
    35|     }
    36|

  Exception trace:

  1   BeyondCode\LaravelWebSockets\WebSockets\Channels\ChannelManagers\ArrayChannelManager::find("private-websockets-dashboard-connection")
      /var/www/html/hot-soumek/vendor/beyondcode/laravel-websockets/src/Dashboard/DashboardLogger.php:81

  2   BeyondCode\LaravelWebSockets\Dashboard\DashboardLogger::log("connection", ["Origin: http://51.15.158.176", "525111916.837889286"])
      /var/www/html/hot-soumek/vendor/beyondcode/laravel-websockets/src/Dashboard/DashboardLogger.php:27

  Please use the argument -v to see more details.
Starting the WebSocket server on port 6001...
New connection opened for app key F5SHYJY55JY2.
Connection id 843540231.269874070 sending message {"event":"pusher:connection_established","data":"{\"socket_id\":\"843540231.269874070\",\"activity_timeout\":30}"}

   Symfony\Component\Debug\Exception\FatalThrowableError  : Argument 1 passed to BeyondCode\LaravelWebSockets\WebSockets\Channels\ChannelManagers\ArrayChannelManager::find() must be of the type string, null given, called in /var/www/html/hot-soumek/vendor/beyondcode/laravel-websockets/src/Dashboard/DashboardLogger.php on line 81

  at /var/www/html/hot-soumek/vendor/beyondcode/laravel-websockets/src/WebSockets/Channels/ChannelManagers/ArrayChannelManager.php:32
    28| 
    29|         return $this->channels[$appId][$channelName];
    30|     }
    31| 
  > 32|     public function find(string $appId, string $channelName): ?Channel
    33|     {
    34|         return $this->channels[$appId][$channelName] ?? null;
    35|     }
    36|

  Exception trace:

  1   BeyondCode\LaravelWebSockets\WebSockets\Channels\ChannelManagers\ArrayChannelManager::find("private-websockets-dashboard-connection")
      /var/www/html/hot-soumek/vendor/beyondcode/laravel-websockets/src/Dashboard/DashboardLogger.php:81

  2   BeyondCode\LaravelWebSockets\Dashboard\DashboardLogger::log("connection", ["Origin: http://51.15.158.176", "843540231.269874070"])
      /var/www/html/hot-soumek/vendor/beyondcode/laravel-websockets/src/Dashboard/DashboardLogger.php:27

  Please use the argument -v to see more details.
Starting the WebSocket server on port 6001...
New connection opened for app key F5SHYJY55JY2.
Connection id 836575919.774911990 sending message {"event":"pusher:connection_established","data":"{\"socket_id\":\"836575919.774911990\",\"activity_timeout\":30}"}

   Symfony\Component\Debug\Exception\FatalThrowableError  : Argument 1 passed to BeyondCode\LaravelWebSockets\WebSockets\Channels\ChannelManagers\ArrayChannelManager::find() must be of the type string, null given, called in /var/www/html/hot-soumek/vendor/beyondcode/laravel-websockets/src/Dashboard/DashboardLogger.php on line 81

  at /var/www/html/hot-soumek/vendor/beyondcode/laravel-websockets/src/WebSockets/Channels/ChannelManagers/ArrayChannelManager.php:32
    28| 
    29|         return $this->channels[$appId][$channelName];
    30|     }
    31| 
  > 32|     public function find(string $appId, string $channelName): ?Channel
    33|     {
    34|         return $this->channels[$appId][$channelName] ?? null;
    35|     }
    36|

  Exception trace:

  1   BeyondCode\LaravelWebSockets\WebSockets\Channels\ChannelManagers\ArrayChannelManager::find("private-websockets-dashboard-connection")
      /var/www/html/hot-soumek/vendor/beyondcode/laravel-websockets/src/Dashboard/DashboardLogger.php:81

  2   BeyondCode\LaravelWebSockets\Dashboard\DashboardLogger::log("connection", ["Origin: http://www.hot-soumek.tn", "836575919.774911990"])
      /var/www/html/hot-soumek/vendor/beyondcode/laravel-websockets/src/Dashboard/DashboardLogger.php:27

  Please use the argument -v to see more details.
Starting the WebSocket server on port 6001...
New connection opened for app key F5SHYJY55JY2.
Connection id 299863466.834842422 sending message {"event":"pusher:connection_established","data":"{\"socket_id\":\"299863466.834842422\",\"activity_timeout\":30}"}

   Symfony\Component\Debug\Exception\FatalThrowableError  : Argument 1 passed to BeyondCode\LaravelWebSockets\WebSockets\Channels\ChannelManagers\ArrayChannelManager::find() must be of the type string, null given, called in /var/www/html/hot-soumek/vendor/beyondcode/laravel-websockets/src/Dashboard/DashboardLogger.php on line 81

  at /var/www/html/hot-soumek/vendor/beyondcode/laravel-websockets/src/WebSockets/Channels/ChannelManagers/ArrayChannelManager.php:32
    28| 
    29|         return $this->channels[$appId][$channelName];
    30|     }
    31| 
  > 32|     public function find(string $appId, string $channelName): ?Channel
    33|     {
    34|         return $this->channels[$appId][$channelName] ?? null;
    35|     }
    36|

  Exception trace:

  1   BeyondCode\LaravelWebSockets\WebSockets\Channels\ChannelManagers\ArrayChannelManager::find("private-websockets-dashboard-connection")
      /var/www/html/hot-soumek/vendor/beyondcode/laravel-websockets/src/Dashboard/DashboardLogger.php:81

  2   BeyondCode\LaravelWebSockets\Dashboard\DashboardLogger::log("connection", ["Origin: http://51.15.158.176", "299863466.834842422"])
      /var/www/html/hot-soumek/vendor/beyondcode/laravel-websockets/src/Dashboard/DashboardLogger.php:27

  Please use the argument -v to see more details.
Starting the WebSocket server on port 6001...
New connection opened for app key F5SHYJY55JY2.
Connection id 316309853.44714693 sending message {"event":"pusher:connection_established","data":"{\"socket_id\":\"316309853.44714693\",\"activity_timeout\":30}"}

   Symfony\Component\Debug\Exception\FatalThrowableError  : Argument 1 passed to BeyondCode\LaravelWebSockets\WebSockets\Channels\ChannelManagers\ArrayChannelManager::find() must be of the type string, null given, called in /var/www/html/hot-soumek/vendor/beyondcode/laravel-websockets/src/Dashboard/DashboardLogger.php on line 81

  at /var/www/html/hot-soumek/vendor/beyondcode/laravel-websockets/src/WebSockets/Channels/ChannelManagers/ArrayChannelManager.php:32
    28| 
    29|         return $this->channels[$appId][$channelName];
    30|     }
    31| 
  > 32|     public function find(string $appId, string $channelName): ?Channel
    33|     {
    34|         return $this->channels[$appId][$channelName] ?? null;
    35|     }
    36|

  Exception trace:

  1   BeyondCode\LaravelWebSockets\WebSockets\Channels\ChannelManagers\ArrayChannelManager::find("private-websockets-dashboard-connection")
      /var/www/html/hot-soumek/vendor/beyondcode/laravel-websockets/src/Dashboard/DashboardLogger.php:81

  2   BeyondCode\LaravelWebSockets\Dashboard\DashboardLogger::log("connection", ["Origin: http://www.hot-soumek.tn", "316309853.44714693"])
      /var/www/html/hot-soumek/vendor/beyondcode/laravel-websockets/src/Dashboard/DashboardLogger.php:27

  Please use the argument -v to see more details.
Starting the WebSocket server on port 6001...
New connection opened for app key F5SHYJY55JY2.
Connection id 934877377.417168227 sending message {"event":"pusher:connection_established","data":"{\"socket_id\":\"934877377.417168227\",\"activity_timeout\":30}"}

   Symfony\Component\Debug\Exception\FatalThrowableError  : Argument 1 passed to BeyondCode\LaravelWebSockets\WebSockets\Channels\ChannelManagers\ArrayChannelManager::find() must be of the type string, null given, called in /var/www/html/hot-soumek/vendor/beyondcode/laravel-websockets/src/Dashboard/DashboardLogger.php on line 81

  at /var/www/html/hot-soumek/vendor/beyondcode/laravel-websockets/src/WebSockets/Channels/ChannelManagers/ArrayChannelManager.php:32
    28| 
    29|         return $this->channels[$appId][$channelName];
    30|     }
    31| 
  > 32|     public function find(string $appId, string $channelName): ?Channel
    33|     {
    34|         return $this->channels[$appId][$channelName] ?? null;
    35|     }
    36|

  Exception trace:

  1   BeyondCode\LaravelWebSockets\WebSockets\Channels\ChannelManagers\ArrayChannelManager::find("private-websockets-dashboard-connection")
      /var/www/html/hot-soumek/vendor/beyondcode/laravel-websockets/src/Dashboard/DashboardLogger.php:81

  2   BeyondCode\LaravelWebSockets\Dashboard\DashboardLogger::log("connection", ["Origin: http://www.hot-soumek.tn", "934877377.417168227"])
      /var/www/html/hot-soumek/vendor/beyondcode/laravel-websockets/src/Dashboard/DashboardLogger.php:27

  Please use the argument -v to see more details.
Starting the WebSocket server on port 6001...
New connection opened for app key F5SHYJY55JY2.
Connection id 801606091.199546110 sending message {"event":"pusher:connection_established","data":"{\"socket_id\":\"801606091.199546110\",\"activity_timeout\":30}"}

   Symfony\Component\Debug\Exception\FatalThrowableError  : Argument 1 passed to BeyondCode\LaravelWebSockets\WebSockets\Channels\ChannelManagers\ArrayChannelManager::find() must be of the type string, null given, called in /var/www/html/hot-soumek/vendor/beyondcode/laravel-websockets/src/Dashboard/DashboardLogger.php on line 81

  at /var/www/html/hot-soumek/vendor/beyondcode/laravel-websockets/src/WebSockets/Channels/ChannelManagers/ArrayChannelManager.php:32
    28| 
    29|         return $this->channels[$appId][$channelName];
    30|     }
    31| 
  > 32|     public function find(string $appId, string $channelName): ?Channel
    33|     {
    34|         return $this->channels[$appId][$channelName] ?? null;
    35|     }
    36|

  Exception trace:

  1   BeyondCode\LaravelWebSockets\WebSockets\Channels\ChannelManagers\ArrayChannelManager::find("private-websockets-dashboard-connection")
      /var/www/html/hot-soumek/vendor/beyondcode/laravel-websockets/src/Dashboard/DashboardLogger.php:81

  2   BeyondCode\LaravelWebSockets\Dashboard\DashboardLogger::log("connection", ["Origin: http://www.hot-soumek.tn", "801606091.199546110"])
      /var/www/html/hot-soumek/vendor/beyondcode/laravel-websockets/src/Dashboard/DashboardLogger.php:27

  Please use the argument -v to see more details.
Starting the WebSocket server on port 6001...
New connection opened for app key F5SHYJY55JY2.
Connection id 224345721.536005422 sending message {"event":"pusher:connection_established","data":"{\"socket_id\":\"224345721.536005422\",\"activity_timeout\":30}"}

   Symfony\Component\Debug\Exception\FatalThrowableError  : Argument 1 passed to BeyondCode\LaravelWebSockets\WebSockets\Channels\ChannelManagers\ArrayChannelManager::find() must be of the type string, null given, called in /var/www/html/hot-soumek/vendor/beyondcode/laravel-websockets/src/Dashboard/DashboardLogger.php on line 81

  at /var/www/html/hot-soumek/vendor/beyondcode/laravel-websockets/src/WebSockets/Channels/ChannelManagers/ArrayChannelManager.php:32
    28| 
    29|         return $this->channels[$appId][$channelName];
    30|     }
    31| 
  > 32|     public function find(string $appId, string $channelName): ?Channel
    33|     {
    34|         return $this->channels[$appId][$channelName] ?? null;
    35|     }
    36|

  Exception trace:

  1   BeyondCode\LaravelWebSockets\WebSockets\Channels\ChannelManagers\ArrayChannelManager::find("private-websockets-dashboard-connection")
      /var/www/html/hot-soumek/vendor/beyondcode/laravel-websockets/src/Dashboard/DashboardLogger.php:81

  2   BeyondCode\LaravelWebSockets\Dashboard\DashboardLogger::log("connection", ["Origin: http://www.hot-soumek.tn", "224345721.536005422"])
      /var/www/html/hot-soumek/vendor/beyondcode/laravel-websockets/src/Dashboard/DashboardLogger.php:27

  Please use the argument -v to see more details.
Starting the WebSocket server on port 6001...
New connection opened for app key F5SHYJY55JY2.
Connection id 948259684.787176122 sending message {"event":"pusher:connection_established","data":"{\"socket_id\":\"948259684.787176122\",\"activity_timeout\":30}"}

   Symfony\Component\Debug\Exception\FatalThrowableError  : Argument 1 passed to BeyondCode\LaravelWebSockets\WebSockets\Channels\ChannelManagers\ArrayChannelManager::find() must be of the type string, null given, called in /var/www/html/hot-soumek/vendor/beyondcode/laravel-websockets/src/Dashboard/DashboardLogger.php on line 81

  at /var/www/html/hot-soumek/vendor/beyondcode/laravel-websockets/src/WebSockets/Channels/ChannelManagers/ArrayChannelManager.php:32
    28| 
    29|         return $this->channels[$appId][$channelName];
    30|     }
    31| 
  > 32|     public function find(string $appId, string $channelName): ?Channel
    33|     {
    34|         return $this->channels[$appId][$channelName] ?? null;
    35|     }
    36|

  Exception trace:

  1   BeyondCode\LaravelWebSockets\WebSockets\Channels\ChannelManagers\ArrayChannelManager::find("private-websockets-dashboard-connection")
      /var/www/html/hot-soumek/vendor/beyondcode/laravel-websockets/src/Dashboard/DashboardLogger.php:81

  2   BeyondCode\LaravelWebSockets\Dashboard\DashboardLogger::log("connection", ["Origin: http://www.hot-soumek.tn", "948259684.787176122"])
      /var/www/html/hot-soumek/vendor/beyondcode/laravel-websockets/src/Dashboard/DashboardLogger.php:27

  Please use the argument -v to see more details.
Starting the WebSocket server on port 6001...
New connection opened for app key F5SHYJY55JY2.
Connection id 630573251.752346566 sending message {"event":"pusher:connection_established","data":"{\"socket_id\":\"630573251.752346566\",\"activity_timeout\":30}"}

   Symfony\Component\Debug\Exception\FatalThrowableError  : Argument 1 passed to BeyondCode\LaravelWebSockets\WebSockets\Channels\ChannelManagers\ArrayChannelManager::find() must be of the type string, null given, called in /var/www/html/hot-soumek/vendor/beyondcode/laravel-websockets/src/Dashboard/DashboardLogger.php on line 81

  at /var/www/html/hot-soumek/vendor/beyondcode/laravel-websockets/src/WebSockets/Channels/ChannelManagers/ArrayChannelManager.php:32
    28| 
    29|         return $this->channels[$appId][$channelName];
    30|     }
    31| 
  > 32|     public function find(string $appId, string $channelName): ?Channel
    33|     {
    34|         return $this->channels[$appId][$channelName] ?? null;
    35|     }
    36|

  Exception trace:

  1   BeyondCode\LaravelWebSockets\WebSockets\Channels\ChannelManagers\ArrayChannelManager::find("private-websockets-dashboard-connection")
      /var/www/html/hot-soumek/vendor/beyondcode/laravel-websockets/src/Dashboard/DashboardLogger.php:81

  2   BeyondCode\LaravelWebSockets\Dashboard\DashboardLogger::log("connection", ["Origin: http://www.hot-soumek.tn", "630573251.752346566"])
      /var/www/html/hot-soumek/vendor/beyondcode/laravel-websockets/src/Dashboard/DashboardLogger.php:27

  Please use the argument -v to see more details.
Starting the WebSocket server on port 6001...
New connection opened for app key F5SHYJY55JY2.
Connection id 927750894.288376675 sending message {"event":"pusher:connection_established","data":"{\"socket_id\":\"927750894.288376675\",\"activity_timeout\":30}"}

   Symfony\Component\Debug\Exception\FatalThrowableError  : Argument 1 passed to BeyondCode\LaravelWebSockets\WebSockets\Channels\ChannelManagers\ArrayChannelManager::find() must be of the type string, null given, called in /var/www/html/hot-soumek/vendor/beyondcode/laravel-websockets/src/Dashboard/DashboardLogger.php on line 81

  at /var/www/html/hot-soumek/vendor/beyondcode/laravel-websockets/src/WebSockets/Channels/ChannelManagers/ArrayChannelManager.php:32
    28| 
    29|         return $this->channels[$appId][$channelName];
    30|     }
    31| 
  > 32|     public function find(string $appId, string $channelName): ?Channel
    33|     {
    34|         return $this->channels[$appId][$channelName] ?? null;
    35|     }
    36|

  Exception trace:

  1   BeyondCode\LaravelWebSockets\WebSockets\Channels\ChannelManagers\ArrayChannelManager::find("private-websockets-dashboard-connection")
      /var/www/html/hot-soumek/vendor/beyondcode/laravel-websockets/src/Dashboard/DashboardLogger.php:81

  2   BeyondCode\LaravelWebSockets\Dashboard\DashboardLogger::log("connection", ["Origin: http://51.15.158.176", "927750894.288376675"])
      /var/www/html/hot-soumek/vendor/beyondcode/laravel-websockets/src/Dashboard/DashboardLogger.php:27

  Please use the argument -v to see more details.
Starting the WebSocket server on port 6001...
New connection opened for app key F5SHYJY55JY2.
Connection id 414680875.43804 sending message {"event":"pusher:connection_established","data":"{\"socket_id\":\"414680875.43804\",\"activity_timeout\":30}"}

   Symfony\Component\Debug\Exception\FatalThrowableError  : Argument 1 passed to BeyondCode\LaravelWebSockets\WebSockets\Channels\ChannelManagers\ArrayChannelManager::find() must be of the type string, null given, called in /var/www/html/hot-soumek/vendor/beyondcode/laravel-websockets/src/Dashboard/DashboardLogger.php on line 81

  at /var/www/html/hot-soumek/vendor/beyondcode/laravel-websockets/src/WebSockets/Channels/ChannelManagers/ArrayChannelManager.php:32
    28| 
    29|         return $this->channels[$appId][$channelName];
    30|     }
    31| 
  > 32|     public function find(string $appId, string $channelName): ?Channel
    33|     {
    34|         return $this->channels[$appId][$channelName] ?? null;
    35|     }
    36|

  Exception trace:

  1   BeyondCode\LaravelWebSockets\WebSockets\Channels\ChannelManagers\ArrayChannelManager::find("private-websockets-dashboard-connection")
      /var/www/html/hot-soumek/vendor/beyondcode/laravel-websockets/src/Dashboard/DashboardLogger.php:81

  2   BeyondCode\LaravelWebSockets\Dashboard\DashboardLogger::log("connection", ["Origin: http://www.hot-soumek.tn", "414680875.43804"])
      /var/www/html/hot-soumek/vendor/beyondcode/laravel-websockets/src/Dashboard/DashboardLogger.php:27

  Please use the argument -v to see more details.
Starting the WebSocket server on port 6001...
New connection opened for app key F5SHYJY55JY2.
Connection id 121995402.898430250 sending message {"event":"pusher:connection_established","data":"{\"socket_id\":\"121995402.898430250\",\"activity_timeout\":30}"}

   Symfony\Component\Debug\Exception\FatalThrowableError  : Argument 1 passed to BeyondCode\LaravelWebSockets\WebSockets\Channels\ChannelManagers\ArrayChannelManager::find() must be of the type string, null given, called in /var/www/html/hot-soumek/vendor/beyondcode/laravel-websockets/src/Dashboard/DashboardLogger.php on line 81

  at /var/www/html/hot-soumek/vendor/beyondcode/laravel-websockets/src/WebSockets/Channels/ChannelManagers/ArrayChannelManager.php:32
    28| 
    29|         return $this->channels[$appId][$channelName];
    30|     }
    31| 
  > 32|     public function find(string $appId, string $channelName): ?Channel
    33|     {
    34|         return $this->channels[$appId][$channelName] ?? null;
    35|     }
    36|

  Exception trace:

  1   BeyondCode\LaravelWebSockets\WebSockets\Channels\ChannelManagers\ArrayChannelManager::find("private-websockets-dashboard-connection")
      /var/www/html/hot-soumek/vendor/beyondcode/laravel-websockets/src/Dashboard/DashboardLogger.php:81

  2   BeyondCode\LaravelWebSockets\Dashboard\DashboardLogger::log("connection", ["Origin: http://www.hot-soumek.tn", "121995402.898430250"])
      /var/www/html/hot-soumek/vendor/beyondcode/laravel-websockets/src/Dashboard/DashboardLogger.php:27

  Please use the argument -v to see more details.
Starting the WebSocket server on port 6001...
New connection opened for app key F5SHYJY55JY2.
Connection id 638054511.242486317 sending message {"event":"pusher:connection_established","data":"{\"socket_id\":\"638054511.242486317\",\"activity_timeout\":30}"}

   Symfony\Component\Debug\Exception\FatalThrowableError  : Argument 1 passed to BeyondCode\LaravelWebSockets\WebSockets\Channels\ChannelManagers\ArrayChannelManager::find() must be of the type string, null given, called in /var/www/html/hot-soumek/vendor/beyondcode/laravel-websockets/src/Dashboard/DashboardLogger.php on line 81

  at /var/www/html/hot-soumek/vendor/beyondcode/laravel-websockets/src/WebSockets/Channels/ChannelManagers/ArrayChannelManager.php:32
    28| 
    29|         return $this->channels[$appId][$channelName];
    30|     }
    31| 
  > 32|     public function find(string $appId, string $channelName): ?Channel
    33|     {
    34|         return $this->channels[$appId][$channelName] ?? null;
    35|     }
    36|

  Exception trace:

  1   BeyondCode\LaravelWebSockets\WebSockets\Channels\ChannelManagers\ArrayChannelManager::find("private-websockets-dashboard-connection")
      /var/www/html/hot-soumek/vendor/beyondcode/laravel-websockets/src/Dashboard/DashboardLogger.php:81

  2   BeyondCode\LaravelWebSockets\Dashboard\DashboardLogger::log("connection", ["Origin: http://www.hot-soumek.tn", "638054511.242486317"])
      /var/www/html/hot-soumek/vendor/beyondcode/laravel-websockets/src/Dashboard/DashboardLogger.php:27

  Please use the argument -v to see more details.
Starting the WebSocket server on port 6001...
New connection opened for app key F5SHYJY55JY2.
Connection id 498567355.642542639 sending message {"event":"pusher:connection_established","data":"{\"socket_id\":\"498567355.642542639\",\"activity_timeout\":30}"}

   Symfony\Component\Debug\Exception\FatalThrowableError  : Argument 1 passed to BeyondCode\LaravelWebSockets\WebSockets\Channels\ChannelManagers\ArrayChannelManager::find() must be of the type string, null given, called in /var/www/html/hot-soumek/vendor/beyondcode/laravel-websockets/src/Dashboard/DashboardLogger.php on line 81

  at /var/www/html/hot-soumek/vendor/beyondcode/laravel-websockets/src/WebSockets/Channels/ChannelManagers/ArrayChannelManager.php:32
    28| 
    29|         return $this->channels[$appId][$channelName];
    30|     }
    31| 
  > 32|     public function find(string $appId, string $channelName): ?Channel
    33|     {
    34|         return $this->channels[$appId][$channelName] ?? null;
    35|     }
    36|

  Exception trace:

  1   BeyondCode\LaravelWebSockets\WebSockets\Channels\ChannelManagers\ArrayChannelManager::find("private-websockets-dashboard-connection")
      /var/www/html/hot-soumek/vendor/beyondcode/laravel-websockets/src/Dashboard/DashboardLogger.php:81

  2   BeyondCode\LaravelWebSockets\Dashboard\DashboardLogger::log("connection", ["Origin: http://www.hot-soumek.tn", "498567355.642542639"])
      /var/www/html/hot-soumek/vendor/beyondcode/laravel-websockets/src/Dashboard/DashboardLogger.php:27

  Please use the argument -v to see more details.
Starting the WebSocket server on port 6001...
New connection opened for app key F5SHYJY55JY2.
Connection id 71007666.722779947 sending message {"event":"pusher:connection_established","data":"{\"socket_id\":\"71007666.722779947\",\"activity_timeout\":30}"}

   Symfony\Component\Debug\Exception\FatalThrowableError  : Argument 1 passed to BeyondCode\LaravelWebSockets\WebSockets\Channels\ChannelManagers\ArrayChannelManager::find() must be of the type string, null given, called in /var/www/html/hot-soumek/vendor/beyondcode/laravel-websockets/src/Dashboard/DashboardLogger.php on line 81

  at /var/www/html/hot-soumek/vendor/beyondcode/laravel-websockets/src/WebSockets/Channels/ChannelManagers/ArrayChannelManager.php:32
    28| 
    29|         return $this->channels[$appId][$channelName];
    30|     }
    31| 
  > 32|     public function find(string $appId, string $channelName): ?Channel
    33|     {
    34|         return $this->channels[$appId][$channelName] ?? null;
    35|     }
    36|

  Exception trace:

  1   BeyondCode\LaravelWebSockets\WebSockets\Channels\ChannelManagers\ArrayChannelManager::find("private-websockets-dashboard-connection")
      /var/www/html/hot-soumek/vendor/beyondcode/laravel-websockets/src/Dashboard/DashboardLogger.php:81

  2   BeyondCode\LaravelWebSockets\Dashboard\DashboardLogger::log("connection", ["Origin: http://51.15.158.176", "71007666.722779947"])
      /var/www/html/hot-soumek/vendor/beyondcode/laravel-websockets/src/Dashboard/DashboardLogger.php:27

  Please use the argument -v to see more details.
Starting the WebSocket server on port 6001...
New connection opened for app key F5SHYJY55JY2.
Connection id 504968170.609433428 sending message {"event":"pusher:connection_established","data":"{\"socket_id\":\"504968170.609433428\",\"activity_timeout\":30}"}

   Symfony\Component\Debug\Exception\FatalThrowableError  : Argument 1 passed to BeyondCode\LaravelWebSockets\WebSockets\Channels\ChannelManagers\ArrayChannelManager::find() must be of the type string, null given, called in /var/www/html/hot-soumek/vendor/beyondcode/laravel-websockets/src/Dashboard/DashboardLogger.php on line 81

  at /var/www/html/hot-soumek/vendor/beyondcode/laravel-websockets/src/WebSockets/Channels/ChannelManagers/ArrayChannelManager.php:32
    28| 
    29|         return $this->channels[$appId][$channelName];
    30|     }
    31| 
  > 32|     public function find(string $appId, string $channelName): ?Channel
    33|     {
    34|         return $this->channels[$appId][$channelName] ?? null;
    35|     }
    36|

  Exception trace:

  1   BeyondCode\LaravelWebSockets\WebSockets\Channels\ChannelManagers\ArrayChannelManager::find("private-websockets-dashboard-connection")
      /var/www/html/hot-soumek/vendor/beyondcode/laravel-websockets/src/Dashboard/DashboardLogger.php:81

  2   BeyondCode\LaravelWebSockets\Dashboard\DashboardLogger::log("connection", ["Origin: http://www.hot-soumek.tn", "504968170.609433428"])
      /var/www/html/hot-soumek/vendor/beyondcode/laravel-websockets/src/Dashboard/DashboardLogger.php:27

  Please use the argument -v to see more details.
Starting the WebSocket server on port 6001...
New connection opened for app key F5SHYJY55JY2.
Connection id 91719579.978808335 sending message {"event":"pusher:connection_established","data":"{\"socket_id\":\"91719579.978808335\",\"activity_timeout\":30}"}

   Symfony\Component\Debug\Exception\FatalThrowableError  : Argument 1 passed to BeyondCode\LaravelWebSockets\WebSockets\Channels\ChannelManagers\ArrayChannelManager::find() must be of the type string, null given, called in /var/www/html/hot-soumek/vendor/beyondcode/laravel-websockets/src/Dashboard/DashboardLogger.php on line 81

  at /var/www/html/hot-soumek/vendor/beyondcode/laravel-websockets/src/WebSockets/Channels/ChannelManagers/ArrayChannelManager.php:32
    28| 
    29|         return $this->channels[$appId][$channelName];
    30|     }
    31| 
  > 32|     public function find(string $appId, string $channelName): ?Channel
    33|     {
    34|         return $this->channels[$appId][$channelName] ?? null;
    35|     }
    36|

  Exception trace:

  1   BeyondCode\LaravelWebSockets\WebSockets\Channels\ChannelManagers\ArrayChannelManager::find("private-websockets-dashboard-connection")
      /var/www/html/hot-soumek/vendor/beyondcode/laravel-websockets/src/Dashboard/DashboardLogger.php:81

  2   BeyondCode\LaravelWebSockets\Dashboard\DashboardLogger::log("connection", ["Origin: http://www.hot-soumek.tn", "91719579.978808335"])
      /var/www/html/hot-soumek/vendor/beyondcode/laravel-websockets/src/Dashboard/DashboardLogger.php:27

  Please use the argument -v to see more details.
Starting the WebSocket server on port 6001...
New connection opened for app key F5SHYJY55JY2.
Connection id 780904184.763946280 sending message {"event":"pusher:connection_established","data":"{\"socket_id\":\"780904184.763946280\",\"activity_timeout\":30}"}

   Symfony\Component\Debug\Exception\FatalThrowableError  : Argument 1 passed to BeyondCode\LaravelWebSockets\WebSockets\Channels\ChannelManagers\ArrayChannelManager::find() must be of the type string, null given, called in /var/www/html/hot-soumek/vendor/beyondcode/laravel-websockets/src/Dashboard/DashboardLogger.php on line 81

  at /var/www/html/hot-soumek/vendor/beyondcode/laravel-websockets/src/WebSockets/Channels/ChannelManagers/ArrayChannelManager.php:32
    28| 
    29|         return $this->channels[$appId][$channelName];
    30|     }
    31| 
  > 32|     public function find(string $appId, string $channelName): ?Channel
    33|     {
    34|         return $this->channels[$appId][$channelName] ?? null;
    35|     }
    36|

  Exception trace:

  1   BeyondCode\LaravelWebSockets\WebSockets\Channels\ChannelManagers\ArrayChannelManager::find("private-websockets-dashboard-connection")
      /var/www/html/hot-soumek/vendor/beyondcode/laravel-websockets/src/Dashboard/DashboardLogger.php:81

  2   BeyondCode\LaravelWebSockets\Dashboard\DashboardLogger::log("connection", ["Origin: http://51.15.158.176", "780904184.763946280"])
      /var/www/html/hot-soumek/vendor/beyondcode/laravel-websockets/src/Dashboard/DashboardLogger.php:27

  Please use the argument -v to see more details.
Starting the WebSocket server on port 6001...
New connection opened for app key F5SHYJY55JY2.
Connection id 605960415.253391400 sending message {"event":"pusher:connection_established","data":"{\"socket_id\":\"605960415.253391400\",\"activity_timeout\":30}"}

   Symfony\Component\Debug\Exception\FatalThrowableError  : Argument 1 passed to BeyondCode\LaravelWebSockets\WebSockets\Channels\ChannelManagers\ArrayChannelManager::find() must be of the type string, null given, called in /var/www/html/hot-soumek/vendor/beyondcode/laravel-websockets/src/Dashboard/DashboardLogger.php on line 81

  at /var/www/html/hot-soumek/vendor/beyondcode/laravel-websockets/src/WebSockets/Channels/ChannelManagers/ArrayChannelManager.php:32
    28| 
    29|         return $this->channels[$appId][$channelName];
    30|     }
    31| 
  > 32|     public function find(string $appId, string $channelName): ?Channel
    33|     {
    34|         return $this->channels[$appId][$channelName] ?? null;
    35|     }
    36|

  Exception trace:

  1   BeyondCode\LaravelWebSockets\WebSockets\Channels\ChannelManagers\ArrayChannelManager::find("private-websockets-dashboard-connection")
      /var/www/html/hot-soumek/vendor/beyondcode/laravel-websockets/src/Dashboard/DashboardLogger.php:81

  2   BeyondCode\LaravelWebSockets\Dashboard\DashboardLogger::log("connection", ["Origin: http://www.hot-soumek.tn", "605960415.253391400"])
      /var/www/html/hot-soumek/vendor/beyondcode/laravel-websockets/src/Dashboard/DashboardLogger.php:27

  Please use the argument -v to see more details.
Starting the WebSocket server on port 6001...
New connection opened for app key F5SHYJY55JY2.
Connection id 956537323.119958004 sending message {"event":"pusher:connection_established","data":"{\"socket_id\":\"956537323.119958004\",\"activity_timeout\":30}"}

   Symfony\Component\Debug\Exception\FatalThrowableError  : Argument 1 passed to BeyondCode\LaravelWebSockets\WebSockets\Channels\ChannelManagers\ArrayChannelManager::find() must be of the type string, null given, called in /var/www/html/hot-soumek/vendor/beyondcode/laravel-websockets/src/Dashboard/DashboardLogger.php on line 81

  at /var/www/html/hot-soumek/vendor/beyondcode/laravel-websockets/src/WebSockets/Channels/ChannelManagers/ArrayChannelManager.php:32
    28| 
    29|         return $this->channels[$appId][$channelName];
    30|     }
    31| 
  > 32|     public function find(string $appId, string $channelName): ?Channel
    33|     {
    34|         return $this->channels[$appId][$channelName] ?? null;
    35|     }
    36|

  Exception trace:

  1   BeyondCode\LaravelWebSockets\WebSockets\Channels\ChannelManagers\ArrayChannelManager::find("private-websockets-dashboard-connection")
      /var/www/html/hot-soumek/vendor/beyondcode/laravel-websockets/src/Dashboard/DashboardLogger.php:81

  2   BeyondCode\LaravelWebSockets\Dashboard\DashboardLogger::log("connection", ["Origin: http://51.15.158.176", "956537323.119958004"])
      /var/www/html/hot-soumek/vendor/beyondcode/laravel-websockets/src/Dashboard/DashboardLogger.php:27

  Please use the argument -v to see more details.
Starting the WebSocket server on port 6001...
New connection opened for app key F5SHYJY55JY2.
Connection id 717959285.153290096 sending message {"event":"pusher:connection_established","data":"{\"socket_id\":\"717959285.153290096\",\"activity_timeout\":30}"}

   Symfony\Component\Debug\Exception\FatalThrowableError  : Argument 1 passed to BeyondCode\LaravelWebSockets\WebSockets\Channels\ChannelManagers\ArrayChannelManager::find() must be of the type string, null given, called in /var/www/html/hot-soumek/vendor/beyondcode/laravel-websockets/src/Dashboard/DashboardLogger.php on line 81

  at /var/www/html/hot-soumek/vendor/beyondcode/laravel-websockets/src/WebSockets/Channels/ChannelManagers/ArrayChannelManager.php:32
    28| 
    29|         return $this->channels[$appId][$channelName];
    30|     }
    31| 
  > 32|     public function find(string $appId, string $channelName): ?Channel
    33|     {
    34|         return $this->channels[$appId][$channelName] ?? null;
    35|     }
    36|

  Exception trace:

  1   BeyondCode\LaravelWebSockets\WebSockets\Channels\ChannelManagers\ArrayChannelManager::find("private-websockets-dashboard-connection")
      /var/www/html/hot-soumek/vendor/beyondcode/laravel-websockets/src/Dashboard/DashboardLogger.php:81

  2   BeyondCode\LaravelWebSockets\Dashboard\DashboardLogger::log("connection", ["Origin: http://www.hot-soumek.tn", "717959285.153290096"])
      /var/www/html/hot-soumek/vendor/beyondcode/laravel-websockets/src/Dashboard/DashboardLogger.php:27

  Please use the argument -v to see more details.
Starting the WebSocket server on port 6001...
New connection opened for app key F5SHYJY55JY2.
Connection id 950555383.652270384 sending message {"event":"pusher:connection_established","data":"{\"socket_id\":\"950555383.652270384\",\"activity_timeout\":30}"}

   Symfony\Component\Debug\Exception\FatalThrowableError  : Argument 1 passed to BeyondCode\LaravelWebSockets\WebSockets\Channels\ChannelManagers\ArrayChannelManager::find() must be of the type string, null given, called in /var/www/html/hot-soumek/vendor/beyondcode/laravel-websockets/src/Dashboard/DashboardLogger.php on line 81

  at /var/www/html/hot-soumek/vendor/beyondcode/laravel-websockets/src/WebSockets/Channels/ChannelManagers/ArrayChannelManager.php:32
    28| 
    29|         return $this->channels[$appId][$channelName];
    30|     }
    31| 
  > 32|     public function find(string $appId, string $channelName): ?Channel
    33|     {
    34|         return $this->channels[$appId][$channelName] ?? null;
    35|     }
    36|

  Exception trace:

  1   BeyondCode\LaravelWebSockets\WebSockets\Channels\ChannelManagers\ArrayChannelManager::find("private-websockets-dashboard-connection")
      /var/www/html/hot-soumek/vendor/beyondcode/laravel-websockets/src/Dashboard/DashboardLogger.php:81

  2   BeyondCode\LaravelWebSockets\Dashboard\DashboardLogger::log("connection", ["Origin: http://51.15.158.176", "950555383.652270384"])
      /var/www/html/hot-soumek/vendor/beyondcode/laravel-websockets/src/Dashboard/DashboardLogger.php:27

  Please use the argument -v to see more details.
Starting the WebSocket server on port 6001...
New connection opened for app key F5SHYJY55JY2.
Connection id 995182392.899710024 sending message {"event":"pusher:connection_established","data":"{\"socket_id\":\"995182392.899710024\",\"activity_timeout\":30}"}

   Symfony\Component\Debug\Exception\FatalThrowableError  : Argument 1 passed to BeyondCode\LaravelWebSockets\WebSockets\Channels\ChannelManagers\ArrayChannelManager::find() must be of the type string, null given, called in /var/www/html/hot-soumek/vendor/beyondcode/laravel-websockets/src/Dashboard/DashboardLogger.php on line 81

  at /var/www/html/hot-soumek/vendor/beyondcode/laravel-websockets/src/WebSockets/Channels/ChannelManagers/ArrayChannelManager.php:32
    28| 
    29|         return $this->channels[$appId][$channelName];
    30|     }
    31| 
  > 32|     public function find(string $appId, string $channelName): ?Channel
    33|     {
    34|         return $this->channels[$appId][$channelName] ?? null;
    35|     }
    36|

  Exception trace:

  1   BeyondCode\LaravelWebSockets\WebSockets\Channels\ChannelManagers\ArrayChannelManager::find("private-websockets-dashboard-connection")
      /var/www/html/hot-soumek/vendor/beyondcode/laravel-websockets/src/Dashboard/DashboardLogger.php:81

  2   BeyondCode\LaravelWebSockets\Dashboard\DashboardLogger::log("connection", ["Origin: http://www.hot-soumek.tn", "995182392.899710024"])
      /var/www/html/hot-soumek/vendor/beyondcode/laravel-websockets/src/Dashboard/DashboardLogger.php:27

  Please use the argument -v to see more details.
Starting the WebSocket server on port 6001...
New connection opened for app key F5SHYJY55JY2.
Connection id 385525848.117865565 sending message {"event":"pusher:connection_established","data":"{\"socket_id\":\"385525848.117865565\",\"activity_timeout\":30}"}

   Symfony\Component\Debug\Exception\FatalThrowableError  : Argument 1 passed to BeyondCode\LaravelWebSockets\WebSockets\Channels\ChannelManagers\ArrayChannelManager::find() must be of the type string, null given, called in /var/www/html/hot-soumek/vendor/beyondcode/laravel-websockets/src/Dashboard/DashboardLogger.php on line 81

  at /var/www/html/hot-soumek/vendor/beyondcode/laravel-websockets/src/WebSockets/Channels/ChannelManagers/ArrayChannelManager.php:32
    28| 
    29|         return $this->channels[$appId][$channelName];
    30|     }
    31| 
  > 32|     public function find(string $appId, string $channelName): ?Channel
    33|     {
    34|         return $this->channels[$appId][$channelName] ?? null;
    35|     }
    36|

  Exception trace:

  1   BeyondCode\LaravelWebSockets\WebSockets\Channels\ChannelManagers\ArrayChannelManager::find("private-websockets-dashboard-connection")
      /var/www/html/hot-soumek/vendor/beyondcode/laravel-websockets/src/Dashboard/DashboardLogger.php:81

  2   BeyondCode\LaravelWebSockets\Dashboard\DashboardLogger::log("connection", ["Origin: http://51.15.158.176", "385525848.117865565"])
      /var/www/html/hot-soumek/vendor/beyondcode/laravel-websockets/src/Dashboard/DashboardLogger.php:27

  Please use the argument -v to see more details.
Starting the WebSocket server on port 6001...
New connection opened for app key F5SHYJY55JY2.
Connection id 775735911.424313801 sending message {"event":"pusher:connection_established","data":"{\"socket_id\":\"775735911.424313801\",\"activity_timeout\":30}"}

   Symfony\Component\Debug\Exception\FatalThrowableError  : Argument 1 passed to BeyondCode\LaravelWebSockets\WebSockets\Channels\ChannelManagers\ArrayChannelManager::find() must be of the type string, null given, called in /var/www/html/hot-soumek/vendor/beyondcode/laravel-websockets/src/Dashboard/DashboardLogger.php on line 81

  at /var/www/html/hot-soumek/vendor/beyondcode/laravel-websockets/src/WebSockets/Channels/ChannelManagers/ArrayChannelManager.php:32
    28| 
    29|         return $this->channels[$appId][$channelName];
    30|     }
    31| 
  > 32|     public function find(string $appId, string $channelName): ?Channel
    33|     {
    34|         return $this->channels[$appId][$channelName] ?? null;
    35|     }
    36|

  Exception trace:

  1   BeyondCode\LaravelWebSockets\WebSockets\Channels\ChannelManagers\ArrayChannelManager::find("private-websockets-dashboard-connection")
      /var/www/html/hot-soumek/vendor/beyondcode/laravel-websockets/src/Dashboard/DashboardLogger.php:81

  2   BeyondCode\LaravelWebSockets\Dashboard\DashboardLogger::log("connection", ["Origin: http://www.hot-soumek.tn", "775735911.424313801"])
      /var/www/html/hot-soumek/vendor/beyondcode/laravel-websockets/src/Dashboard/DashboardLogger.php:27

  Please use the argument -v to see more details.
Starting the WebSocket server on port 6001...
New connection opened for app key F5SHYJY55JY2.
Connection id 455487343.97156075 sending message {"event":"pusher:connection_established","data":"{\"socket_id\":\"455487343.97156075\",\"activity_timeout\":30}"}

   Symfony\Component\Debug\Exception\FatalThrowableError  : Argument 1 passed to BeyondCode\LaravelWebSockets\WebSockets\Channels\ChannelManagers\ArrayChannelManager::find() must be of the type string, null given, called in /var/www/html/hot-soumek/vendor/beyondcode/laravel-websockets/src/Dashboard/DashboardLogger.php on line 81

  at /var/www/html/hot-soumek/vendor/beyondcode/laravel-websockets/src/WebSockets/Channels/ChannelManagers/ArrayChannelManager.php:32
    28| 
    29|         return $this->channels[$appId][$channelName];
    30|     }
    31| 
  > 32|     public function find(string $appId, string $channelName): ?Channel
    33|     {
    34|         return $this->channels[$appId][$channelName] ?? null;
    35|     }
    36|

  Exception trace:

  1   BeyondCode\LaravelWebSockets\WebSockets\Channels\ChannelManagers\ArrayChannelManager::find("private-websockets-dashboard-connection")
      /var/www/html/hot-soumek/vendor/beyondcode/laravel-websockets/src/Dashboard/DashboardLogger.php:81

  2   BeyondCode\LaravelWebSockets\Dashboard\DashboardLogger::log("connection", ["Origin: http://51.15.158.176", "455487343.97156075"])
      /var/www/html/hot-soumek/vendor/beyondcode/laravel-websockets/src/Dashboard/DashboardLogger.php:27

  Please use the argument -v to see more details.
Starting the WebSocket server on port 6001...
Starting the WebSocket server on port 6001...
New connection opened for app key F5SHYJY55JY2.
Connection id 746616035.565897037 sending message {"event":"pusher:connection_established","data":"{\"socket_id\":\"746616035.565897037\",\"activity_timeout\":30}"}

   Symfony\Component\Debug\Exception\FatalThrowableError  : Argument 1 passed to BeyondCode\LaravelWebSockets\WebSockets\Channels\ChannelManagers\ArrayChannelManager::find() must be of the type string, null given, called in /var/www/html/hot-soumek/vendor/beyondcode/laravel-websockets/src/Dashboard/DashboardLogger.php on line 81

  at /var/www/html/hot-soumek/vendor/beyondcode/laravel-websockets/src/WebSockets/Channels/ChannelManagers/ArrayChannelManager.php:32
    28| 
    29|         return $this->channels[$appId][$channelName];
    30|     }
    31| 
  > 32|     public function find(string $appId, string $channelName): ?Channel
    33|     {
    34|         return $this->channels[$appId][$channelName] ?? null;
    35|     }
    36|

  Exception trace:

  1   BeyondCode\LaravelWebSockets\WebSockets\Channels\ChannelManagers\ArrayChannelManager::find("private-websockets-dashboard-connection")
      /var/www/html/hot-soumek/vendor/beyondcode/laravel-websockets/src/Dashboard/DashboardLogger.php:81

  2   BeyondCode\LaravelWebSockets\Dashboard\DashboardLogger::log("connection", ["Origin: http://www.hot-soumek.tn", "746616035.565897037"])
      /var/www/html/hot-soumek/vendor/beyondcode/laravel-websockets/src/Dashboard/DashboardLogger.php:27

  Please use the argument -v to see more details.
Starting the WebSocket server on port 6001...
New connection opened for app key F5SHYJY55JY2.
Connection id 158200117.8493109 sending message {"event":"pusher:connection_established","data":"{\"socket_id\":\"158200117.8493109\",\"activity_timeout\":30}"}

   Symfony\Component\Debug\Exception\FatalThrowableError  : Argument 1 passed to BeyondCode\LaravelWebSockets\WebSockets\Channels\ChannelManagers\ArrayChannelManager::find() must be of the type string, null given, called in /var/www/html/hot-soumek/vendor/beyondcode/laravel-websockets/src/Dashboard/DashboardLogger.php on line 81

  at /var/www/html/hot-soumek/vendor/beyondcode/laravel-websockets/src/WebSockets/Channels/ChannelManagers/ArrayChannelManager.php:32
    28| 
    29|         return $this->channels[$appId][$channelName];
    30|     }
    31| 
  > 32|     public function find(string $appId, string $channelName): ?Channel
    33|     {
    34|         return $this->channels[$appId][$channelName] ?? null;
    35|     }
    36|

  Exception trace:

  1   BeyondCode\LaravelWebSockets\WebSockets\Channels\ChannelManagers\ArrayChannelManager::find("private-websockets-dashboard-connection")
      /var/www/html/hot-soumek/vendor/beyondcode/laravel-websockets/src/Dashboard/DashboardLogger.php:81

  2   BeyondCode\LaravelWebSockets\Dashboard\DashboardLogger::log("connection", ["Origin: http://www.hot-soumek.tn", "158200117.8493109"])
      /var/www/html/hot-soumek/vendor/beyondcode/laravel-websockets/src/Dashboard/DashboardLogger.php:27

  Please use the argument -v to see more details.
Starting the WebSocket server on port 6001...
New connection opened for app key F5SHYJY55JY2.
Connection id 812263273.58804223 sending message {"event":"pusher:connection_established","data":"{\"socket_id\":\"812263273.58804223\",\"activity_timeout\":30}"}

   Symfony\Component\Debug\Exception\FatalThrowableError  : Argument 1 passed to BeyondCode\LaravelWebSockets\WebSockets\Channels\ChannelManagers\ArrayChannelManager::find() must be of the type string, null given, called in /var/www/html/hot-soumek/vendor/beyondcode/laravel-websockets/src/Dashboard/DashboardLogger.php on line 81

  at /var/www/html/hot-soumek/vendor/beyondcode/laravel-websockets/src/WebSockets/Channels/ChannelManagers/ArrayChannelManager.php:32
    28| 
    29|         return $this->channels[$appId][$channelName];
    30|     }
    31| 
  > 32|     public function find(string $appId, string $channelName): ?Channel
    33|     {
    34|         return $this->channels[$appId][$channelName] ?? null;
    35|     }
    36|

  Exception trace:

  1   BeyondCode\LaravelWebSockets\WebSockets\Channels\ChannelManagers\ArrayChannelManager::find("private-websockets-dashboard-connection")
      /var/www/html/hot-soumek/vendor/beyondcode/laravel-websockets/src/Dashboard/DashboardLogger.php:81

  2   BeyondCode\LaravelWebSockets\Dashboard\DashboardLogger::log("connection", ["Origin: http://www.hot-soumek.tn", "812263273.58804223"])
      /var/www/html/hot-soumek/vendor/beyondcode/laravel-websockets/src/Dashboard/DashboardLogger.php:27

  Please use the argument -v to see more details.
Starting the WebSocket server on port 6001...
New connection opened for app key F5SHYJY55JY2.
Connection id 329046034.273824606 sending message {"event":"pusher:connection_established","data":"{\"socket_id\":\"329046034.273824606\",\"activity_timeout\":30}"}

   Symfony\Component\Debug\Exception\FatalThrowableError  : Argument 1 passed to BeyondCode\LaravelWebSockets\WebSockets\Channels\ChannelManagers\ArrayChannelManager::find() must be of the type string, null given, called in /var/www/html/hot-soumek/vendor/beyondcode/laravel-websockets/src/Dashboard/DashboardLogger.php on line 81

  at /var/www/html/hot-soumek/vendor/beyondcode/laravel-websockets/src/WebSockets/Channels/ChannelManagers/ArrayChannelManager.php:32
    28| 
    29|         return $this->channels[$appId][$channelName];
    30|     }
    31| 
  > 32|     public function find(string $appId, string $channelName): ?Channel
    33|     {
    34|         return $this->channels[$appId][$channelName] ?? null;
    35|     }
    36|

  Exception trace:

  1   BeyondCode\LaravelWebSockets\WebSockets\Channels\ChannelManagers\ArrayChannelManager::find("private-websockets-dashboard-connection")
      /var/www/html/hot-soumek/vendor/beyondcode/laravel-websockets/src/Dashboard/DashboardLogger.php:81

  2   BeyondCode\LaravelWebSockets\Dashboard\DashboardLogger::log("connection", ["Origin: http://www.hot-soumek.tn", "329046034.273824606"])
      /var/www/html/hot-soumek/vendor/beyondcode/laravel-websockets/src/Dashboard/DashboardLogger.php:27

  Please use the argument -v to see more details.
Starting the WebSocket server on port 6001...
New connection opened for app key F5SHYJY55JY2.
Connection id 723913996.726142936 sending message {"event":"pusher:connection_established","data":"{\"socket_id\":\"723913996.726142936\",\"activity_timeout\":30}"}

   Symfony\Component\Debug\Exception\FatalThrowableError  : Argument 1 passed to BeyondCode\LaravelWebSockets\WebSockets\Channels\ChannelManagers\ArrayChannelManager::find() must be of the type string, null given, called in /var/www/html/hot-soumek/vendor/beyondcode/laravel-websockets/src/Dashboard/DashboardLogger.php on line 81

  at /var/www/html/hot-soumek/vendor/beyondcode/laravel-websockets/src/WebSockets/Channels/ChannelManagers/ArrayChannelManager.php:32
    28| 
    29|         return $this->channels[$appId][$channelName];
    30|     }
    31| 
  > 32|     public function find(string $appId, string $channelName): ?Channel
    33|     {
    34|         return $this->channels[$appId][$channelName] ?? null;
    35|     }
    36|

  Exception trace:

  1   BeyondCode\LaravelWebSockets\WebSockets\Channels\ChannelManagers\ArrayChannelManager::find("private-websockets-dashboard-connection")
      /var/www/html/hot-soumek/vendor/beyondcode/laravel-websockets/src/Dashboard/DashboardLogger.php:81

  2   BeyondCode\LaravelWebSockets\Dashboard\DashboardLogger::log("connection", ["Origin: http://www.hot-soumek.tn", "723913996.726142936"])
      /var/www/html/hot-soumek/vendor/beyondcode/laravel-websockets/src/Dashboard/DashboardLogger.php:27

  Please use the argument -v to see more details.
Starting the WebSocket server on port 6001...
New connection opened for app key F5SHYJY55JY2.
Connection id 394021306.220369921 sending message {"event":"pusher:connection_established","data":"{\"socket_id\":\"394021306.220369921\",\"activity_timeout\":30}"}

   Symfony\Component\Debug\Exception\FatalThrowableError  : Argument 1 passed to BeyondCode\LaravelWebSockets\WebSockets\Channels\ChannelManagers\ArrayChannelManager::find() must be of the type string, null given, called in /var/www/html/hot-soumek/vendor/beyondcode/laravel-websockets/src/Dashboard/DashboardLogger.php on line 81

  at /var/www/html/hot-soumek/vendor/beyondcode/laravel-websockets/src/WebSockets/Channels/ChannelManagers/ArrayChannelManager.php:32
    28| 
    29|         return $this->channels[$appId][$channelName];
    30|     }
    31| 
  > 32|     public function find(string $appId, string $channelName): ?Channel
    33|     {
    34|         return $this->channels[$appId][$channelName] ?? null;
    35|     }
    36|

  Exception trace:

  1   BeyondCode\LaravelWebSockets\WebSockets\Channels\ChannelManagers\ArrayChannelManager::find("private-websockets-dashboard-connection")
      /var/www/html/hot-soumek/vendor/beyondcode/laravel-websockets/src/Dashboard/DashboardLogger.php:81

  2   BeyondCode\LaravelWebSockets\Dashboard\DashboardLogger::log("connection", ["Origin: http://www.hot-soumek.tn", "394021306.220369921"])
      /var/www/html/hot-soumek/vendor/beyondcode/laravel-websockets/src/Dashboard/DashboardLogger.php:27

  Please use the argument -v to see more details.
Starting the WebSocket server on port 6001...
New connection opened for app key F5SHYJY55JY2.
Connection id 626076680.272327497 sending message {"event":"pusher:connection_established","data":"{\"socket_id\":\"626076680.272327497\",\"activity_timeout\":30}"}

   Symfony\Component\Debug\Exception\FatalThrowableError  : Argument 1 passed to BeyondCode\LaravelWebSockets\WebSockets\Channels\ChannelManagers\ArrayChannelManager::find() must be of the type string, null given, called in /var/www/html/hot-soumek/vendor/beyondcode/laravel-websockets/src/Dashboard/DashboardLogger.php on line 81

  at /var/www/html/hot-soumek/vendor/beyondcode/laravel-websockets/src/WebSockets/Channels/ChannelManagers/ArrayChannelManager.php:32
    28| 
    29|         return $this->channels[$appId][$channelName];
    30|     }
    31| 
  > 32|     public function find(string $appId, string $channelName): ?Channel
    33|     {
    34|         return $this->channels[$appId][$channelName] ?? null;
    35|     }
    36|

  Exception trace:

  1   BeyondCode\LaravelWebSockets\WebSockets\Channels\ChannelManagers\ArrayChannelManager::find("private-websockets-dashboard-connection")
      /var/www/html/hot-soumek/vendor/beyondcode/laravel-websockets/src/Dashboard/DashboardLogger.php:81

  2   BeyondCode\LaravelWebSockets\Dashboard\DashboardLogger::log("connection", ["Origin: http://www.hot-soumek.tn", "626076680.272327497"])
      /var/www/html/hot-soumek/vendor/beyondcode/laravel-websockets/src/Dashboard/DashboardLogger.php:27

  Please use the argument -v to see more details.
Starting the WebSocket server on port 6001...
New connection opened for app key F5SHYJY55JY2.
Connection id 167192588.509489868 sending message {"event":"pusher:connection_established","data":"{\"socket_id\":\"167192588.509489868\",\"activity_timeout\":30}"}

   Symfony\Component\Debug\Exception\FatalThrowableError  : Argument 1 passed to BeyondCode\LaravelWebSockets\WebSockets\Channels\ChannelManagers\ArrayChannelManager::find() must be of the type string, null given, called in /var/www/html/hot-soumek/vendor/beyondcode/laravel-websockets/src/Dashboard/DashboardLogger.php on line 81

  at /var/www/html/hot-soumek/vendor/beyondcode/laravel-websockets/src/WebSockets/Channels/ChannelManagers/ArrayChannelManager.php:32
    28| 
    29|         return $this->channels[$appId][$channelName];
    30|     }
    31| 
  > 32|     public function find(string $appId, string $channelName): ?Channel
    33|     {
    34|         return $this->channels[$appId][$channelName] ?? null;
    35|     }
    36|

  Exception trace:

  1   BeyondCode\LaravelWebSockets\WebSockets\Channels\ChannelManagers\ArrayChannelManager::find("private-websockets-dashboard-connection")
      /var/www/html/hot-soumek/vendor/beyondcode/laravel-websockets/src/Dashboard/DashboardLogger.php:81

  2   BeyondCode\LaravelWebSockets\Dashboard\DashboardLogger::log("connection", ["Origin: http://www.hot-soumek.tn", "167192588.509489868"])
      /var/www/html/hot-soumek/vendor/beyondcode/laravel-websockets/src/Dashboard/DashboardLogger.php:27

  Please use the argument -v to see more details.
Starting the WebSocket server on port 6001...
New connection opened for app key F5SHYJY55JY2.
Connection id 165850522.231073164 sending message {"event":"pusher:connection_established","data":"{\"socket_id\":\"165850522.231073164\",\"activity_timeout\":30}"}

   Symfony\Component\Debug\Exception\FatalThrowableError  : Argument 1 passed to BeyondCode\LaravelWebSockets\WebSockets\Channels\ChannelManagers\ArrayChannelManager::find() must be of the type string, null given, called in /var/www/html/hot-soumek/vendor/beyondcode/laravel-websockets/src/Dashboard/DashboardLogger.php on line 81

  at /var/www/html/hot-soumek/vendor/beyondcode/laravel-websockets/src/WebSockets/Channels/ChannelManagers/ArrayChannelManager.php:32
    28| 
    29|         return $this->channels[$appId][$channelName];
    30|     }
    31| 
  > 32|     public function find(string $appId, string $channelName): ?Channel
    33|     {
    34|         return $this->channels[$appId][$channelName] ?? null;
    35|     }
    36|

  Exception trace:

  1   BeyondCode\LaravelWebSockets\WebSockets\Channels\ChannelManagers\ArrayChannelManager::find("private-websockets-dashboard-connection")
      /var/www/html/hot-soumek/vendor/beyondcode/laravel-websockets/src/Dashboard/DashboardLogger.php:81

  2   BeyondCode\LaravelWebSockets\Dashboard\DashboardLogger::log("connection", ["Origin: http://www.hot-soumek.tn", "165850522.231073164"])
      /var/www/html/hot-soumek/vendor/beyondcode/laravel-websockets/src/Dashboard/DashboardLogger.php:27

  Please use the argument -v to see more details.
Starting the WebSocket server on port 6001...
New connection opened for app key F5SHYJY55JY2.
Connection id 321246364.725483279 sending message {"event":"pusher:connection_established","data":"{\"socket_id\":\"321246364.725483279\",\"activity_timeout\":30}"}

   Symfony\Component\Debug\Exception\FatalThrowableError  : Argument 1 passed to BeyondCode\LaravelWebSockets\WebSockets\Channels\ChannelManagers\ArrayChannelManager::find() must be of the type string, null given, called in /var/www/html/hot-soumek/vendor/beyondcode/laravel-websockets/src/Dashboard/DashboardLogger.php on line 81

  at /var/www/html/hot-soumek/vendor/beyondcode/laravel-websockets/src/WebSockets/Channels/ChannelManagers/ArrayChannelManager.php:32
    28| 
    29|         return $this->channels[$appId][$channelName];
    30|     }
    31| 
  > 32|     public function find(string $appId, string $channelName): ?Channel
    33|     {
    34|         return $this->channels[$appId][$channelName] ?? null;
    35|     }
    36|

  Exception trace:

  1   BeyondCode\LaravelWebSockets\WebSockets\Channels\ChannelManagers\ArrayChannelManager::find("private-websockets-dashboard-connection")
      /var/www/html/hot-soumek/vendor/beyondcode/laravel-websockets/src/Dashboard/DashboardLogger.php:81

  2   BeyondCode\LaravelWebSockets\Dashboard\DashboardLogger::log("connection", ["Origin: http://www.hot-soumek.tn", "321246364.725483279"])
      /var/www/html/hot-soumek/vendor/beyondcode/laravel-websockets/src/Dashboard/DashboardLogger.php:27

  Please use the argument -v to see more details.
Starting the WebSocket server on port 6001...
New connection opened for app key F5SHYJY55JY2.
Connection id 509949291.521861475 sending message {"event":"pusher:connection_established","data":"{\"socket_id\":\"509949291.521861475\",\"activity_timeout\":30}"}

   Symfony\Component\Debug\Exception\FatalThrowableError  : Argument 1 passed to BeyondCode\LaravelWebSockets\WebSockets\Channels\ChannelManagers\ArrayChannelManager::find() must be of the type string, null given, called in /var/www/html/hot-soumek/vendor/beyondcode/laravel-websockets/src/Dashboard/DashboardLogger.php on line 81

  at /var/www/html/hot-soumek/vendor/beyondcode/laravel-websockets/src/WebSockets/Channels/ChannelManagers/ArrayChannelManager.php:32
    28| 
    29|         return $this->channels[$appId][$channelName];
    30|     }
    31| 
  > 32|     public function find(string $appId, string $channelName): ?Channel
    33|     {
    34|         return $this->channels[$appId][$channelName] ?? null;
    35|     }
    36|

  Exception trace:

  1   BeyondCode\LaravelWebSockets\WebSockets\Channels\ChannelManagers\ArrayChannelManager::find("private-websockets-dashboard-connection")
      /var/www/html/hot-soumek/vendor/beyondcode/laravel-websockets/src/Dashboard/DashboardLogger.php:81

  2   BeyondCode\LaravelWebSockets\Dashboard\DashboardLogger::log("connection", ["Origin: http://www.hot-soumek.tn", "509949291.521861475"])
      /var/www/html/hot-soumek/vendor/beyondcode/laravel-websockets/src/Dashboard/DashboardLogger.php:27

  Please use the argument -v to see more details.
Starting the WebSocket server on port 6001...
New connection opened for app key F5SHYJY55JY2.
Connection id 803012568.368326872 sending message {"event":"pusher:connection_established","data":"{\"socket_id\":\"803012568.368326872\",\"activity_timeout\":30}"}

   Symfony\Component\Debug\Exception\FatalThrowableError  : Argument 1 passed to BeyondCode\LaravelWebSockets\WebSockets\Channels\ChannelManagers\ArrayChannelManager::find() must be of the type string, null given, called in /var/www/html/hot-soumek/vendor/beyondcode/laravel-websockets/src/Dashboard/DashboardLogger.php on line 81

  at /var/www/html/hot-soumek/vendor/beyondcode/laravel-websockets/src/WebSockets/Channels/ChannelManagers/ArrayChannelManager.php:32
    28| 
    29|         return $this->channels[$appId][$channelName];
    30|     }
    31| 
  > 32|     public function find(string $appId, string $channelName): ?Channel
    33|     {
    34|         return $this->channels[$appId][$channelName] ?? null;
    35|     }
    36|

  Exception trace:

  1   BeyondCode\LaravelWebSockets\WebSockets\Channels\ChannelManagers\ArrayChannelManager::find("private-websockets-dashboard-connection")
      /var/www/html/hot-soumek/vendor/beyondcode/laravel-websockets/src/Dashboard/DashboardLogger.php:81

  2   BeyondCode\LaravelWebSockets\Dashboard\DashboardLogger::log("connection", ["Origin: http://www.hot-soumek.tn", "803012568.368326872"])
      /var/www/html/hot-soumek/vendor/beyondcode/laravel-websockets/src/Dashboard/DashboardLogger.php:27

  Please use the argument -v to see more details.
Starting the WebSocket server on port 6001...
New connection opened for app key F5SHYJY55JY2.
Connection id 513468720.856134830 sending message {"event":"pusher:connection_established","data":"{\"socket_id\":\"513468720.856134830\",\"activity_timeout\":30}"}

   Symfony\Component\Debug\Exception\FatalThrowableError  : Argument 1 passed to BeyondCode\LaravelWebSockets\WebSockets\Channels\ChannelManagers\ArrayChannelManager::find() must be of the type string, null given, called in /var/www/html/hot-soumek/vendor/beyondcode/laravel-websockets/src/Dashboard/DashboardLogger.php on line 81

  at /var/www/html/hot-soumek/vendor/beyondcode/laravel-websockets/src/WebSockets/Channels/ChannelManagers/ArrayChannelManager.php:32
    28| 
    29|         return $this->channels[$appId][$channelName];
    30|     }
    31| 
  > 32|     public function find(string $appId, string $channelName): ?Channel
    33|     {
    34|         return $this->channels[$appId][$channelName] ?? null;
    35|     }
    36|

  Exception trace:

  1   BeyondCode\LaravelWebSockets\WebSockets\Channels\ChannelManagers\ArrayChannelManager::find("private-websockets-dashboard-connection")
      /var/www/html/hot-soumek/vendor/beyondcode/laravel-websockets/src/Dashboard/DashboardLogger.php:81

  2   BeyondCode\LaravelWebSockets\Dashboard\DashboardLogger::log("connection", ["Origin: http://www.hot-soumek.tn", "513468720.856134830"])
      /var/www/html/hot-soumek/vendor/beyondcode/laravel-websockets/src/Dashboard/DashboardLogger.php:27

  Please use the argument -v to see more details.
Starting the WebSocket server on port 6001...
New connection opened for app key F5SHYJY55JY2.
Connection id 628297108.939730983 sending message {"event":"pusher:connection_established","data":"{\"socket_id\":\"628297108.939730983\",\"activity_timeout\":30}"}

   Symfony\Component\Debug\Exception\FatalThrowableError  : Argument 1 passed to BeyondCode\LaravelWebSockets\WebSockets\Channels\ChannelManagers\ArrayChannelManager::find() must be of the type string, null given, called in /var/www/html/hot-soumek/vendor/beyondcode/laravel-websockets/src/Dashboard/DashboardLogger.php on line 81

  at /var/www/html/hot-soumek/vendor/beyondcode/laravel-websockets/src/WebSockets/Channels/ChannelManagers/ArrayChannelManager.php:32
    28| 
    29|         return $this->channels[$appId][$channelName];
    30|     }
    31| 
  > 32|     public function find(string $appId, string $channelName): ?Channel
    33|     {
    34|         return $this->channels[$appId][$channelName] ?? null;
    35|     }
    36|

  Exception trace:

  1   BeyondCode\LaravelWebSockets\WebSockets\Channels\ChannelManagers\ArrayChannelManager::find("private-websockets-dashboard-connection")
      /var/www/html/hot-soumek/vendor/beyondcode/laravel-websockets/src/Dashboard/DashboardLogger.php:81

  2   BeyondCode\LaravelWebSockets\Dashboard\DashboardLogger::log("connection", ["Origin: http://www.hot-soumek.tn", "628297108.939730983"])
      /var/www/html/hot-soumek/vendor/beyondcode/laravel-websockets/src/Dashboard/DashboardLogger.php:27

  Please use the argument -v to see more details.
Starting the WebSocket server on port 6001...
New connection opened for app key F5SHYJY55JY2.
Connection id 414165719.413686644 sending message {"event":"pusher:connection_established","data":"{\"socket_id\":\"414165719.413686644\",\"activity_timeout\":30}"}

   Symfony\Component\Debug\Exception\FatalThrowableError  : Argument 1 passed to BeyondCode\LaravelWebSockets\WebSockets\Channels\ChannelManagers\ArrayChannelManager::find() must be of the type string, null given, called in /var/www/html/hot-soumek/vendor/beyondcode/laravel-websockets/src/Dashboard/DashboardLogger.php on line 81

  at /var/www/html/hot-soumek/vendor/beyondcode/laravel-websockets/src/WebSockets/Channels/ChannelManagers/ArrayChannelManager.php:32
    28| 
    29|         return $this->channels[$appId][$channelName];
    30|     }
    31| 
  > 32|     public function find(string $appId, string $channelName): ?Channel
    33|     {
    34|         return $this->channels[$appId][$channelName] ?? null;
    35|     }
    36|

  Exception trace:

  1   BeyondCode\LaravelWebSockets\WebSockets\Channels\ChannelManagers\ArrayChannelManager::find("private-websockets-dashboard-connection")
      /var/www/html/hot-soumek/vendor/beyondcode/laravel-websockets/src/Dashboard/DashboardLogger.php:81

  2   BeyondCode\LaravelWebSockets\Dashboard\DashboardLogger::log("connection", ["Origin: http://www.hot-soumek.tn", "414165719.413686644"])
      /var/www/html/hot-soumek/vendor/beyondcode/laravel-websockets/src/Dashboard/DashboardLogger.php:27

  Please use the argument -v to see more details.
Starting the WebSocket server on port 6001...
New connection opened for app key F5SHYJY55JY2.
Connection id 597177724.490611626 sending message {"event":"pusher:connection_established","data":"{\"socket_id\":\"597177724.490611626\",\"activity_timeout\":30}"}

   Symfony\Component\Debug\Exception\FatalThrowableError  : Argument 1 passed to BeyondCode\LaravelWebSockets\WebSockets\Channels\ChannelManagers\ArrayChannelManager::find() must be of the type string, null given, called in /var/www/html/hot-soumek/vendor/beyondcode/laravel-websockets/src/Dashboard/DashboardLogger.php on line 81

  at /var/www/html/hot-soumek/vendor/beyondcode/laravel-websockets/src/WebSockets/Channels/ChannelManagers/ArrayChannelManager.php:32
    28| 
    29|         return $this->channels[$appId][$channelName];
    30|     }
    31| 
  > 32|     public function find(string $appId, string $channelName): ?Channel
    33|     {
    34|         return $this->channels[$appId][$channelName] ?? null;
    35|     }
    36|

  Exception trace:

  1   BeyondCode\LaravelWebSockets\WebSockets\Channels\ChannelManagers\ArrayChannelManager::find("private-websockets-dashboard-connection")
      /var/www/html/hot-soumek/vendor/beyondcode/laravel-websockets/src/Dashboard/DashboardLogger.php:81

  2   BeyondCode\LaravelWebSockets\Dashboard\DashboardLogger::log("connection", ["Origin: http://www.hot-soumek.tn", "597177724.490611626"])
      /var/www/html/hot-soumek/vendor/beyondcode/laravel-websockets/src/Dashboard/DashboardLogger.php:27

  Please use the argument -v to see more details.
Starting the WebSocket server on port 6001...
Starting the WebSocket server on port 6001...
New connection opened for app key F5SHYJY55JY2.
Connection id 175183434.272243180 sending message {"event":"pusher:connection_established","data":"{\"socket_id\":\"175183434.272243180\",\"activity_timeout\":30}"}

   Symfony\Component\Debug\Exception\FatalThrowableError  : Argument 1 passed to BeyondCode\LaravelWebSockets\WebSockets\Channels\ChannelManagers\ArrayChannelManager::find() must be of the type string, null given, called in /var/www/html/hot-soumek/vendor/beyondcode/laravel-websockets/src/Dashboard/DashboardLogger.php on line 81

  at /var/www/html/hot-soumek/vendor/beyondcode/laravel-websockets/src/WebSockets/Channels/ChannelManagers/ArrayChannelManager.php:32
    28| 
    29|         return $this->channels[$appId][$channelName];
    30|     }
    31| 
  > 32|     public function find(string $appId, string $channelName): ?Channel
    33|     {
    34|         return $this->channels[$appId][$channelName] ?? null;
    35|     }
    36|

  Exception trace:

  1   BeyondCode\LaravelWebSockets\WebSockets\Channels\ChannelManagers\ArrayChannelManager::find("private-websockets-dashboard-connection")
      /var/www/html/hot-soumek/vendor/beyondcode/laravel-websockets/src/Dashboard/DashboardLogger.php:81

  2   BeyondCode\LaravelWebSockets\Dashboard\DashboardLogger::log("connection", ["Origin: http://www.hot-soumek.tn", "175183434.272243180"])
      /var/www/html/hot-soumek/vendor/beyondcode/laravel-websockets/src/Dashboard/DashboardLogger.php:27

  Please use the argument -v to see more details.
Starting the WebSocket server on port 6001...
New connection opened for app key F5SHYJY55JY2.
Connection id 790167046.31461156 sending message {"event":"pusher:connection_established","data":"{\"socket_id\":\"790167046.31461156\",\"activity_timeout\":30}"}

   Symfony\Component\Debug\Exception\FatalThrowableError  : Argument 1 passed to BeyondCode\LaravelWebSockets\WebSockets\Channels\ChannelManagers\ArrayChannelManager::find() must be of the type string, null given, called in /var/www/html/hot-soumek/vendor/beyondcode/laravel-websockets/src/Dashboard/DashboardLogger.php on line 81

  at /var/www/html/hot-soumek/vendor/beyondcode/laravel-websockets/src/WebSockets/Channels/ChannelManagers/ArrayChannelManager.php:32
    28| 
    29|         return $this->channels[$appId][$channelName];
    30|     }
    31| 
  > 32|     public function find(string $appId, string $channelName): ?Channel
    33|     {
    34|         return $this->channels[$appId][$channelName] ?? null;
    35|     }
    36|

  Exception trace:

  1   BeyondCode\LaravelWebSockets\WebSockets\Channels\ChannelManagers\ArrayChannelManager::find("private-websockets-dashboard-connection")
      /var/www/html/hot-soumek/vendor/beyondcode/laravel-websockets/src/Dashboard/DashboardLogger.php:81

  2   BeyondCode\LaravelWebSockets\Dashboard\DashboardLogger::log("connection", ["Origin: http://www.hot-soumek.tn", "790167046.31461156"])
      /var/www/html/hot-soumek/vendor/beyondcode/laravel-websockets/src/Dashboard/DashboardLogger.php:27

  Please use the argument -v to see more details.
Starting the WebSocket server on port 6001...
New connection opened for app key F5SHYJY55JY2.
Connection id 680929386.839097522 sending message {"event":"pusher:connection_established","data":"{\"socket_id\":\"680929386.839097522\",\"activity_timeout\":30}"}

   Symfony\Component\Debug\Exception\FatalThrowableError  : Argument 1 passed to BeyondCode\LaravelWebSockets\WebSockets\Channels\ChannelManagers\ArrayChannelManager::find() must be of the type string, null given, called in /var/www/html/hot-soumek/vendor/beyondcode/laravel-websockets/src/Dashboard/DashboardLogger.php on line 81

  at /var/www/html/hot-soumek/vendor/beyondcode/laravel-websockets/src/WebSockets/Channels/ChannelManagers/ArrayChannelManager.php:32
    28| 
    29|         return $this->channels[$appId][$channelName];
    30|     }
    31| 
  > 32|     public function find(string $appId, string $channelName): ?Channel
    33|     {
    34|         return $this->channels[$appId][$channelName] ?? null;
    35|     }
    36|

  Exception trace:

  1   BeyondCode\LaravelWebSockets\WebSockets\Channels\ChannelManagers\ArrayChannelManager::find("private-websockets-dashboard-connection")
      /var/www/html/hot-soumek/vendor/beyondcode/laravel-websockets/src/Dashboard/DashboardLogger.php:81

  2   BeyondCode\LaravelWebSockets\Dashboard\DashboardLogger::log("connection", ["Origin: http://www.hot-soumek.tn", "680929386.839097522"])
      /var/www/html/hot-soumek/vendor/beyondcode/laravel-websockets/src/Dashboard/DashboardLogger.php:27

  Please use the argument -v to see more details.
Starting the WebSocket server on port 6001...
New connection opened for app key F5SHYJY55JY2.
Connection id 942720661.136397752 sending message {"event":"pusher:connection_established","data":"{\"socket_id\":\"942720661.136397752\",\"activity_timeout\":30}"}

   Symfony\Component\Debug\Exception\FatalThrowableError  : Argument 1 passed to BeyondCode\LaravelWebSockets\WebSockets\Channels\ChannelManagers\ArrayChannelManager::find() must be of the type string, null given, called in /var/www/html/hot-soumek/vendor/beyondcode/laravel-websockets/src/Dashboard/DashboardLogger.php on line 81

  at /var/www/html/hot-soumek/vendor/beyondcode/laravel-websockets/src/WebSockets/Channels/ChannelManagers/ArrayChannelManager.php:32
    28| 
    29|         return $this->channels[$appId][$channelName];
    30|     }
    31| 
  > 32|     public function find(string $appId, string $channelName): ?Channel
    33|     {
    34|         return $this->channels[$appId][$channelName] ?? null;
    35|     }
    36|

  Exception trace:

  1   BeyondCode\LaravelWebSockets\WebSockets\Channels\ChannelManagers\ArrayChannelManager::find("private-websockets-dashboard-connection")
      /var/www/html/hot-soumek/vendor/beyondcode/laravel-websockets/src/Dashboard/DashboardLogger.php:81

  2   BeyondCode\LaravelWebSockets\Dashboard\DashboardLogger::log("connection", ["Origin: http://www.hot-soumek.tn", "942720661.136397752"])
      /var/www/html/hot-soumek/vendor/beyondcode/laravel-websockets/src/Dashboard/DashboardLogger.php:27

  Please use the argument -v to see more details.
Starting the WebSocket server on port 6001...
New connection opened for app key F5SHYJY55JY2.
Connection id 910612167.186874496 sending message {"event":"pusher:connection_established","data":"{\"socket_id\":\"910612167.186874496\",\"activity_timeout\":30}"}

   Symfony\Component\Debug\Exception\FatalThrowableError  : Argument 1 passed to BeyondCode\LaravelWebSockets\WebSockets\Channels\ChannelManagers\ArrayChannelManager::find() must be of the type string, null given, called in /var/www/html/hot-soumek/vendor/beyondcode/laravel-websockets/src/Dashboard/DashboardLogger.php on line 81

  at /var/www/html/hot-soumek/vendor/beyondcode/laravel-websockets/src/WebSockets/Channels/ChannelManagers/ArrayChannelManager.php:32
    28| 
    29|         return $this->channels[$appId][$channelName];
    30|     }
    31| 
  > 32|     public function find(string $appId, string $channelName): ?Channel
    33|     {
    34|         return $this->channels[$appId][$channelName] ?? null;
    35|     }
    36|

  Exception trace:

  1   BeyondCode\LaravelWebSockets\WebSockets\Channels\ChannelManagers\ArrayChannelManager::find("private-websockets-dashboard-connection")
      /var/www/html/hot-soumek/vendor/beyondcode/laravel-websockets/src/Dashboard/DashboardLogger.php:81

  2   BeyondCode\LaravelWebSockets\Dashboard\DashboardLogger::log("connection", ["Origin: http://www.hot-soumek.tn", "910612167.186874496"])
      /var/www/html/hot-soumek/vendor/beyondcode/laravel-websockets/src/Dashboard/DashboardLogger.php:27

  Please use the argument -v to see more details.
Starting the WebSocket server on port 6001...
New connection opened for app key F5SHYJY55JY2.
Connection id 341871402.585450530 sending message {"event":"pusher:connection_established","data":"{\"socket_id\":\"341871402.585450530\",\"activity_timeout\":30}"}

   Symfony\Component\Debug\Exception\FatalThrowableError  : Argument 1 passed to BeyondCode\LaravelWebSockets\WebSockets\Channels\ChannelManagers\ArrayChannelManager::find() must be of the type string, null given, called in /var/www/html/hot-soumek/vendor/beyondcode/laravel-websockets/src/Dashboard/DashboardLogger.php on line 81

  at /var/www/html/hot-soumek/vendor/beyondcode/laravel-websockets/src/WebSockets/Channels/ChannelManagers/ArrayChannelManager.php:32
    28| 
    29|         return $this->channels[$appId][$channelName];
    30|     }
    31| 
  > 32|     public function find(string $appId, string $channelName): ?Channel
    33|     {
    34|         return $this->channels[$appId][$channelName] ?? null;
    35|     }
    36|

  Exception trace:

  1   BeyondCode\LaravelWebSockets\WebSockets\Channels\ChannelManagers\ArrayChannelManager::find("private-websockets-dashboard-connection")
      /var/www/html/hot-soumek/vendor/beyondcode/laravel-websockets/src/Dashboard/DashboardLogger.php:81

  2   BeyondCode\LaravelWebSockets\Dashboard\DashboardLogger::log("connection", ["Origin: http://www.hot-soumek.tn", "341871402.585450530"])
      /var/www/html/hot-soumek/vendor/beyondcode/laravel-websockets/src/Dashboard/DashboardLogger.php:27

  Please use the argument -v to see more details.
Starting the WebSocket server on port 6001...
New connection opened for app key F5SHYJY55JY2.
Connection id 41491070.483156836 sending message {"event":"pusher:connection_established","data":"{\"socket_id\":\"41491070.483156836\",\"activity_timeout\":30}"}

   Symfony\Component\Debug\Exception\FatalThrowableError  : Argument 1 passed to BeyondCode\LaravelWebSockets\WebSockets\Channels\ChannelManagers\ArrayChannelManager::find() must be of the type string, null given, called in /var/www/html/hot-soumek/vendor/beyondcode/laravel-websockets/src/Dashboard/DashboardLogger.php on line 81

  at /var/www/html/hot-soumek/vendor/beyondcode/laravel-websockets/src/WebSockets/Channels/ChannelManagers/ArrayChannelManager.php:32
    28| 
    29|         return $this->channels[$appId][$channelName];
    30|     }
    31| 
  > 32|     public function find(string $appId, string $channelName): ?Channel
    33|     {
    34|         return $this->channels[$appId][$channelName] ?? null;
    35|     }
    36|

  Exception trace:

  1   BeyondCode\LaravelWebSockets\WebSockets\Channels\ChannelManagers\ArrayChannelManager::find("private-websockets-dashboard-connection")
      /var/www/html/hot-soumek/vendor/beyondcode/laravel-websockets/src/Dashboard/DashboardLogger.php:81

  2   BeyondCode\LaravelWebSockets\Dashboard\DashboardLogger::log("connection", ["Origin: http://www.hot-soumek.tn", "41491070.483156836"])
      /var/www/html/hot-soumek/vendor/beyondcode/laravel-websockets/src/Dashboard/DashboardLogger.php:27

  Please use the argument -v to see more details.
Starting the WebSocket server on port 6001...
New connection opened for app key F5SHYJY55JY2.
Connection id 703019622.358233057 sending message {"event":"pusher:connection_established","data":"{\"socket_id\":\"703019622.358233057\",\"activity_timeout\":30}"}

   Symfony\Component\Debug\Exception\FatalThrowableError  : Argument 1 passed to BeyondCode\LaravelWebSockets\WebSockets\Channels\ChannelManagers\ArrayChannelManager::find() must be of the type string, null given, called in /var/www/html/hot-soumek/vendor/beyondcode/laravel-websockets/src/Dashboard/DashboardLogger.php on line 81

  at /var/www/html/hot-soumek/vendor/beyondcode/laravel-websockets/src/WebSockets/Channels/ChannelManagers/ArrayChannelManager.php:32
    28| 
    29|         return $this->channels[$appId][$channelName];
    30|     }
    31| 
  > 32|     public function find(string $appId, string $channelName): ?Channel
    33|     {
    34|         return $this->channels[$appId][$channelName] ?? null;
    35|     }
    36|

  Exception trace:

  1   BeyondCode\LaravelWebSockets\WebSockets\Channels\ChannelManagers\ArrayChannelManager::find("private-websockets-dashboard-connection")
      /var/www/html/hot-soumek/vendor/beyondcode/laravel-websockets/src/Dashboard/DashboardLogger.php:81

  2   BeyondCode\LaravelWebSockets\Dashboard\DashboardLogger::log("connection", ["Origin: http://www.hot-soumek.tn", "703019622.358233057"])
      /var/www/html/hot-soumek/vendor/beyondcode/laravel-websockets/src/Dashboard/DashboardLogger.php:27

  Please use the argument -v to see more details.
Starting the WebSocket server on port 6001...
New connection opened for app key F5SHYJY55JY2.
Connection id 108612006.455068606 sending message {"event":"pusher:connection_established","data":"{\"socket_id\":\"108612006.455068606\",\"activity_timeout\":30}"}

   Symfony\Component\Debug\Exception\FatalThrowableError  : Argument 1 passed to BeyondCode\LaravelWebSockets\WebSockets\Channels\ChannelManagers\ArrayChannelManager::find() must be of the type string, null given, called in /var/www/html/hot-soumek/vendor/beyondcode/laravel-websockets/src/Dashboard/DashboardLogger.php on line 81

  at /var/www/html/hot-soumek/vendor/beyondcode/laravel-websockets/src/WebSockets/Channels/ChannelManagers/ArrayChannelManager.php:32
    28| 
    29|         return $this->channels[$appId][$channelName];
    30|     }
    31| 
  > 32|     public function find(string $appId, string $channelName): ?Channel
    33|     {
    34|         return $this->channels[$appId][$channelName] ?? null;
    35|     }
    36|

  Exception trace:

  1   BeyondCode\LaravelWebSockets\WebSockets\Channels\ChannelManagers\ArrayChannelManager::find("private-websockets-dashboard-connection")
      /var/www/html/hot-soumek/vendor/beyondcode/laravel-websockets/src/Dashboard/DashboardLogger.php:81

  2   BeyondCode\LaravelWebSockets\Dashboard\DashboardLogger::log("connection", ["Origin: http://www.hot-soumek.tn", "108612006.455068606"])
      /var/www/html/hot-soumek/vendor/beyondcode/laravel-websockets/src/Dashboard/DashboardLogger.php:27

  Please use the argument -v to see more details.
Starting the WebSocket server on port 6001...
Starting the WebSocket server on port 6001...
New connection opened for app key F5SHYJY55JY2.
Connection id 649872863.312161577 sending message {"event":"pusher:connection_established","data":"{\"socket_id\":\"649872863.312161577\",\"activity_timeout\":30}"}

   Symfony\Component\Debug\Exception\FatalThrowableError  : Argument 1 passed to BeyondCode\LaravelWebSockets\WebSockets\Channels\ChannelManagers\ArrayChannelManager::find() must be of the type string, null given, called in /var/www/html/hot-soumek/vendor/beyondcode/laravel-websockets/src/Dashboard/DashboardLogger.php on line 81

  at /var/www/html/hot-soumek/vendor/beyondcode/laravel-websockets/src/WebSockets/Channels/ChannelManagers/ArrayChannelManager.php:32
    28| 
    29|         return $this->channels[$appId][$channelName];
    30|     }
    31| 
  > 32|     public function find(string $appId, string $channelName): ?Channel
    33|     {
    34|         return $this->channels[$appId][$channelName] ?? null;
    35|     }
    36|

  Exception trace:

  1   BeyondCode\LaravelWebSockets\WebSockets\Channels\ChannelManagers\ArrayChannelManager::find("private-websockets-dashboard-connection")
      /var/www/html/hot-soumek/vendor/beyondcode/laravel-websockets/src/Dashboard/DashboardLogger.php:81

  2   BeyondCode\LaravelWebSockets\Dashboard\DashboardLogger::log("connection", ["Origin: http://www.hot-soumek.tn", "649872863.312161577"])
      /var/www/html/hot-soumek/vendor/beyondcode/laravel-websockets/src/Dashboard/DashboardLogger.php:27

  Please use the argument -v to see more details.
Starting the WebSocket server on port 6001...
New connection opened for app key F5SHYJY55JY2.
Connection id 301823736.906060689 sending message {"event":"pusher:connection_established","data":"{\"socket_id\":\"301823736.906060689\",\"activity_timeout\":30}"}

   Symfony\Component\Debug\Exception\FatalThrowableError  : Argument 1 passed to BeyondCode\LaravelWebSockets\WebSockets\Channels\ChannelManagers\ArrayChannelManager::find() must be of the type string, null given, called in /var/www/html/hot-soumek/vendor/beyondcode/laravel-websockets/src/Dashboard/DashboardLogger.php on line 81

  at /var/www/html/hot-soumek/vendor/beyondcode/laravel-websockets/src/WebSockets/Channels/ChannelManagers/ArrayChannelManager.php:32
    28| 
    29|         return $this->channels[$appId][$channelName];
    30|     }
    31| 
  > 32|     public function find(string $appId, string $channelName): ?Channel
    33|     {
    34|         return $this->channels[$appId][$channelName] ?? null;
    35|     }
    36|

  Exception trace:

  1   BeyondCode\LaravelWebSockets\WebSockets\Channels\ChannelManagers\ArrayChannelManager::find("private-websockets-dashboard-connection")
      /var/www/html/hot-soumek/vendor/beyondcode/laravel-websockets/src/Dashboard/DashboardLogger.php:81

  2   BeyondCode\LaravelWebSockets\Dashboard\DashboardLogger::log("connection", ["Origin: http://www.hot-soumek.tn", "301823736.906060689"])
      /var/www/html/hot-soumek/vendor/beyondcode/laravel-websockets/src/Dashboard/DashboardLogger.php:27

  Please use the argument -v to see more details.
Starting the WebSocket server on port 6001...
New connection opened for app key F5SHYJY55JY2.
Connection id 724032454.499181737 sending message {"event":"pusher:connection_established","data":"{\"socket_id\":\"724032454.499181737\",\"activity_timeout\":30}"}

   Symfony\Component\Debug\Exception\FatalThrowableError  : Argument 1 passed to BeyondCode\LaravelWebSockets\WebSockets\Channels\ChannelManagers\ArrayChannelManager::find() must be of the type string, null given, called in /var/www/html/hot-soumek/vendor/beyondcode/laravel-websockets/src/Dashboard/DashboardLogger.php on line 81

  at /var/www/html/hot-soumek/vendor/beyondcode/laravel-websockets/src/WebSockets/Channels/ChannelManagers/ArrayChannelManager.php:32
    28| 
    29|         return $this->channels[$appId][$channelName];
    30|     }
    31| 
  > 32|     public function find(string $appId, string $channelName): ?Channel
    33|     {
    34|         return $this->channels[$appId][$channelName] ?? null;
    35|     }
    36|

  Exception trace:

  1   BeyondCode\LaravelWebSockets\WebSockets\Channels\ChannelManagers\ArrayChannelManager::find("private-websockets-dashboard-connection")
      /var/www/html/hot-soumek/vendor/beyondcode/laravel-websockets/src/Dashboard/DashboardLogger.php:81

  2   BeyondCode\LaravelWebSockets\Dashboard\DashboardLogger::log("connection", ["Origin: http://www.hot-soumek.tn", "724032454.499181737"])
      /var/www/html/hot-soumek/vendor/beyondcode/laravel-websockets/src/Dashboard/DashboardLogger.php:27

  Please use the argument -v to see more details.
Starting the WebSocket server on port 6001...
New connection opened for app key F5SHYJY55JY2.
Connection id 165796722.596945033 sending message {"event":"pusher:connection_established","data":"{\"socket_id\":\"165796722.596945033\",\"activity_timeout\":30}"}

   Symfony\Component\Debug\Exception\FatalThrowableError  : Argument 1 passed to BeyondCode\LaravelWebSockets\WebSockets\Channels\ChannelManagers\ArrayChannelManager::find() must be of the type string, null given, called in /var/www/html/hot-soumek/vendor/beyondcode/laravel-websockets/src/Dashboard/DashboardLogger.php on line 81

  at /var/www/html/hot-soumek/vendor/beyondcode/laravel-websockets/src/WebSockets/Channels/ChannelManagers/ArrayChannelManager.php:32
    28| 
    29|         return $this->channels[$appId][$channelName];
    30|     }
    31| 
  > 32|     public function find(string $appId, string $channelName): ?Channel
    33|     {
    34|         return $this->channels[$appId][$channelName] ?? null;
    35|     }
    36|

  Exception trace:

  1   BeyondCode\LaravelWebSockets\WebSockets\Channels\ChannelManagers\ArrayChannelManager::find("private-websockets-dashboard-connection")
      /var/www/html/hot-soumek/vendor/beyondcode/laravel-websockets/src/Dashboard/DashboardLogger.php:81

  2   BeyondCode\LaravelWebSockets\Dashboard\DashboardLogger::log("connection", ["Origin: http://www.hot-soumek.tn", "165796722.596945033"])
      /var/www/html/hot-soumek/vendor/beyondcode/laravel-websockets/src/Dashboard/DashboardLogger.php:27

  Please use the argument -v to see more details.
Starting the WebSocket server on port 6001...
New connection opened for app key F5SHYJY55JY2.
Connection id 311572311.979600536 sending message {"event":"pusher:connection_established","data":"{\"socket_id\":\"311572311.979600536\",\"activity_timeout\":30}"}

   Symfony\Component\Debug\Exception\FatalThrowableError  : Argument 1 passed to BeyondCode\LaravelWebSockets\WebSockets\Channels\ChannelManagers\ArrayChannelManager::find() must be of the type string, null given, called in /var/www/html/hot-soumek/vendor/beyondcode/laravel-websockets/src/Dashboard/DashboardLogger.php on line 81

  at /var/www/html/hot-soumek/vendor/beyondcode/laravel-websockets/src/WebSockets/Channels/ChannelManagers/ArrayChannelManager.php:32
    28| 
    29|         return $this->channels[$appId][$channelName];
    30|     }
    31| 
  > 32|     public function find(string $appId, string $channelName): ?Channel
    33|     {
    34|         return $this->channels[$appId][$channelName] ?? null;
    35|     }
    36|

  Exception trace:

  1   BeyondCode\LaravelWebSockets\WebSockets\Channels\ChannelManagers\ArrayChannelManager::find("private-websockets-dashboard-connection")
      /var/www/html/hot-soumek/vendor/beyondcode/laravel-websockets/src/Dashboard/DashboardLogger.php:81

  2   BeyondCode\LaravelWebSockets\Dashboard\DashboardLogger::log("connection", ["Origin: http://www.hot-soumek.tn", "311572311.979600536"])
      /var/www/html/hot-soumek/vendor/beyondcode/laravel-websockets/src/Dashboard/DashboardLogger.php:27

  Please use the argument -v to see more details.
Starting the WebSocket server on port 6001...
New connection opened for app key F5SHYJY55JY2.
Connection id 773393568.140471938 sending message {"event":"pusher:connection_established","data":"{\"socket_id\":\"773393568.140471938\",\"activity_timeout\":30}"}

   Symfony\Component\Debug\Exception\FatalThrowableError  : Argument 1 passed to BeyondCode\LaravelWebSockets\WebSockets\Channels\ChannelManagers\ArrayChannelManager::find() must be of the type string, null given, called in /var/www/html/hot-soumek/vendor/beyondcode/laravel-websockets/src/Dashboard/DashboardLogger.php on line 81

  at /var/www/html/hot-soumek/vendor/beyondcode/laravel-websockets/src/WebSockets/Channels/ChannelManagers/ArrayChannelManager.php:32
    28| 
    29|         return $this->channels[$appId][$channelName];
    30|     }
    31| 
  > 32|     public function find(string $appId, string $channelName): ?Channel
    33|     {
    34|         return $this->channels[$appId][$channelName] ?? null;
    35|     }
    36|

  Exception trace:

  1   BeyondCode\LaravelWebSockets\WebSockets\Channels\ChannelManagers\ArrayChannelManager::find("private-websockets-dashboard-connection")
      /var/www/html/hot-soumek/vendor/beyondcode/laravel-websockets/src/Dashboard/DashboardLogger.php:81

  2   BeyondCode\LaravelWebSockets\Dashboard\DashboardLogger::log("connection", ["Origin: http://www.hot-soumek.tn", "773393568.140471938"])
      /var/www/html/hot-soumek/vendor/beyondcode/laravel-websockets/src/Dashboard/DashboardLogger.php:27

  Please use the argument -v to see more details.
Starting the WebSocket server on port 6001...
New connection opened for app key F5SHYJY55JY2.
Connection id 17753842.889456438 sending message {"event":"pusher:connection_established","data":"{\"socket_id\":\"17753842.889456438\",\"activity_timeout\":30}"}

   Symfony\Component\Debug\Exception\FatalThrowableError  : Argument 1 passed to BeyondCode\LaravelWebSockets\WebSockets\Channels\ChannelManagers\ArrayChannelManager::find() must be of the type string, null given, called in /var/www/html/hot-soumek/vendor/beyondcode/laravel-websockets/src/Dashboard/DashboardLogger.php on line 81

  at /var/www/html/hot-soumek/vendor/beyondcode/laravel-websockets/src/WebSockets/Channels/ChannelManagers/ArrayChannelManager.php:32
    28| 
    29|         return $this->channels[$appId][$channelName];
    30|     }
    31| 
  > 32|     public function find(string $appId, string $channelName): ?Channel
    33|     {
    34|         return $this->channels[$appId][$channelName] ?? null;
    35|     }
    36|

  Exception trace:

  1   BeyondCode\LaravelWebSockets\WebSockets\Channels\ChannelManagers\ArrayChannelManager::find("private-websockets-dashboard-connection")
      /var/www/html/hot-soumek/vendor/beyondcode/laravel-websockets/src/Dashboard/DashboardLogger.php:81

  2   BeyondCode\LaravelWebSockets\Dashboard\DashboardLogger::log("connection", ["Origin: http://www.hot-soumek.tn", "17753842.889456438"])
      /var/www/html/hot-soumek/vendor/beyondcode/laravel-websockets/src/Dashboard/DashboardLogger.php:27

  Please use the argument -v to see more details.
Starting the WebSocket server on port 6001...
New connection opened for app key de912209133f9ce68433.
Exception `BeyondCode\LaravelWebSockets\WebSockets\Exceptions\UnknownAppKey` thrown: `Could not find app key `de912209133f9ce68433`.`
Unknown app id: exception `BeyondCode\LaravelWebSockets\WebSockets\Exceptions\UnknownAppKey` thrown: `Could not find app key `de912209133f9ce68433`.`.
Connection id  sending message {"event":"pusher:error","data":{"message":"Could not find app key `de912209133f9ce68433`.","code":4001}}
Connection id  closed.
Exception `ErrorException` thrown: `Undefined property: Ratchet\Server\IoConnection::$app`
New connection opened for app key de912209133f9ce68433.
Exception `BeyondCode\LaravelWebSockets\WebSockets\Exceptions\UnknownAppKey` thrown: `Could not find app key `de912209133f9ce68433`.`
Unknown app id: exception `BeyondCode\LaravelWebSockets\WebSockets\Exceptions\UnknownAppKey` thrown: `Could not find app key `de912209133f9ce68433`.`.
Connection id  sending message {"event":"pusher:error","data":{"message":"Could not find app key `de912209133f9ce68433`.","code":4001}}
Connection id  closed.
Exception `ErrorException` thrown: `Undefined property: Ratchet\Server\IoConnection::$app`
New connection opened for app key de912209133f9ce68433.
Exception `BeyondCode\LaravelWebSockets\WebSockets\Exceptions\UnknownAppKey` thrown: `Could not find app key `de912209133f9ce68433`.`
Unknown app id: exception `BeyondCode\LaravelWebSockets\WebSockets\Exceptions\UnknownAppKey` thrown: `Could not find app key `de912209133f9ce68433`.`.
Connection id  sending message {"event":"pusher:error","data":{"message":"Could not find app key `de912209133f9ce68433`.","code":4001}}
Connection id  closed.
Exception `ErrorException` thrown: `Undefined property: Ratchet\Server\IoConnection::$app`
New connection opened for app key de912209133f9ce68433.
Exception `BeyondCode\LaravelWebSockets\WebSockets\Exceptions\UnknownAppKey` thrown: `Could not find app key `de912209133f9ce68433`.`
Unknown app id: exception `BeyondCode\LaravelWebSockets\WebSockets\Exceptions\UnknownAppKey` thrown: `Could not find app key `de912209133f9ce68433`.`.
Connection id  sending message {"event":"pusher:error","data":{"message":"Could not find app key `de912209133f9ce68433`.","code":4001}}
Connection id  closed.
Exception `ErrorException` thrown: `Undefined property: Ratchet\Server\IoConnection::$app`
New connection opened for app key de912209133f9ce68433.
Exception `BeyondCode\LaravelWebSockets\WebSockets\Exceptions\UnknownAppKey` thrown: `Could not find app key `de912209133f9ce68433`.`
Unknown app id: exception `BeyondCode\LaravelWebSockets\WebSockets\Exceptions\UnknownAppKey` thrown: `Could not find app key `de912209133f9ce68433`.`.
Connection id  sending message {"event":"pusher:error","data":{"message":"Could not find app key `de912209133f9ce68433`.","code":4001}}
Connection id  closed.
Exception `ErrorException` thrown: `Undefined property: Ratchet\Server\IoConnection::$app`
New connection opened for app key de912209133f9ce68433.
Exception `BeyondCode\LaravelWebSockets\WebSockets\Exceptions\UnknownAppKey` thrown: `Could not find app key `de912209133f9ce68433`.`
Unknown app id: exception `BeyondCode\LaravelWebSockets\WebSockets\Exceptions\UnknownAppKey` thrown: `Could not find app key `de912209133f9ce68433`.`.
Connection id  sending message {"event":"pusher:error","data":{"message":"Could not find app key `de912209133f9ce68433`.","code":4001}}
Connection id  closed.
Exception `ErrorException` thrown: `Undefined property: Ratchet\Server\IoConnection::$app`
New connection opened for app key de912209133f9ce68433.
Exception `BeyondCode\LaravelWebSockets\WebSockets\Exceptions\UnknownAppKey` thrown: `Could not find app key `de912209133f9ce68433`.`
Unknown app id: exception `BeyondCode\LaravelWebSockets\WebSockets\Exceptions\UnknownAppKey` thrown: `Could not find app key `de912209133f9ce68433`.`.
Connection id  sending message {"event":"pusher:error","data":{"message":"Could not find app key `de912209133f9ce68433`.","code":4001}}
Connection id  closed.
Exception `ErrorException` thrown: `Undefined property: Ratchet\Server\IoConnection::$app`
New connection opened for app key de912209133f9ce68433.
Exception `BeyondCode\LaravelWebSockets\WebSockets\Exceptions\UnknownAppKey` thrown: `Could not find app key `de912209133f9ce68433`.`
Unknown app id: exception `BeyondCode\LaravelWebSockets\WebSockets\Exceptions\UnknownAppKey` thrown: `Could not find app key `de912209133f9ce68433`.`.
Connection id  sending message {"event":"pusher:error","data":{"message":"Could not find app key `de912209133f9ce68433`.","code":4001}}
Connection id  closed.
Exception `ErrorException` thrown: `Undefined property: Ratchet\Server\IoConnection::$app`
New connection opened for app key de912209133f9ce68433.
Exception `BeyondCode\LaravelWebSockets\WebSockets\Exceptions\UnknownAppKey` thrown: `Could not find app key `de912209133f9ce68433`.`
Unknown app id: exception `BeyondCode\LaravelWebSockets\WebSockets\Exceptions\UnknownAppKey` thrown: `Could not find app key `de912209133f9ce68433`.`.
Connection id  sending message {"event":"pusher:error","data":{"message":"Could not find app key `de912209133f9ce68433`.","code":4001}}
Connection id  closed.
Exception `ErrorException` thrown: `Undefined property: Ratchet\Server\IoConnection::$app`
New connection opened for app key de912209133f9ce68433.
Exception `BeyondCode\LaravelWebSockets\WebSockets\Exceptions\UnknownAppKey` thrown: `Could not find app key `de912209133f9ce68433`.`
Unknown app id: exception `BeyondCode\LaravelWebSockets\WebSockets\Exceptions\UnknownAppKey` thrown: `Could not find app key `de912209133f9ce68433`.`.
Connection id  sending message {"event":"pusher:error","data":{"message":"Could not find app key `de912209133f9ce68433`.","code":4001}}
Connection id  closed.
Exception `ErrorException` thrown: `Undefined property: Ratchet\Server\IoConnection::$app`
New connection opened for app key de912209133f9ce68433.
Exception `BeyondCode\LaravelWebSockets\WebSockets\Exceptions\UnknownAppKey` thrown: `Could not find app key `de912209133f9ce68433`.`
Unknown app id: exception `BeyondCode\LaravelWebSockets\WebSockets\Exceptions\UnknownAppKey` thrown: `Could not find app key `de912209133f9ce68433`.`.
Connection id  sending message {"event":"pusher:error","data":{"message":"Could not find app key `de912209133f9ce68433`.","code":4001}}
Connection id  closed.
Exception `ErrorException` thrown: `Undefined property: Ratchet\Server\IoConnection::$app`
New connection opened for app key de912209133f9ce68433.
Exception `BeyondCode\LaravelWebSockets\WebSockets\Exceptions\UnknownAppKey` thrown: `Could not find app key `de912209133f9ce68433`.`
Unknown app id: exception `BeyondCode\LaravelWebSockets\WebSockets\Exceptions\UnknownAppKey` thrown: `Could not find app key `de912209133f9ce68433`.`.
Connection id  sending message {"event":"pusher:error","data":{"message":"Could not find app key `de912209133f9ce68433`.","code":4001}}
Connection id  closed.
Exception `ErrorException` thrown: `Undefined property: Ratchet\Server\IoConnection::$app`
New connection opened for app key de912209133f9ce68433.
Exception `BeyondCode\LaravelWebSockets\WebSockets\Exceptions\UnknownAppKey` thrown: `Could not find app key `de912209133f9ce68433`.`
Unknown app id: exception `BeyondCode\LaravelWebSockets\WebSockets\Exceptions\UnknownAppKey` thrown: `Could not find app key `de912209133f9ce68433`.`.
Connection id  sending message {"event":"pusher:error","data":{"message":"Could not find app key `de912209133f9ce68433`.","code":4001}}
Connection id  closed.
Exception `ErrorException` thrown: `Undefined property: Ratchet\Server\IoConnection::$app`
New connection opened for app key de912209133f9ce68433.
Exception `BeyondCode\LaravelWebSockets\WebSockets\Exceptions\UnknownAppKey` thrown: `Could not find app key `de912209133f9ce68433`.`
Unknown app id: exception `BeyondCode\LaravelWebSockets\WebSockets\Exceptions\UnknownAppKey` thrown: `Could not find app key `de912209133f9ce68433`.`.
Connection id  sending message {"event":"pusher:error","data":{"message":"Could not find app key `de912209133f9ce68433`.","code":4001}}
Connection id  closed.
Exception `ErrorException` thrown: `Undefined property: Ratchet\Server\IoConnection::$app`
New connection opened for app key de912209133f9ce68433.
Exception `BeyondCode\LaravelWebSockets\WebSockets\Exceptions\UnknownAppKey` thrown: `Could not find app key `de912209133f9ce68433`.`
Unknown app id: exception `BeyondCode\LaravelWebSockets\WebSockets\Exceptions\UnknownAppKey` thrown: `Could not find app key `de912209133f9ce68433`.`.
Connection id  sending message {"event":"pusher:error","data":{"message":"Could not find app key `de912209133f9ce68433`.","code":4001}}
Connection id  closed.
Exception `ErrorException` thrown: `Undefined property: Ratchet\Server\IoConnection::$app`
New connection opened for app key de912209133f9ce68433.
Exception `BeyondCode\LaravelWebSockets\WebSockets\Exceptions\UnknownAppKey` thrown: `Could not find app key `de912209133f9ce68433`.`
Unknown app id: exception `BeyondCode\LaravelWebSockets\WebSockets\Exceptions\UnknownAppKey` thrown: `Could not find app key `de912209133f9ce68433`.`.
Connection id  sending message {"event":"pusher:error","data":{"message":"Could not find app key `de912209133f9ce68433`.","code":4001}}
Connection id  closed.
Exception `ErrorException` thrown: `Undefined property: Ratchet\Server\IoConnection::$app`
New connection opened for app key de912209133f9ce68433.
Exception `BeyondCode\LaravelWebSockets\WebSockets\Exceptions\UnknownAppKey` thrown: `Could not find app key `de912209133f9ce68433`.`
Unknown app id: exception `BeyondCode\LaravelWebSockets\WebSockets\Exceptions\UnknownAppKey` thrown: `Could not find app key `de912209133f9ce68433`.`.
Connection id  sending message {"event":"pusher:error","data":{"message":"Could not find app key `de912209133f9ce68433`.","code":4001}}
Connection id  closed.
Exception `ErrorException` thrown: `Undefined property: Ratchet\Server\IoConnection::$app`
New connection opened for app key de912209133f9ce68433.
Exception `BeyondCode\LaravelWebSockets\WebSockets\Exceptions\UnknownAppKey` thrown: `Could not find app key `de912209133f9ce68433`.`
Unknown app id: exception `BeyondCode\LaravelWebSockets\WebSockets\Exceptions\UnknownAppKey` thrown: `Could not find app key `de912209133f9ce68433`.`.
Connection id  sending message {"event":"pusher:error","data":{"message":"Could not find app key `de912209133f9ce68433`.","code":4001}}
Connection id  closed.
Exception `ErrorException` thrown: `Undefined property: Ratchet\Server\IoConnection::$app`
New connection opened for app key de912209133f9ce68433.
Exception `BeyondCode\LaravelWebSockets\WebSockets\Exceptions\UnknownAppKey` thrown: `Could not find app key `de912209133f9ce68433`.`
Unknown app id: exception `BeyondCode\LaravelWebSockets\WebSockets\Exceptions\UnknownAppKey` thrown: `Could not find app key `de912209133f9ce68433`.`.
Connection id  sending message {"event":"pusher:error","data":{"message":"Could not find app key `de912209133f9ce68433`.","code":4001}}
Connection id  closed.
Exception `ErrorException` thrown: `Undefined property: Ratchet\Server\IoConnection::$app`
New connection opened for app key de912209133f9ce68433.
Exception `BeyondCode\LaravelWebSockets\WebSockets\Exceptions\UnknownAppKey` thrown: `Could not find app key `de912209133f9ce68433`.`
Unknown app id: exception `BeyondCode\LaravelWebSockets\WebSockets\Exceptions\UnknownAppKey` thrown: `Could not find app key `de912209133f9ce68433`.`.
Connection id  sending message {"event":"pusher:error","data":{"message":"Could not find app key `de912209133f9ce68433`.","code":4001}}
Connection id  closed.
Exception `ErrorException` thrown: `Undefined property: Ratchet\Server\IoConnection::$app`
New connection opened for app key de912209133f9ce68433.
Exception `BeyondCode\LaravelWebSockets\WebSockets\Exceptions\UnknownAppKey` thrown: `Could not find app key `de912209133f9ce68433`.`
Unknown app id: exception `BeyondCode\LaravelWebSockets\WebSockets\Exceptions\UnknownAppKey` thrown: `Could not find app key `de912209133f9ce68433`.`.
Connection id  sending message {"event":"pusher:error","data":{"message":"Could not find app key `de912209133f9ce68433`.","code":4001}}
Connection id  closed.
Exception `ErrorException` thrown: `Undefined property: Ratchet\Server\IoConnection::$app`
New connection opened for app key de912209133f9ce68433.
Exception `BeyondCode\LaravelWebSockets\WebSockets\Exceptions\UnknownAppKey` thrown: `Could not find app key `de912209133f9ce68433`.`
Unknown app id: exception `BeyondCode\LaravelWebSockets\WebSockets\Exceptions\UnknownAppKey` thrown: `Could not find app key `de912209133f9ce68433`.`.
Connection id  sending message {"event":"pusher:error","data":{"message":"Could not find app key `de912209133f9ce68433`.","code":4001}}
Connection id  closed.
Exception `ErrorException` thrown: `Undefined property: Ratchet\Server\IoConnection::$app`
New connection opened for app key de912209133f9ce68433.
Exception `BeyondCode\LaravelWebSockets\WebSockets\Exceptions\UnknownAppKey` thrown: `Could not find app key `de912209133f9ce68433`.`
Unknown app id: exception `BeyondCode\LaravelWebSockets\WebSockets\Exceptions\UnknownAppKey` thrown: `Could not find app key `de912209133f9ce68433`.`.
Connection id  sending message {"event":"pusher:error","data":{"message":"Could not find app key `de912209133f9ce68433`.","code":4001}}
Connection id  closed.
Exception `ErrorException` thrown: `Undefined property: Ratchet\Server\IoConnection::$app`
New connection opened for app key de912209133f9ce68433.
Exception `BeyondCode\LaravelWebSockets\WebSockets\Exceptions\UnknownAppKey` thrown: `Could not find app key `de912209133f9ce68433`.`
Unknown app id: exception `BeyondCode\LaravelWebSockets\WebSockets\Exceptions\UnknownAppKey` thrown: `Could not find app key `de912209133f9ce68433`.`.
Connection id  sending message {"event":"pusher:error","data":{"message":"Could not find app key `de912209133f9ce68433`.","code":4001}}
Connection id  closed.
Exception `ErrorException` thrown: `Undefined property: Ratchet\Server\IoConnection::$app`
New connection opened for app key de912209133f9ce68433.
Exception `BeyondCode\LaravelWebSockets\WebSockets\Exceptions\UnknownAppKey` thrown: `Could not find app key `de912209133f9ce68433`.`
Unknown app id: exception `BeyondCode\LaravelWebSockets\WebSockets\Exceptions\UnknownAppKey` thrown: `Could not find app key `de912209133f9ce68433`.`.
Connection id  sending message {"event":"pusher:error","data":{"message":"Could not find app key `de912209133f9ce68433`.","code":4001}}
Connection id  closed.
Exception `ErrorException` thrown: `Undefined property: Ratchet\Server\IoConnection::$app`
New connection opened for app key de912209133f9ce68433.
Exception `BeyondCode\LaravelWebSockets\WebSockets\Exceptions\UnknownAppKey` thrown: `Could not find app key `de912209133f9ce68433`.`
Unknown app id: exception `BeyondCode\LaravelWebSockets\WebSockets\Exceptions\UnknownAppKey` thrown: `Could not find app key `de912209133f9ce68433`.`.
Connection id  sending message {"event":"pusher:error","data":{"message":"Could not find app key `de912209133f9ce68433`.","code":4001}}
Connection id  closed.
Exception `ErrorException` thrown: `Undefined property: Ratchet\Server\IoConnection::$app`
New connection opened for app key de912209133f9ce68433.
Exception `BeyondCode\LaravelWebSockets\WebSockets\Exceptions\UnknownAppKey` thrown: `Could not find app key `de912209133f9ce68433`.`
Unknown app id: exception `BeyondCode\LaravelWebSockets\WebSockets\Exceptions\UnknownAppKey` thrown: `Could not find app key `de912209133f9ce68433`.`.
Connection id  sending message {"event":"pusher:error","data":{"message":"Could not find app key `de912209133f9ce68433`.","code":4001}}
Connection id  closed.
Exception `ErrorException` thrown: `Undefined property: Ratchet\Server\IoConnection::$app`
New connection opened for app key de912209133f9ce68433.
Exception `BeyondCode\LaravelWebSockets\WebSockets\Exceptions\UnknownAppKey` thrown: `Could not find app key `de912209133f9ce68433`.`
Unknown app id: exception `BeyondCode\LaravelWebSockets\WebSockets\Exceptions\UnknownAppKey` thrown: `Could not find app key `de912209133f9ce68433`.`.
Connection id  sending message {"event":"pusher:error","data":{"message":"Could not find app key `de912209133f9ce68433`.","code":4001}}
Connection id  closed.
Exception `ErrorException` thrown: `Undefined property: Ratchet\Server\IoConnection::$app`
New connection opened for app key de912209133f9ce68433.
Exception `BeyondCode\LaravelWebSockets\WebSockets\Exceptions\UnknownAppKey` thrown: `Could not find app key `de912209133f9ce68433`.`
Unknown app id: exception `BeyondCode\LaravelWebSockets\WebSockets\Exceptions\UnknownAppKey` thrown: `Could not find app key `de912209133f9ce68433`.`.
Connection id  sending message {"event":"pusher:error","data":{"message":"Could not find app key `de912209133f9ce68433`.","code":4001}}
Connection id  closed.
Exception `ErrorException` thrown: `Undefined property: Ratchet\Server\IoConnection::$app`
New connection opened for app key de912209133f9ce68433.
Exception `BeyondCode\LaravelWebSockets\WebSockets\Exceptions\UnknownAppKey` thrown: `Could not find app key `de912209133f9ce68433`.`
Unknown app id: exception `BeyondCode\LaravelWebSockets\WebSockets\Exceptions\UnknownAppKey` thrown: `Could not find app key `de912209133f9ce68433`.`.
Connection id  sending message {"event":"pusher:error","data":{"message":"Could not find app key `de912209133f9ce68433`.","code":4001}}
Connection id  closed.
Exception `ErrorException` thrown: `Undefined property: Ratchet\Server\IoConnection::$app`
New connection opened for app key de912209133f9ce68433.
Exception `BeyondCode\LaravelWebSockets\WebSockets\Exceptions\UnknownAppKey` thrown: `Could not find app key `de912209133f9ce68433`.`
Unknown app id: exception `BeyondCode\LaravelWebSockets\WebSockets\Exceptions\UnknownAppKey` thrown: `Could not find app key `de912209133f9ce68433`.`.
Connection id  sending message {"event":"pusher:error","data":{"message":"Could not find app key `de912209133f9ce68433`.","code":4001}}
Connection id  closed.
Exception `ErrorException` thrown: `Undefined property: Ratchet\Server\IoConnection::$app`
New connection opened for app key de912209133f9ce68433.
Exception `BeyondCode\LaravelWebSockets\WebSockets\Exceptions\UnknownAppKey` thrown: `Could not find app key `de912209133f9ce68433`.`
Unknown app id: exception `BeyondCode\LaravelWebSockets\WebSockets\Exceptions\UnknownAppKey` thrown: `Could not find app key `de912209133f9ce68433`.`.
Connection id  sending message {"event":"pusher:error","data":{"message":"Could not find app key `de912209133f9ce68433`.","code":4001}}
Connection id  closed.
Exception `ErrorException` thrown: `Undefined property: Ratchet\Server\IoConnection::$app`
New connection opened for app key de912209133f9ce68433.
Exception `BeyondCode\LaravelWebSockets\WebSockets\Exceptions\UnknownAppKey` thrown: `Could not find app key `de912209133f9ce68433`.`
Unknown app id: exception `BeyondCode\LaravelWebSockets\WebSockets\Exceptions\UnknownAppKey` thrown: `Could not find app key `de912209133f9ce68433`.`.
Connection id  sending message {"event":"pusher:error","data":{"message":"Could not find app key `de912209133f9ce68433`.","code":4001}}
Connection id  closed.
Exception `ErrorException` thrown: `Undefined property: Ratchet\Server\IoConnection::$app`
New connection opened for app key de912209133f9ce68433.
Exception `BeyondCode\LaravelWebSockets\WebSockets\Exceptions\UnknownAppKey` thrown: `Could not find app key `de912209133f9ce68433`.`
Unknown app id: exception `BeyondCode\LaravelWebSockets\WebSockets\Exceptions\UnknownAppKey` thrown: `Could not find app key `de912209133f9ce68433`.`.
Connection id  sending message {"event":"pusher:error","data":{"message":"Could not find app key `de912209133f9ce68433`.","code":4001}}
Connection id  closed.
Exception `ErrorException` thrown: `Undefined property: Ratchet\Server\IoConnection::$app`
New connection opened for app key de912209133f9ce68433.
Exception `BeyondCode\LaravelWebSockets\WebSockets\Exceptions\UnknownAppKey` thrown: `Could not find app key `de912209133f9ce68433`.`
Unknown app id: exception `BeyondCode\LaravelWebSockets\WebSockets\Exceptions\UnknownAppKey` thrown: `Could not find app key `de912209133f9ce68433`.`.
Connection id  sending message {"event":"pusher:error","data":{"message":"Could not find app key `de912209133f9ce68433`.","code":4001}}
Connection id  closed.
Exception `ErrorException` thrown: `Undefined property: Ratchet\Server\IoConnection::$app`
New connection opened for app key de912209133f9ce68433.
Exception `BeyondCode\LaravelWebSockets\WebSockets\Exceptions\UnknownAppKey` thrown: `Could not find app key `de912209133f9ce68433`.`
Unknown app id: exception `BeyondCode\LaravelWebSockets\WebSockets\Exceptions\UnknownAppKey` thrown: `Could not find app key `de912209133f9ce68433`.`.
Connection id  sending message {"event":"pusher:error","data":{"message":"Could not find app key `de912209133f9ce68433`.","code":4001}}
Connection id  closed.
Exception `ErrorException` thrown: `Undefined property: Ratchet\Server\IoConnection::$app`
New connection opened for app key de912209133f9ce68433.
Exception `BeyondCode\LaravelWebSockets\WebSockets\Exceptions\UnknownAppKey` thrown: `Could not find app key `de912209133f9ce68433`.`
Unknown app id: exception `BeyondCode\LaravelWebSockets\WebSockets\Exceptions\UnknownAppKey` thrown: `Could not find app key `de912209133f9ce68433`.`.
Connection id  sending message {"event":"pusher:error","data":{"message":"Could not find app key `de912209133f9ce68433`.","code":4001}}
Connection id  closed.
Exception `ErrorException` thrown: `Undefined property: Ratchet\Server\IoConnection::$app`
New connection opened for app key de912209133f9ce68433.
Exception `BeyondCode\LaravelWebSockets\WebSockets\Exceptions\UnknownAppKey` thrown: `Could not find app key `de912209133f9ce68433`.`
Unknown app id: exception `BeyondCode\LaravelWebSockets\WebSockets\Exceptions\UnknownAppKey` thrown: `Could not find app key `de912209133f9ce68433`.`.
Connection id  sending message {"event":"pusher:error","data":{"message":"Could not find app key `de912209133f9ce68433`.","code":4001}}
Connection id  closed.
Exception `ErrorException` thrown: `Undefined property: Ratchet\Server\IoConnection::$app`
New connection opened for app key de912209133f9ce68433.
Exception `BeyondCode\LaravelWebSockets\WebSockets\Exceptions\UnknownAppKey` thrown: `Could not find app key `de912209133f9ce68433`.`
Unknown app id: exception `BeyondCode\LaravelWebSockets\WebSockets\Exceptions\UnknownAppKey` thrown: `Could not find app key `de912209133f9ce68433`.`.
Connection id  sending message {"event":"pusher:error","data":{"message":"Could not find app key `de912209133f9ce68433`.","code":4001}}
Connection id  closed.
Exception `ErrorException` thrown: `Undefined property: Ratchet\Server\IoConnection::$app`
New connection opened for app key de912209133f9ce68433.
Exception `BeyondCode\LaravelWebSockets\WebSockets\Exceptions\UnknownAppKey` thrown: `Could not find app key `de912209133f9ce68433`.`
Unknown app id: exception `BeyondCode\LaravelWebSockets\WebSockets\Exceptions\UnknownAppKey` thrown: `Could not find app key `de912209133f9ce68433`.`.
Connection id  sending message {"event":"pusher:error","data":{"message":"Could not find app key `de912209133f9ce68433`.","code":4001}}
Connection id  closed.
Exception `ErrorException` thrown: `Undefined property: Ratchet\Server\IoConnection::$app`
New connection opened for app key de912209133f9ce68433.
Exception `BeyondCode\LaravelWebSockets\WebSockets\Exceptions\UnknownAppKey` thrown: `Could not find app key `de912209133f9ce68433`.`
Unknown app id: exception `BeyondCode\LaravelWebSockets\WebSockets\Exceptions\UnknownAppKey` thrown: `Could not find app key `de912209133f9ce68433`.`.
Connection id  sending message {"event":"pusher:error","data":{"message":"Could not find app key `de912209133f9ce68433`.","code":4001}}
Connection id  closed.
Exception `ErrorException` thrown: `Undefined property: Ratchet\Server\IoConnection::$app`
New connection opened for app key de912209133f9ce68433.
Exception `BeyondCode\LaravelWebSockets\WebSockets\Exceptions\UnknownAppKey` thrown: `Could not find app key `de912209133f9ce68433`.`
Unknown app id: exception `BeyondCode\LaravelWebSockets\WebSockets\Exceptions\UnknownAppKey` thrown: `Could not find app key `de912209133f9ce68433`.`.
Connection id  sending message {"event":"pusher:error","data":{"message":"Could not find app key `de912209133f9ce68433`.","code":4001}}
Connection id  closed.
Exception `ErrorException` thrown: `Undefined property: Ratchet\Server\IoConnection::$app`
New connection opened for app key de912209133f9ce68433.
Exception `BeyondCode\LaravelWebSockets\WebSockets\Exceptions\UnknownAppKey` thrown: `Could not find app key `de912209133f9ce68433`.`
Unknown app id: exception `BeyondCode\LaravelWebSockets\WebSockets\Exceptions\UnknownAppKey` thrown: `Could not find app key `de912209133f9ce68433`.`.
Connection id  sending message {"event":"pusher:error","data":{"message":"Could not find app key `de912209133f9ce68433`.","code":4001}}
Connection id  closed.
Exception `ErrorException` thrown: `Undefined property: Ratchet\Server\IoConnection::$app`
New connection opened for app key de912209133f9ce68433.
Exception `BeyondCode\LaravelWebSockets\WebSockets\Exceptions\UnknownAppKey` thrown: `Could not find app key `de912209133f9ce68433`.`
Unknown app id: exception `BeyondCode\LaravelWebSockets\WebSockets\Exceptions\UnknownAppKey` thrown: `Could not find app key `de912209133f9ce68433`.`.
Connection id  sending message {"event":"pusher:error","data":{"message":"Could not find app key `de912209133f9ce68433`.","code":4001}}
Connection id  closed.
Exception `ErrorException` thrown: `Undefined property: Ratchet\Server\IoConnection::$app`
New connection opened for app key de912209133f9ce68433.
Exception `BeyondCode\LaravelWebSockets\WebSockets\Exceptions\UnknownAppKey` thrown: `Could not find app key `de912209133f9ce68433`.`
Unknown app id: exception `BeyondCode\LaravelWebSockets\WebSockets\Exceptions\UnknownAppKey` thrown: `Could not find app key `de912209133f9ce68433`.`.
Connection id  sending message {"event":"pusher:error","data":{"message":"Could not find app key `de912209133f9ce68433`.","code":4001}}
Connection id  closed.
Exception `ErrorException` thrown: `Undefined property: Ratchet\Server\IoConnection::$app`
New connection opened for app key de912209133f9ce68433.
Exception `BeyondCode\LaravelWebSockets\WebSockets\Exceptions\UnknownAppKey` thrown: `Could not find app key `de912209133f9ce68433`.`
Unknown app id: exception `BeyondCode\LaravelWebSockets\WebSockets\Exceptions\UnknownAppKey` thrown: `Could not find app key `de912209133f9ce68433`.`.
Connection id  sending message {"event":"pusher:error","data":{"message":"Could not find app key `de912209133f9ce68433`.","code":4001}}
Connection id  closed.
Exception `ErrorException` thrown: `Undefined property: Ratchet\Server\IoConnection::$app`
New connection opened for app key de912209133f9ce68433.
Exception `BeyondCode\LaravelWebSockets\WebSockets\Exceptions\UnknownAppKey` thrown: `Could not find app key `de912209133f9ce68433`.`
Unknown app id: exception `BeyondCode\LaravelWebSockets\WebSockets\Exceptions\UnknownAppKey` thrown: `Could not find app key `de912209133f9ce68433`.`.
Connection id  sending message {"event":"pusher:error","data":{"message":"Could not find app key `de912209133f9ce68433`.","code":4001}}
Connection id  closed.
Exception `ErrorException` thrown: `Undefined property: Ratchet\Server\IoConnection::$app`
New connection opened for app key de912209133f9ce68433.
Exception `BeyondCode\LaravelWebSockets\WebSockets\Exceptions\UnknownAppKey` thrown: `Could not find app key `de912209133f9ce68433`.`
Unknown app id: exception `BeyondCode\LaravelWebSockets\WebSockets\Exceptions\UnknownAppKey` thrown: `Could not find app key `de912209133f9ce68433`.`.
Connection id  sending message {"event":"pusher:error","data":{"message":"Could not find app key `de912209133f9ce68433`.","code":4001}}
Connection id  closed.
Exception `ErrorException` thrown: `Undefined property: Ratchet\Server\IoConnection::$app`
New connection opened for app key de912209133f9ce68433.
Exception `BeyondCode\LaravelWebSockets\WebSockets\Exceptions\UnknownAppKey` thrown: `Could not find app key `de912209133f9ce68433`.`
Unknown app id: exception `BeyondCode\LaravelWebSockets\WebSockets\Exceptions\UnknownAppKey` thrown: `Could not find app key `de912209133f9ce68433`.`.
Connection id  sending message {"event":"pusher:error","data":{"message":"Could not find app key `de912209133f9ce68433`.","code":4001}}
Connection id  closed.
Exception `ErrorException` thrown: `Undefined property: Ratchet\Server\IoConnection::$app`
New connection opened for app key de912209133f9ce68433.
Exception `BeyondCode\LaravelWebSockets\WebSockets\Exceptions\UnknownAppKey` thrown: `Could not find app key `de912209133f9ce68433`.`
Unknown app id: exception `BeyondCode\LaravelWebSockets\WebSockets\Exceptions\UnknownAppKey` thrown: `Could not find app key `de912209133f9ce68433`.`.
Connection id  sending message {"event":"pusher:error","data":{"message":"Could not find app key `de912209133f9ce68433`.","code":4001}}
Connection id  closed.
Exception `ErrorException` thrown: `Undefined property: Ratchet\Server\IoConnection::$app`
New connection opened for app key de912209133f9ce68433.
Exception `BeyondCode\LaravelWebSockets\WebSockets\Exceptions\UnknownAppKey` thrown: `Could not find app key `de912209133f9ce68433`.`
Unknown app id: exception `BeyondCode\LaravelWebSockets\WebSockets\Exceptions\UnknownAppKey` thrown: `Could not find app key `de912209133f9ce68433`.`.
Connection id  sending message {"event":"pusher:error","data":{"message":"Could not find app key `de912209133f9ce68433`.","code":4001}}
Connection id  closed.
Exception `ErrorException` thrown: `Undefined property: Ratchet\Server\IoConnection::$app`
New connection opened for app key de912209133f9ce68433.
Exception `BeyondCode\LaravelWebSockets\WebSockets\Exceptions\UnknownAppKey` thrown: `Could not find app key `de912209133f9ce68433`.`
Unknown app id: exception `BeyondCode\LaravelWebSockets\WebSockets\Exceptions\UnknownAppKey` thrown: `Could not find app key `de912209133f9ce68433`.`.
Connection id  sending message {"event":"pusher:error","data":{"message":"Could not find app key `de912209133f9ce68433`.","code":4001}}
Connection id  closed.
Exception `ErrorException` thrown: `Undefined property: Ratchet\Server\IoConnection::$app`
New connection opened for app key de912209133f9ce68433.
Exception `BeyondCode\LaravelWebSockets\WebSockets\Exceptions\UnknownAppKey` thrown: `Could not find app key `de912209133f9ce68433`.`
Unknown app id: exception `BeyondCode\LaravelWebSockets\WebSockets\Exceptions\UnknownAppKey` thrown: `Could not find app key `de912209133f9ce68433`.`.
Connection id  sending message {"event":"pusher:error","data":{"message":"Could not find app key `de912209133f9ce68433`.","code":4001}}
Connection id  closed.
Exception `ErrorException` thrown: `Undefined property: Ratchet\Server\IoConnection::$app`
New connection opened for app key de912209133f9ce68433.
Exception `BeyondCode\LaravelWebSockets\WebSockets\Exceptions\UnknownAppKey` thrown: `Could not find app key `de912209133f9ce68433`.`
Unknown app id: exception `BeyondCode\LaravelWebSockets\WebSockets\Exceptions\UnknownAppKey` thrown: `Could not find app key `de912209133f9ce68433`.`.
Connection id  sending message {"event":"pusher:error","data":{"message":"Could not find app key `de912209133f9ce68433`.","code":4001}}
Connection id  closed.
Exception `ErrorException` thrown: `Undefined property: Ratchet\Server\IoConnection::$app`
New connection opened for app key de912209133f9ce68433.
Exception `BeyondCode\LaravelWebSockets\WebSockets\Exceptions\UnknownAppKey` thrown: `Could not find app key `de912209133f9ce68433`.`
Unknown app id: exception `BeyondCode\LaravelWebSockets\WebSockets\Exceptions\UnknownAppKey` thrown: `Could not find app key `de912209133f9ce68433`.`.
Connection id  sending message {"event":"pusher:error","data":{"message":"Could not find app key `de912209133f9ce68433`.","code":4001}}
Connection id  closed.
Exception `ErrorException` thrown: `Undefined property: Ratchet\Server\IoConnection::$app`
New connection opened for app key de912209133f9ce68433.
Exception `BeyondCode\LaravelWebSockets\WebSockets\Exceptions\UnknownAppKey` thrown: `Could not find app key `de912209133f9ce68433`.`
Unknown app id: exception `BeyondCode\LaravelWebSockets\WebSockets\Exceptions\UnknownAppKey` thrown: `Could not find app key `de912209133f9ce68433`.`.
Connection id  sending message {"event":"pusher:error","data":{"message":"Could not find app key `de912209133f9ce68433`.","code":4001}}
Connection id  closed.
Exception `ErrorException` thrown: `Undefined property: Ratchet\Server\IoConnection::$app`
New connection opened for app key de912209133f9ce68433.
Exception `BeyondCode\LaravelWebSockets\WebSockets\Exceptions\UnknownAppKey` thrown: `Could not find app key `de912209133f9ce68433`.`
Unknown app id: exception `BeyondCode\LaravelWebSockets\WebSockets\Exceptions\UnknownAppKey` thrown: `Could not find app key `de912209133f9ce68433`.`.
Connection id  sending message {"event":"pusher:error","data":{"message":"Could not find app key `de912209133f9ce68433`.","code":4001}}
Connection id  closed.
Exception `ErrorException` thrown: `Undefined property: Ratchet\Server\IoConnection::$app`
New connection opened for app key de912209133f9ce68433.
Exception `BeyondCode\LaravelWebSockets\WebSockets\Exceptions\UnknownAppKey` thrown: `Could not find app key `de912209133f9ce68433`.`
Unknown app id: exception `BeyondCode\LaravelWebSockets\WebSockets\Exceptions\UnknownAppKey` thrown: `Could not find app key `de912209133f9ce68433`.`.
Connection id  sending message {"event":"pusher:error","data":{"message":"Could not find app key `de912209133f9ce68433`.","code":4001}}
Connection id  closed.
Exception `ErrorException` thrown: `Undefined property: Ratchet\Server\IoConnection::$app`
New connection opened for app key de912209133f9ce68433.
Exception `BeyondCode\LaravelWebSockets\WebSockets\Exceptions\UnknownAppKey` thrown: `Could not find app key `de912209133f9ce68433`.`
Unknown app id: exception `BeyondCode\LaravelWebSockets\WebSockets\Exceptions\UnknownAppKey` thrown: `Could not find app key `de912209133f9ce68433`.`.
Connection id  sending message {"event":"pusher:error","data":{"message":"Could not find app key `de912209133f9ce68433`.","code":4001}}
Connection id  closed.
Exception `ErrorException` thrown: `Undefined property: Ratchet\Server\IoConnection::$app`
New connection opened for app key de912209133f9ce68433.
Exception `BeyondCode\LaravelWebSockets\WebSockets\Exceptions\UnknownAppKey` thrown: `Could not find app key `de912209133f9ce68433`.`
Unknown app id: exception `BeyondCode\LaravelWebSockets\WebSockets\Exceptions\UnknownAppKey` thrown: `Could not find app key `de912209133f9ce68433`.`.
Connection id  sending message {"event":"pusher:error","data":{"message":"Could not find app key `de912209133f9ce68433`.","code":4001}}
Connection id  closed.
Exception `ErrorException` thrown: `Undefined property: Ratchet\Server\IoConnection::$app`
New connection opened for app key de912209133f9ce68433.
Exception `BeyondCode\LaravelWebSockets\WebSockets\Exceptions\UnknownAppKey` thrown: `Could not find app key `de912209133f9ce68433`.`
Unknown app id: exception `BeyondCode\LaravelWebSockets\WebSockets\Exceptions\UnknownAppKey` thrown: `Could not find app key `de912209133f9ce68433`.`.
Connection id  sending message {"event":"pusher:error","data":{"message":"Could not find app key `de912209133f9ce68433`.","code":4001}}
Connection id  closed.
Exception `ErrorException` thrown: `Undefined property: Ratchet\Server\IoConnection::$app`
New connection opened for app key de912209133f9ce68433.
Exception `BeyondCode\LaravelWebSockets\WebSockets\Exceptions\UnknownAppKey` thrown: `Could not find app key `de912209133f9ce68433`.`
Unknown app id: exception `BeyondCode\LaravelWebSockets\WebSockets\Exceptions\UnknownAppKey` thrown: `Could not find app key `de912209133f9ce68433`.`.
Connection id  sending message {"event":"pusher:error","data":{"message":"Could not find app key `de912209133f9ce68433`.","code":4001}}
Connection id  closed.
Exception `ErrorException` thrown: `Undefined property: Ratchet\Server\IoConnection::$app`
New connection opened for app key de912209133f9ce68433.
Exception `BeyondCode\LaravelWebSockets\WebSockets\Exceptions\UnknownAppKey` thrown: `Could not find app key `de912209133f9ce68433`.`
Unknown app id: exception `BeyondCode\LaravelWebSockets\WebSockets\Exceptions\UnknownAppKey` thrown: `Could not find app key `de912209133f9ce68433`.`.
Connection id  sending message {"event":"pusher:error","data":{"message":"Could not find app key `de912209133f9ce68433`.","code":4001}}
Connection id  closed.
Exception `ErrorException` thrown: `Undefined property: Ratchet\Server\IoConnection::$app`
New connection opened for app key de912209133f9ce68433.
Exception `BeyondCode\LaravelWebSockets\WebSockets\Exceptions\UnknownAppKey` thrown: `Could not find app key `de912209133f9ce68433`.`
Unknown app id: exception `BeyondCode\LaravelWebSockets\WebSockets\Exceptions\UnknownAppKey` thrown: `Could not find app key `de912209133f9ce68433`.`.
Connection id  sending message {"event":"pusher:error","data":{"message":"Could not find app key `de912209133f9ce68433`.","code":4001}}
Connection id  closed.
Exception `ErrorException` thrown: `Undefined property: Ratchet\Server\IoConnection::$app`
New connection opened for app key de912209133f9ce68433.
Exception `BeyondCode\LaravelWebSockets\WebSockets\Exceptions\UnknownAppKey` thrown: `Could not find app key `de912209133f9ce68433`.`
Unknown app id: exception `BeyondCode\LaravelWebSockets\WebSockets\Exceptions\UnknownAppKey` thrown: `Could not find app key `de912209133f9ce68433`.`.
Connection id  sending message {"event":"pusher:error","data":{"message":"Could not find app key `de912209133f9ce68433`.","code":4001}}
Connection id  closed.
Exception `ErrorException` thrown: `Undefined property: Ratchet\Server\IoConnection::$app`
New connection opened for app key de912209133f9ce68433.
Exception `BeyondCode\LaravelWebSockets\WebSockets\Exceptions\UnknownAppKey` thrown: `Could not find app key `de912209133f9ce68433`.`
Unknown app id: exception `BeyondCode\LaravelWebSockets\WebSockets\Exceptions\UnknownAppKey` thrown: `Could not find app key `de912209133f9ce68433`.`.
Connection id  sending message {"event":"pusher:error","data":{"message":"Could not find app key `de912209133f9ce68433`.","code":4001}}
Connection id  closed.
Exception `ErrorException` thrown: `Undefined property: Ratchet\Server\IoConnection::$app`
New connection opened for app key de912209133f9ce68433.
Exception `BeyondCode\LaravelWebSockets\WebSockets\Exceptions\UnknownAppKey` thrown: `Could not find app key `de912209133f9ce68433`.`
Unknown app id: exception `BeyondCode\LaravelWebSockets\WebSockets\Exceptions\UnknownAppKey` thrown: `Could not find app key `de912209133f9ce68433`.`.
Connection id  sending message {"event":"pusher:error","data":{"message":"Could not find app key `de912209133f9ce68433`.","code":4001}}
Connection id  closed.
Exception `ErrorException` thrown: `Undefined property: Ratchet\Server\IoConnection::$app`
New connection opened for app key de912209133f9ce68433.
Exception `BeyondCode\LaravelWebSockets\WebSockets\Exceptions\UnknownAppKey` thrown: `Could not find app key `de912209133f9ce68433`.`
Unknown app id: exception `BeyondCode\LaravelWebSockets\WebSockets\Exceptions\UnknownAppKey` thrown: `Could not find app key `de912209133f9ce68433`.`.
Connection id  sending message {"event":"pusher:error","data":{"message":"Could not find app key `de912209133f9ce68433`.","code":4001}}
Connection id  closed.
Exception `ErrorException` thrown: `Undefined property: Ratchet\Server\IoConnection::$app`
New connection opened for app key de912209133f9ce68433.
Exception `BeyondCode\LaravelWebSockets\WebSockets\Exceptions\UnknownAppKey` thrown: `Could not find app key `de912209133f9ce68433`.`
Unknown app id: exception `BeyondCode\LaravelWebSockets\WebSockets\Exceptions\UnknownAppKey` thrown: `Could not find app key `de912209133f9ce68433`.`.
Connection id  sending message {"event":"pusher:error","data":{"message":"Could not find app key `de912209133f9ce68433`.","code":4001}}
Connection id  closed.
Exception `ErrorException` thrown: `Undefined property: Ratchet\Server\IoConnection::$app`
New connection opened for app key de912209133f9ce68433.
Exception `BeyondCode\LaravelWebSockets\WebSockets\Exceptions\UnknownAppKey` thrown: `Could not find app key `de912209133f9ce68433`.`
Unknown app id: exception `BeyondCode\LaravelWebSockets\WebSockets\Exceptions\UnknownAppKey` thrown: `Could not find app key `de912209133f9ce68433`.`.
Connection id  sending message {"event":"pusher:error","data":{"message":"Could not find app key `de912209133f9ce68433`.","code":4001}}
Connection id  closed.
Exception `ErrorException` thrown: `Undefined property: Ratchet\Server\IoConnection::$app`
New connection opened for app key de912209133f9ce68433.
Exception `BeyondCode\LaravelWebSockets\WebSockets\Exceptions\UnknownAppKey` thrown: `Could not find app key `de912209133f9ce68433`.`
Unknown app id: exception `BeyondCode\LaravelWebSockets\WebSockets\Exceptions\UnknownAppKey` thrown: `Could not find app key `de912209133f9ce68433`.`.
Connection id  sending message {"event":"pusher:error","data":{"message":"Could not find app key `de912209133f9ce68433`.","code":4001}}
Connection id  closed.
Exception `ErrorException` thrown: `Undefined property: Ratchet\Server\IoConnection::$app`
New connection opened for app key de912209133f9ce68433.
Exception `BeyondCode\LaravelWebSockets\WebSockets\Exceptions\UnknownAppKey` thrown: `Could not find app key `de912209133f9ce68433`.`
Unknown app id: exception `BeyondCode\LaravelWebSockets\WebSockets\Exceptions\UnknownAppKey` thrown: `Could not find app key `de912209133f9ce68433`.`.
Connection id  sending message {"event":"pusher:error","data":{"message":"Could not find app key `de912209133f9ce68433`.","code":4001}}
Connection id  closed.
Exception `ErrorException` thrown: `Undefined property: Ratchet\Server\IoConnection::$app`
New connection opened for app key de912209133f9ce68433.
Exception `BeyondCode\LaravelWebSockets\WebSockets\Exceptions\UnknownAppKey` thrown: `Could not find app key `de912209133f9ce68433`.`
Unknown app id: exception `BeyondCode\LaravelWebSockets\WebSockets\Exceptions\UnknownAppKey` thrown: `Could not find app key `de912209133f9ce68433`.`.
Connection id  sending message {"event":"pusher:error","data":{"message":"Could not find app key `de912209133f9ce68433`.","code":4001}}
Connection id  closed.
Exception `ErrorException` thrown: `Undefined property: Ratchet\Server\IoConnection::$app`
New connection opened for app key de912209133f9ce68433.
Exception `BeyondCode\LaravelWebSockets\WebSockets\Exceptions\UnknownAppKey` thrown: `Could not find app key `de912209133f9ce68433`.`
Unknown app id: exception `BeyondCode\LaravelWebSockets\WebSockets\Exceptions\UnknownAppKey` thrown: `Could not find app key `de912209133f9ce68433`.`.
Connection id  sending message {"event":"pusher:error","data":{"message":"Could not find app key `de912209133f9ce68433`.","code":4001}}
Connection id  closed.
Exception `ErrorException` thrown: `Undefined property: Ratchet\Server\IoConnection::$app`
New connection opened for app key de912209133f9ce68433.
Exception `BeyondCode\LaravelWebSockets\WebSockets\Exceptions\UnknownAppKey` thrown: `Could not find app key `de912209133f9ce68433`.`
Unknown app id: exception `BeyondCode\LaravelWebSockets\WebSockets\Exceptions\UnknownAppKey` thrown: `Could not find app key `de912209133f9ce68433`.`.
Connection id  sending message {"event":"pusher:error","data":{"message":"Could not find app key `de912209133f9ce68433`.","code":4001}}
Connection id  closed.
Exception `ErrorException` thrown: `Undefined property: Ratchet\Server\IoConnection::$app`
New connection opened for app key de912209133f9ce68433.
Exception `BeyondCode\LaravelWebSockets\WebSockets\Exceptions\UnknownAppKey` thrown: `Could not find app key `de912209133f9ce68433`.`
Unknown app id: exception `BeyondCode\LaravelWebSockets\WebSockets\Exceptions\UnknownAppKey` thrown: `Could not find app key `de912209133f9ce68433`.`.
Connection id  sending message {"event":"pusher:error","data":{"message":"Could not find app key `de912209133f9ce68433`.","code":4001}}
Connection id  closed.
Exception `ErrorException` thrown: `Undefined property: Ratchet\Server\IoConnection::$app`
New connection opened for app key de912209133f9ce68433.
Exception `BeyondCode\LaravelWebSockets\WebSockets\Exceptions\UnknownAppKey` thrown: `Could not find app key `de912209133f9ce68433`.`
Unknown app id: exception `BeyondCode\LaravelWebSockets\WebSockets\Exceptions\UnknownAppKey` thrown: `Could not find app key `de912209133f9ce68433`.`.
Connection id  sending message {"event":"pusher:error","data":{"message":"Could not find app key `de912209133f9ce68433`.","code":4001}}
Connection id  closed.
Exception `ErrorException` thrown: `Undefined property: Ratchet\Server\IoConnection::$app`
New connection opened for app key de912209133f9ce68433.
Exception `BeyondCode\LaravelWebSockets\WebSockets\Exceptions\UnknownAppKey` thrown: `Could not find app key `de912209133f9ce68433`.`
Unknown app id: exception `BeyondCode\LaravelWebSockets\WebSockets\Exceptions\UnknownAppKey` thrown: `Could not find app key `de912209133f9ce68433`.`.
Connection id  sending message {"event":"pusher:error","data":{"message":"Could not find app key `de912209133f9ce68433`.","code":4001}}
Connection id  closed.
Exception `ErrorException` thrown: `Undefined property: Ratchet\Server\IoConnection::$app`
New connection opened for app key de912209133f9ce68433.
Exception `BeyondCode\LaravelWebSockets\WebSockets\Exceptions\UnknownAppKey` thrown: `Could not find app key `de912209133f9ce68433`.`
Unknown app id: exception `BeyondCode\LaravelWebSockets\WebSockets\Exceptions\UnknownAppKey` thrown: `Could not find app key `de912209133f9ce68433`.`.
Connection id  sending message {"event":"pusher:error","data":{"message":"Could not find app key `de912209133f9ce68433`.","code":4001}}
Connection id  closed.
Exception `ErrorException` thrown: `Undefined property: Ratchet\Server\IoConnection::$app`
New connection opened for app key de912209133f9ce68433.
Exception `BeyondCode\LaravelWebSockets\WebSockets\Exceptions\UnknownAppKey` thrown: `Could not find app key `de912209133f9ce68433`.`
Unknown app id: exception `BeyondCode\LaravelWebSockets\WebSockets\Exceptions\UnknownAppKey` thrown: `Could not find app key `de912209133f9ce68433`.`.
Connection id  sending message {"event":"pusher:error","data":{"message":"Could not find app key `de912209133f9ce68433`.","code":4001}}
Connection id  closed.
Exception `ErrorException` thrown: `Undefined property: Ratchet\Server\IoConnection::$app`
New connection opened for app key de912209133f9ce68433.
Exception `BeyondCode\LaravelWebSockets\WebSockets\Exceptions\UnknownAppKey` thrown: `Could not find app key `de912209133f9ce68433`.`
Unknown app id: exception `BeyondCode\LaravelWebSockets\WebSockets\Exceptions\UnknownAppKey` thrown: `Could not find app key `de912209133f9ce68433`.`.
Connection id  sending message {"event":"pusher:error","data":{"message":"Could not find app key `de912209133f9ce68433`.","code":4001}}
Connection id  closed.
Exception `ErrorException` thrown: `Undefined property: Ratchet\Server\IoConnection::$app`
New connection opened for app key de912209133f9ce68433.
Exception `BeyondCode\LaravelWebSockets\WebSockets\Exceptions\UnknownAppKey` thrown: `Could not find app key `de912209133f9ce68433`.`
Unknown app id: exception `BeyondCode\LaravelWebSockets\WebSockets\Exceptions\UnknownAppKey` thrown: `Could not find app key `de912209133f9ce68433`.`.
Connection id  sending message {"event":"pusher:error","data":{"message":"Could not find app key `de912209133f9ce68433`.","code":4001}}
Connection id  closed.
Exception `ErrorException` thrown: `Undefined property: Ratchet\Server\IoConnection::$app`
New connection opened for app key de912209133f9ce68433.
Exception `BeyondCode\LaravelWebSockets\WebSockets\Exceptions\UnknownAppKey` thrown: `Could not find app key `de912209133f9ce68433`.`
Unknown app id: exception `BeyondCode\LaravelWebSockets\WebSockets\Exceptions\UnknownAppKey` thrown: `Could not find app key `de912209133f9ce68433`.`.
Connection id  sending message {"event":"pusher:error","data":{"message":"Could not find app key `de912209133f9ce68433`.","code":4001}}
Connection id  closed.
Exception `ErrorException` thrown: `Undefined property: Ratchet\Server\IoConnection::$app`
New connection opened for app key de912209133f9ce68433.
Exception `BeyondCode\LaravelWebSockets\WebSockets\Exceptions\UnknownAppKey` thrown: `Could not find app key `de912209133f9ce68433`.`
Unknown app id: exception `BeyondCode\LaravelWebSockets\WebSockets\Exceptions\UnknownAppKey` thrown: `Could not find app key `de912209133f9ce68433`.`.
Connection id  sending message {"event":"pusher:error","data":{"message":"Could not find app key `de912209133f9ce68433`.","code":4001}}
Connection id  closed.
Exception `ErrorException` thrown: `Undefined property: Ratchet\Server\IoConnection::$app`
New connection opened for app key de912209133f9ce68433.
Exception `BeyondCode\LaravelWebSockets\WebSockets\Exceptions\UnknownAppKey` thrown: `Could not find app key `de912209133f9ce68433`.`
Unknown app id: exception `BeyondCode\LaravelWebSockets\WebSockets\Exceptions\UnknownAppKey` thrown: `Could not find app key `de912209133f9ce68433`.`.
Connection id  sending message {"event":"pusher:error","data":{"message":"Could not find app key `de912209133f9ce68433`.","code":4001}}
Connection id  closed.
Exception `ErrorException` thrown: `Undefined property: Ratchet\Server\IoConnection::$app`
New connection opened for app key de912209133f9ce68433.
Exception `BeyondCode\LaravelWebSockets\WebSockets\Exceptions\UnknownAppKey` thrown: `Could not find app key `de912209133f9ce68433`.`
Unknown app id: exception `BeyondCode\LaravelWebSockets\WebSockets\Exceptions\UnknownAppKey` thrown: `Could not find app key `de912209133f9ce68433`.`.
Connection id  sending message {"event":"pusher:error","data":{"message":"Could not find app key `de912209133f9ce68433`.","code":4001}}
Connection id  closed.
Exception `ErrorException` thrown: `Undefined property: Ratchet\Server\IoConnection::$app`
New connection opened for app key de912209133f9ce68433.
Exception `BeyondCode\LaravelWebSockets\WebSockets\Exceptions\UnknownAppKey` thrown: `Could not find app key `de912209133f9ce68433`.`
Unknown app id: exception `BeyondCode\LaravelWebSockets\WebSockets\Exceptions\UnknownAppKey` thrown: `Could not find app key `de912209133f9ce68433`.`.
Connection id  sending message {"event":"pusher:error","data":{"message":"Could not find app key `de912209133f9ce68433`.","code":4001}}
Connection id  closed.
Exception `ErrorException` thrown: `Undefined property: Ratchet\Server\IoConnection::$app`
New connection opened for app key de912209133f9ce68433.
Exception `BeyondCode\LaravelWebSockets\WebSockets\Exceptions\UnknownAppKey` thrown: `Could not find app key `de912209133f9ce68433`.`
Unknown app id: exception `BeyondCode\LaravelWebSockets\WebSockets\Exceptions\UnknownAppKey` thrown: `Could not find app key `de912209133f9ce68433`.`.
Connection id  sending message {"event":"pusher:error","data":{"message":"Could not find app key `de912209133f9ce68433`.","code":4001}}
Connection id  closed.
Exception `ErrorException` thrown: `Undefined property: Ratchet\Server\IoConnection::$app`
New connection opened for app key de912209133f9ce68433.
Exception `BeyondCode\LaravelWebSockets\WebSockets\Exceptions\UnknownAppKey` thrown: `Could not find app key `de912209133f9ce68433`.`
Unknown app id: exception `BeyondCode\LaravelWebSockets\WebSockets\Exceptions\UnknownAppKey` thrown: `Could not find app key `de912209133f9ce68433`.`.
Connection id  sending message {"event":"pusher:error","data":{"message":"Could not find app key `de912209133f9ce68433`.","code":4001}}
Connection id  closed.
Exception `ErrorException` thrown: `Undefined property: Ratchet\Server\IoConnection::$app`
New connection opened for app key de912209133f9ce68433.
Exception `BeyondCode\LaravelWebSockets\WebSockets\Exceptions\UnknownAppKey` thrown: `Could not find app key `de912209133f9ce68433`.`
Unknown app id: exception `BeyondCode\LaravelWebSockets\WebSockets\Exceptions\UnknownAppKey` thrown: `Could not find app key `de912209133f9ce68433`.`.
Connection id  sending message {"event":"pusher:error","data":{"message":"Could not find app key `de912209133f9ce68433`.","code":4001}}
Connection id  closed.
Exception `ErrorException` thrown: `Undefined property: Ratchet\Server\IoConnection::$app`
New connection opened for app key de912209133f9ce68433.
Exception `BeyondCode\LaravelWebSockets\WebSockets\Exceptions\UnknownAppKey` thrown: `Could not find app key `de912209133f9ce68433`.`
Unknown app id: exception `BeyondCode\LaravelWebSockets\WebSockets\Exceptions\UnknownAppKey` thrown: `Could not find app key `de912209133f9ce68433`.`.
Connection id  sending message {"event":"pusher:error","data":{"message":"Could not find app key `de912209133f9ce68433`.","code":4001}}
Connection id  closed.
Exception `ErrorException` thrown: `Undefined property: Ratchet\Server\IoConnection::$app`
New connection opened for app key de912209133f9ce68433.
Exception `BeyondCode\LaravelWebSockets\WebSockets\Exceptions\UnknownAppKey` thrown: `Could not find app key `de912209133f9ce68433`.`
Unknown app id: exception `BeyondCode\LaravelWebSockets\WebSockets\Exceptions\UnknownAppKey` thrown: `Could not find app key `de912209133f9ce68433`.`.
Connection id  sending message {"event":"pusher:error","data":{"message":"Could not find app key `de912209133f9ce68433`.","code":4001}}
Connection id  closed.
Exception `ErrorException` thrown: `Undefined property: Ratchet\Server\IoConnection::$app`
New connection opened for app key de912209133f9ce68433.
Exception `BeyondCode\LaravelWebSockets\WebSockets\Exceptions\UnknownAppKey` thrown: `Could not find app key `de912209133f9ce68433`.`
Unknown app id: exception `BeyondCode\LaravelWebSockets\WebSockets\Exceptions\UnknownAppKey` thrown: `Could not find app key `de912209133f9ce68433`.`.
Connection id  sending message {"event":"pusher:error","data":{"message":"Could not find app key `de912209133f9ce68433`.","code":4001}}
Connection id  closed.
Exception `ErrorException` thrown: `Undefined property: Ratchet\Server\IoConnection::$app`
New connection opened for app key de912209133f9ce68433.
Exception `BeyondCode\LaravelWebSockets\WebSockets\Exceptions\UnknownAppKey` thrown: `Could not find app key `de912209133f9ce68433`.`
Unknown app id: exception `BeyondCode\LaravelWebSockets\WebSockets\Exceptions\UnknownAppKey` thrown: `Could not find app key `de912209133f9ce68433`.`.
Connection id  sending message {"event":"pusher:error","data":{"message":"Could not find app key `de912209133f9ce68433`.","code":4001}}
Connection id  closed.
Exception `ErrorException` thrown: `Undefined property: Ratchet\Server\IoConnection::$app`
Exception `InvalidArgumentException` thrown: `Invalid request string`
Exception `InvalidArgumentException` thrown: `Invalid request string`
New connection opened for app key de912209133f9ce68433.
Exception `BeyondCode\LaravelWebSockets\WebSockets\Exceptions\UnknownAppKey` thrown: `Could not find app key `de912209133f9ce68433`.`
Unknown app id: exception `BeyondCode\LaravelWebSockets\WebSockets\Exceptions\UnknownAppKey` thrown: `Could not find app key `de912209133f9ce68433`.`.
Connection id  sending message {"event":"pusher:error","data":{"message":"Could not find app key `de912209133f9ce68433`.","code":4001}}
Connection id  closed.
Exception `ErrorException` thrown: `Undefined property: Ratchet\Server\IoConnection::$app`
New connection opened for app key de912209133f9ce68433.
Exception `BeyondCode\LaravelWebSockets\WebSockets\Exceptions\UnknownAppKey` thrown: `Could not find app key `de912209133f9ce68433`.`
Unknown app id: exception `BeyondCode\LaravelWebSockets\WebSockets\Exceptions\UnknownAppKey` thrown: `Could not find app key `de912209133f9ce68433`.`.
Connection id  sending message {"event":"pusher:error","data":{"message":"Could not find app key `de912209133f9ce68433`.","code":4001}}
Connection id  closed.
Exception `ErrorException` thrown: `Undefined property: Ratchet\Server\IoConnection::$app`
New connection opened for app key de912209133f9ce68433.
Exception `BeyondCode\LaravelWebSockets\WebSockets\Exceptions\UnknownAppKey` thrown: `Could not find app key `de912209133f9ce68433`.`
Unknown app id: exception `BeyondCode\LaravelWebSockets\WebSockets\Exceptions\UnknownAppKey` thrown: `Could not find app key `de912209133f9ce68433`.`.
Connection id  sending message {"event":"pusher:error","data":{"message":"Could not find app key `de912209133f9ce68433`.","code":4001}}
Connection id  closed.
Exception `ErrorException` thrown: `Undefined property: Ratchet\Server\IoConnection::$app`
New connection opened for app key de912209133f9ce68433.
Exception `BeyondCode\LaravelWebSockets\WebSockets\Exceptions\UnknownAppKey` thrown: `Could not find app key `de912209133f9ce68433`.`
Unknown app id: exception `BeyondCode\LaravelWebSockets\WebSockets\Exceptions\UnknownAppKey` thrown: `Could not find app key `de912209133f9ce68433`.`.
Connection id  sending message {"event":"pusher:error","data":{"message":"Could not find app key `de912209133f9ce68433`.","code":4001}}
Connection id  closed.
Exception `ErrorException` thrown: `Undefined property: Ratchet\Server\IoConnection::$app`
New connection opened for app key de912209133f9ce68433.
Exception `BeyondCode\LaravelWebSockets\WebSockets\Exceptions\UnknownAppKey` thrown: `Could not find app key `de912209133f9ce68433`.`
Unknown app id: exception `BeyondCode\LaravelWebSockets\WebSockets\Exceptions\UnknownAppKey` thrown: `Could not find app key `de912209133f9ce68433`.`.
Connection id  sending message {"event":"pusher:error","data":{"message":"Could not find app key `de912209133f9ce68433`.","code":4001}}
Connection id  closed.
Exception `ErrorException` thrown: `Undefined property: Ratchet\Server\IoConnection::$app`
New connection opened for app key de912209133f9ce68433.
Exception `BeyondCode\LaravelWebSockets\WebSockets\Exceptions\UnknownAppKey` thrown: `Could not find app key `de912209133f9ce68433`.`
Unknown app id: exception `BeyondCode\LaravelWebSockets\WebSockets\Exceptions\UnknownAppKey` thrown: `Could not find app key `de912209133f9ce68433`.`.
Connection id  sending message {"event":"pusher:error","data":{"message":"Could not find app key `de912209133f9ce68433`.","code":4001}}
Connection id  closed.
Exception `ErrorException` thrown: `Undefined property: Ratchet\Server\IoConnection::$app`
